"manifest_id","version","name","path","size","sha256_raw","sha256_lf_normalized","origin","local_relation","classification","remote_statement_evidence"
"953681023d3ed4f24c5d0c74c43aecbba2095e3d927ced3363887279e7a2b4f8","20260623191021","superadmin_foundation_v1","packages/coelo_database/migrations/20260623191021_superadmin_foundation_v1.sql","43310","1ec51807d2a1f0bbd5cdf7ad11c7ec6d3089cd613319a5954f4d912f45c4edf3","f862ab4f73f2cf0844dc421eab08fa193d3aecb8abcb36d5975f170e96b6e4c0","canonical","eol-equivalent","remote-version+head-present",
"953681023d3ed4f24c5d0c74c43aecbba2095e3d927ced3363887279e7a2b4f8","20260623191021","superadmin_foundation_v1","recovery://Coelo-recovery-20260827-153001-final-residue/mirror-before-reconcile/20260623191021_superadmin_foundation_v1.sql","42282","f862ab4f73f2cf0844dc421eab08fa193d3aecb8abcb36d5975f170e96b6e4c0","f862ab4f73f2cf0844dc421eab08fa193d3aecb8abcb36d5975f170e96b6e4c0","recovery","eol-equivalent","remote-version+head-present",
"953681023d3ed4f24c5d0c74c43aecbba2095e3d927ced3363887279e7a2b4f8","20260623191021","superadmin_foundation_v1","remote://supabase_migrations/schema_migrations/20260623191021",,,,"remote-ledger","eol-equivalent","remote-version+head-present",
"953681023d3ed4f24c5d0c74c43aecbba2095e3d927ced3363887279e7a2b4f8","20260623203230","schema_boundaries_catalog_v1","packages/coelo_database/migrations/20260623203230_schema_boundaries_catalog_v1.sql","17976","a8985d8a1fd005c9de23ea08c8da916703c908dc891141599445bf3d0f86d1be","2c48032576eb5fc86d3a41cba5e91c2762b331f0ae87d10687d5c6415f2842d6","canonical","eol-equivalent","remote-version+head-present",
"953681023d3ed4f24c5d0c74c43aecbba2095e3d927ced3363887279e7a2b4f8","20260623203230","schema_boundaries_catalog_v1","recovery://Coelo-recovery-20260827-153001-final-residue/mirror-before-reconcile/20260623203230_schema_boundaries_catalog_v1.sql","17632","2c48032576eb5fc86d3a41cba5e91c2762b331f0ae87d10687d5c6415f2842d6","2c48032576eb5fc86d3a41cba5e91c2762b331f0ae87d10687d5c6415f2842d6","recovery","eol-equivalent","remote-version+head-present",
"953681023d3ed4f24c5d0c74c43aecbba2095e3d927ced3363887279e7a2b4f8","20260623203230","schema_boundaries_catalog_v1","remote://supabase_migrations/schema_migrations/20260623203230",,,,"remote-ledger","eol-equivalent","remote-version+head-present",
"953681023d3ed4f24c5d0c74c43aecbba2095e3d927ced3363887279e7a2b4f8","20260717151609","institution_directory_foundation","packages/coelo_database/migrations/20260717151609_institution_directory_foundation.sql","12236","c64e43c80f5994f99e66455f5a0572d18d99ecf7731eedfaebb423619ff849f5","cbfc4e0feaaa933855c9390ba7b19bb11f6dc1f83e59e61b44670633ef9b8a4e","canonical","eol-equivalent","remote-version+head-present",
"953681023d3ed4f24c5d0c74c43aecbba2095e3d927ced3363887279e7a2b4f8","20260717151609","institution_directory_foundation","recovery://Coelo-recovery-20260827-153001-final-residue/mirror-before-reconcile/20260717151609_institution_directory_foundation.sql","11922","cbfc4e0feaaa933855c9390ba7b19bb11f6dc1f83e59e61b44670633ef9b8a4e","cbfc4e0feaaa933855c9390ba7b19bb11f6dc1f83e59e61b44670633ef9b8a4e","recovery","eol-equivalent","remote-version+head-present",
"953681023d3ed4f24c5d0c74c43aecbba2095e3d927ced3363887279e7a2b4f8","20260717151609","institution_directory_foundation","remote://supabase_migrations/schema_migrations/20260717151609",,,,"remote-ledger","eol-equivalent","remote-version+head-present",
"953681023d3ed4f24c5d0c74c43aecbba2095e3d927ced3363887279e7a2b4f8","20260720103023","institution_contact_directory_refinement","packages/coelo_database/migrations/20260720103023_institution_contact_directory_refinement.sql","9376","971f61cdcdbba5fcb077d323d823b76ba7d3c7b56fc3f1da97fc9eebef993716","43794cf0e457aa5e9112f0369a78acf8d34d7f1a2b67f89eab9f75b9e1330d53","canonical","eol-equivalent","remote-version+head-present",
"953681023d3ed4f24c5d0c74c43aecbba2095e3d927ced3363887279e7a2b4f8","20260720103023","institution_contact_directory_refinement","recovery://Coelo-recovery-20260827-153001-final-residue/mirror-before-reconcile/20260720103023_institution_contact_directory_refinement.sql","9079","43794cf0e457aa5e9112f0369a78acf8d34d7f1a2b67f89eab9f75b9e1330d53","43794cf0e457aa5e9112f0369a78acf8d34d7f1a2b67f89eab9f75b9e1330d53","recovery","eol-equivalent","remote-version+head-present",
"953681023d3ed4f24c5d0c74c43aecbba2095e3d927ced3363887279e7a2b4f8","20260720103023","institution_contact_directory_refinement","remote://supabase_migrations/schema_migrations/20260720103023",,,,"remote-ledger","eol-equivalent","remote-version+head-present",
"953681023d3ed4f24c5d0c74c43aecbba2095e3d927ced3363887279e7a2b4f8","20260720180000","people_context_foundation","packages/coelo_database/migrations/20260720180000_people_context_foundation.sql","29925","b2d6ee36c1b75961c057230ff8879bb7979ce417aab0d9662f028c22471b300d","55be4e1899362a6d803fb306459319db2fab1f37ba1e66df8d3e4e5586bf79bf","canonical","eol-equivalent","remote-version+head-present",
"953681023d3ed4f24c5d0c74c43aecbba2095e3d927ced3363887279e7a2b4f8","20260720180000","people_context_foundation","recovery://Coelo-recovery-20260827-153001-final-residue/mirror-before-reconcile/20260720180000_people_context_foundation.sql","29167","55be4e1899362a6d803fb306459319db2fab1f37ba1e66df8d3e4e5586bf79bf","55be4e1899362a6d803fb306459319db2fab1f37ba1e66df8d3e4e5586bf79bf","recovery","eol-equivalent","remote-version+head-present",
"953681023d3ed4f24c5d0c74c43aecbba2095e3d927ced3363887279e7a2b4f8","20260720180000","people_context_foundation","remote://supabase_migrations/schema_migrations/20260720180000",,,,"remote-ledger","eol-equivalent","remote-version+head-present",
"953681023d3ed4f24c5d0c74c43aecbba2095e3d927ced3363887279e7a2b4f8","20260720190000","people_context_advisor_hardening","packages/coelo_database/migrations/20260720190000_people_context_advisor_hardening.sql","1705","916696126dddd0b64aa4d8fcf484c8fe26b7191c48f990e7c51a5cdbbcdf893a","d8acf9e53b64da343f04a79916f46e7097554fbb65d4d7fc8340f06119fdbd3d","canonical","eol-equivalent","remote-version+head-present",
"953681023d3ed4f24c5d0c74c43aecbba2095e3d927ced3363887279e7a2b4f8","20260720190000","people_context_advisor_hardening","recovery://Coelo-recovery-20260827-153001-final-residue/mirror-before-reconcile/20260720190000_people_context_advisor_hardening.sql","1661","d8acf9e53b64da343f04a79916f46e7097554fbb65d4d7fc8340f06119fdbd3d","d8acf9e53b64da343f04a79916f46e7097554fbb65d4d7fc8340f06119fdbd3d","recovery","eol-equivalent","remote-version+head-present",
"953681023d3ed4f24c5d0c74c43aecbba2095e3d927ced3363887279e7a2b4f8","20260720190000","people_context_advisor_hardening","remote://supabase_migrations/schema_migrations/20260720190000",,,,"remote-ledger","eol-equivalent","remote-version+head-present",
"953681023d3ed4f24c5d0c74c43aecbba2095e3d927ced3363887279e7a2b4f8","20260724120307","contextual_activities_foundation","packages/coelo_database/migrations/20260724120307_contextual_activities_foundation.sql","60783","6625f904248ab5a36e7d665616bd5b2cab74dd31279442e0493968ea08eb5fd9","3583af857bf956ddc0193423e471680ba100c0fdf4f06964457903d2eaee9d91","canonical","eol-equivalent","remote-version+head-present",
"953681023d3ed4f24c5d0c74c43aecbba2095e3d927ced3363887279e7a2b4f8","20260724120307","contextual_activities_foundation","recovery://Coelo-recovery-20260827-153001-final-residue/mirror-before-reconcile/20260724120307_contextual_activities_foundation.sql","58981","3583af857bf956ddc0193423e471680ba100c0fdf4f06964457903d2eaee9d91","3583af857bf956ddc0193423e471680ba100c0fdf4f06964457903d2eaee9d91","recovery","eol-equivalent","remote-version+head-present",
"953681023d3ed4f24c5d0c74c43aecbba2095e3d927ced3363887279e7a2b4f8","20260724120307","contextual_activities_foundation","remote://supabase_migrations/schema_migrations/20260724120307",,,,"remote-ledger","eol-equivalent","remote-version+head-present",
"953681023d3ed4f24c5d0c74c43aecbba2095e3d927ced3363887279e7a2b4f8","20260724122545","contextual_activities_fk_index_hardening","packages/coelo_database/migrations/20260724122545_contextual_activities_fk_index_hardening.sql","1336","fecec02870b5462b49001afbe5aea737ae439bef76d493ee339bf78cf3747771","64e02fe2c95b8a803162707887307d7ae73a51cafc377fb888b6dc23d564e00d","canonical","eol-equivalent","remote-version+head-present",
"953681023d3ed4f24c5d0c74c43aecbba2095e3d927ced3363887279e7a2b4f8","20260724122545","contextual_activities_fk_index_hardening","recovery://Coelo-recovery-20260827-153001-final-residue/mirror-before-reconcile/20260724122545_contextual_activities_fk_index_hardening.sql","1307","64e02fe2c95b8a803162707887307d7ae73a51cafc377fb888b6dc23d564e00d","64e02fe2c95b8a803162707887307d7ae73a51cafc377fb888b6dc23d564e00d","recovery","eol-equivalent","remote-version+head-present",
"953681023d3ed4f24c5d0c74c43aecbba2095e3d927ced3363887279e7a2b4f8","20260724122545","contextual_activities_fk_index_hardening","remote://supabase_migrations/schema_migrations/20260724122545",,,,"remote-ledger","eol-equivalent","remote-version+head-present",
"953681023d3ed4f24c5d0c74c43aecbba2095e3d927ced3363887279e7a2b4f8","20260724152628","contextual_authorization_core","packages/coelo_database/migrations/20260724152628_contextual_authorization_core.sql","21718","bcdc37b5ceda56ecbe3d71f9c30a59f3d48c1a878519da45ca37c2245d467795","9cfacd304de6ed66a7804ddf868d817f40f8ea96b58f8bbaf537d3d9c7a90e1d","canonical","eol-equivalent","remote-version+head-present",
"953681023d3ed4f24c5d0c74c43aecbba2095e3d927ced3363887279e7a2b4f8","20260724152628","contextual_authorization_core","recovery://Coelo-recovery-20260827-153001-final-residue/mirror-before-reconcile/20260724152628_contextual_authorization_core.sql","21186","9cfacd304de6ed66a7804ddf868d817f40f8ea96b58f8bbaf537d3d9c7a90e1d","9cfacd304de6ed66a7804ddf868d817f40f8ea96b58f8bbaf537d3d9c7a90e1d","recovery","eol-equivalent","remote-version+head-present",
"953681023d3ed4f24c5d0c74c43aecbba2095e3d927ced3363887279e7a2b4f8","20260724152628","contextual_authorization_core","remote://supabase_migrations/schema_migrations/20260724152628",,,,"remote-ledger","eol-equivalent","remote-version+head-present",
"953681023d3ed4f24c5d0c74c43aecbba2095e3d927ced3363887279e7a2b4f8","20260724152707","family_authorizations_and_transfers","packages/coelo_database/migrations/20260724152707_family_authorizations_and_transfers.sql","43123","36168d2c22d9d2d08c433d26fc9e10164f6cc3da8b38bdc916ec443655040f8f","078aedc27c1426936d6f1087a53d375e23e6254eedf3956a47392c149dbfaf0f","canonical","eol-equivalent","remote-version+head-present",
"953681023d3ed4f24c5d0c74c43aecbba2095e3d927ced3363887279e7a2b4f8","20260724152707","family_authorizations_and_transfers","recovery://Coelo-recovery-20260827-153001-final-residue/mirror-before-reconcile/20260724152707_family_authorizations_and_transfers.sql","42162","078aedc27c1426936d6f1087a53d375e23e6254eedf3956a47392c149dbfaf0f","078aedc27c1426936d6f1087a53d375e23e6254eedf3956a47392c149dbfaf0f","recovery","eol-equivalent","remote-version+head-present",
"953681023d3ed4f24c5d0c74c43aecbba2095e3d927ced3363887279e7a2b4f8","20260724152707","family_authorizations_and_transfers","remote://supabase_migrations/schema_migrations/20260724152707",,,,"remote-ledger","eol-equivalent","remote-version+head-present",
"953681023d3ed4f24c5d0c74c43aecbba2095e3d927ced3363887279e7a2b4f8","20260724152713","activity_governance_and_participation","packages/coelo_database/migrations/20260724152713_activity_governance_and_participation.sql","18255","29d3682bfe4875557ad3c2b1a69d1dc92d076a46a709f8f161bcede2d8fead6c","659021b8d03feb633b5a121740375a672e8a56abd1d0254ef4f8ed622f8c3a78","canonical","eol-equivalent","remote-version+head-present",
"953681023d3ed4f24c5d0c74c43aecbba2095e3d927ced3363887279e7a2b4f8","20260724152713","activity_governance_and_participation","recovery://Coelo-recovery-20260827-153001-final-residue/mirror-before-reconcile/20260724152713_activity_governance_and_participation.sql","17826","659021b8d03feb633b5a121740375a672e8a56abd1d0254ef4f8ed622f8c3a78","659021b8d03feb633b5a121740375a672e8a56abd1d0254ef4f8ed622f8c3a78","recovery","eol-equivalent","remote-version+head-present",
"953681023d3ed4f24c5d0c74c43aecbba2095e3d927ced3363887279e7a2b4f8","20260724152713","activity_governance_and_participation","remote://supabase_migrations/schema_migrations/20260724152713",,,,"remote-ledger","eol-equivalent","remote-version+head-present",
"953681023d3ed4f24c5d0c74c43aecbba2095e3d927ced3363887279e7a2b4f8","20260724152722","contextual_chat_foundation","packages/coelo_database/migrations/20260724152722_contextual_chat_foundation.sql","23404","d85b1b1efa3a2690800cb0ee2e1f77509b45b76a67152e1d20dfa3c36908a117","a0f0c0375ce21049e4ccee1e8005b719e1b3fe280c237c8a0bdc79d3f9a18e30","canonical","eol-equivalent","remote-version+head-present",
"953681023d3ed4f24c5d0c74c43aecbba2095e3d927ced3363887279e7a2b4f8","20260724152722","contextual_chat_foundation","recovery://Coelo-recovery-20260827-153001-final-residue/mirror-before-reconcile/20260724152722_contextual_chat_foundation.sql","22886","a0f0c0375ce21049e4ccee1e8005b719e1b3fe280c237c8a0bdc79d3f9a18e30","a0f0c0375ce21049e4ccee1e8005b719e1b3fe280c237c8a0bdc79d3f9a18e30","recovery","eol-equivalent","remote-version+head-present",
"953681023d3ed4f24c5d0c74c43aecbba2095e3d927ced3363887279e7a2b4f8","20260724152722","contextual_chat_foundation","remote://supabase_migrations/schema_migrations/20260724152722",,,,"remote-ledger","eol-equivalent","remote-version+head-present",
"953681023d3ed4f24c5d0c74c43aecbba2095e3d927ced3363887279e7a2b4f8","20260724152731","attendance_assiduity_foundation","packages/coelo_database/migrations/20260724152731_attendance_assiduity_foundation.sql","33208","d8f99e587330eb4ec8f30525097a25667cc593b0cb03722dc89b1cdf47269ae6","031548dba15ffd3124ef397814c246bf9d39fdd723fc0d5c4e1b5090df87a5c0","canonical","eol-equivalent","remote-version+head-present",
"953681023d3ed4f24c5d0c74c43aecbba2095e3d927ced3363887279e7a2b4f8","20260724152731","attendance_assiduity_foundation","recovery://Coelo-recovery-20260827-153001-final-residue/mirror-before-reconcile/20260724152731_attendance_assiduity_foundation.sql","32473","031548dba15ffd3124ef397814c246bf9d39fdd723fc0d5c4e1b5090df87a5c0","031548dba15ffd3124ef397814c246bf9d39fdd723fc0d5c4e1b5090df87a5c0","recovery","eol-equivalent","remote-version+head-present",
"953681023d3ed4f24c5d0c74c43aecbba2095e3d927ced3363887279e7a2b4f8","20260724152731","attendance_assiduity_foundation","remote://supabase_migrations/schema_migrations/20260724152731",,,,"remote-ledger","eol-equivalent","remote-version+head-present",
"953681023d3ed4f24c5d0c74c43aecbba2095e3d927ced3363887279e7a2b4f8","20260724161334","contextual_domains_compatibility_hardening","packages/coelo_database/migrations/20260724161334_contextual_domains_compatibility_hardening.sql","1743","9d73e2abf73c76fd1c20573d8423b297e885ce670570604f65ec6905cae0b4e7","4a9897635f1bd87a7d091644026b5a01143ffe49e6ef00ff296bf956cfeeaff6","canonical","eol-equivalent","remote-version+head-present",
"953681023d3ed4f24c5d0c74c43aecbba2095e3d927ced3363887279e7a2b4f8","20260724161334","contextual_domains_compatibility_hardening","recovery://Coelo-recovery-20260827-153001-final-residue/mirror-before-reconcile/20260724161334_contextual_domains_compatibility_hardening.sql","1690","4a9897635f1bd87a7d091644026b5a01143ffe49e6ef00ff296bf956cfeeaff6","4a9897635f1bd87a7d091644026b5a01143ffe49e6ef00ff296bf956cfeeaff6","recovery","eol-equivalent","remote-version+head-present",
"953681023d3ed4f24c5d0c74c43aecbba2095e3d927ced3363887279e7a2b4f8","20260724161334","contextual_domains_compatibility_hardening","remote://supabase_migrations/schema_migrations/20260724161334",,,,"remote-ledger","eol-equivalent","remote-version+head-present",
"953681023d3ed4f24c5d0c74c43aecbba2095e3d927ced3363887279e7a2b4f8","20260724161706","contextual_domains_advisor_hardening","packages/coelo_database/migrations/20260724161706_contextual_domains_advisor_hardening.sql","11245","5621569f754a28c855386bf8a346a02e2d51fbc49feb4f75558944444102421d","202f32c0366ba6b2deab78c2506d18367c30bf303c81625c60da56ecebcf48e7","canonical","eol-equivalent","remote-version+head-present",
"953681023d3ed4f24c5d0c74c43aecbba2095e3d927ced3363887279e7a2b4f8","20260724161706","contextual_domains_advisor_hardening","recovery://Coelo-recovery-20260827-153001-final-residue/mirror-before-reconcile/20260724161706_contextual_domains_advisor_hardening.sql","10989","202f32c0366ba6b2deab78c2506d18367c30bf303c81625c60da56ecebcf48e7","202f32c0366ba6b2deab78c2506d18367c30bf303c81625c60da56ecebcf48e7","recovery","eol-equivalent","remote-version+head-present",
"953681023d3ed4f24c5d0c74c43aecbba2095e3d927ced3363887279e7a2b4f8","20260724161706","contextual_domains_advisor_hardening","remote://supabase_migrations/schema_migrations/20260724161706",,,,"remote-ledger","eol-equivalent","remote-version+head-present",
"953681023d3ed4f24c5d0c74c43aecbba2095e3d927ced3363887279e7a2b4f8","20260724162210","contextual_chat_lifecycle_hardening","packages/coelo_database/migrations/20260724162210_contextual_chat_lifecycle_hardening.sql","11646","a8f8ac522d74c0b31eba89f1121a279243c27a457eb97a394832a89548cad39b","40f28502fbd28933cf1284645cbff8e33e943f5fe8626956e578f0170efd01cf","canonical","eol-equivalent","remote-version+head-present",
"953681023d3ed4f24c5d0c74c43aecbba2095e3d927ced3363887279e7a2b4f8","20260724162210","contextual_chat_lifecycle_hardening","recovery://Coelo-recovery-20260827-153001-final-residue/mirror-before-reconcile/20260724162210_contextual_chat_lifecycle_hardening.sql","11274","40f28502fbd28933cf1284645cbff8e33e943f5fe8626956e578f0170efd01cf","40f28502fbd28933cf1284645cbff8e33e943f5fe8626956e578f0170efd01cf","recovery","eol-equivalent","remote-version+head-present",
"953681023d3ed4f24c5d0c74c43aecbba2095e3d927ced3363887279e7a2b4f8","20260724162210","contextual_chat_lifecycle_hardening","remote://supabase_migrations/schema_migrations/20260724162210",,,,"remote-ledger","eol-equivalent","remote-version+head-present",
"953681023d3ed4f24c5d0c74c43aecbba2095e3d927ced3363887279e7a2b4f8","20260724162604","contextual_chat_trigger_hardening","packages/coelo_database/migrations/20260724162604_contextual_chat_trigger_hardening.sql","4646","ef7e97f92e628a5c91157bb8cdc9dae17576c39ff61df944996e42dee960733b","4dfb6425a52e7b25346a58f887cbe9c7b1d40802739c3f667b30e9a9139adfd7","canonical","eol-equivalent","remote-version+head-present",
"953681023d3ed4f24c5d0c74c43aecbba2095e3d927ced3363887279e7a2b4f8","20260724162604","contextual_chat_trigger_hardening","recovery://Coelo-recovery-20260827-153001-final-residue/mirror-before-reconcile/20260724162604_contextual_chat_trigger_hardening.sql","4552","4dfb6425a52e7b25346a58f887cbe9c7b1d40802739c3f667b30e9a9139adfd7","4dfb6425a52e7b25346a58f887cbe9c7b1d40802739c3f667b30e9a9139adfd7","recovery","eol-equivalent","remote-version+head-present",
"953681023d3ed4f24c5d0c74c43aecbba2095e3d927ced3363887279e7a2b4f8","20260724162604","contextual_chat_trigger_hardening","remote://supabase_migrations/schema_migrations/20260724162604",,,,"remote-ledger","eol-equivalent","remote-version+head-present",
"953681023d3ed4f24c5d0c74c43aecbba2095e3d927ced3363887279e7a2b4f8","20260724162900","contextual_chat_audit_schema_hardening","packages/coelo_database/migrations/20260724162900_contextual_chat_audit_schema_hardening.sql","568","80ae137c545d21cf63c3a5fa3fd11a870a59a021dc59337b2dba283553419549","2dd3166951466edfd6ca3db20488e0c25c15614fe790f2a8f79786b86e1044a8","canonical","eol-equivalent","remote-version+head-present",
"953681023d3ed4f24c5d0c74c43aecbba2095e3d927ced3363887279e7a2b4f8","20260724162900","contextual_chat_audit_schema_hardening","recovery://Coelo-recovery-20260827-153001-final-residue/mirror-before-reconcile/20260724162900_contextual_chat_audit_schema_hardening.sql","546","2dd3166951466edfd6ca3db20488e0c25c15614fe790f2a8f79786b86e1044a8","2dd3166951466edfd6ca3db20488e0c25c15614fe790f2a8f79786b86e1044a8","recovery","eol-equivalent","remote-version+head-present",
"953681023d3ed4f24c5d0c74c43aecbba2095e3d927ced3363887279e7a2b4f8","20260724162900","contextual_chat_audit_schema_hardening","remote://supabase_migrations/schema_migrations/20260724162900",,,,"remote-ledger","eol-equivalent","remote-version+head-present",
"953681023d3ed4f24c5d0c74c43aecbba2095e3d927ced3363887279e7a2b4f8","20260727130433","remediate_schema_column_catalog_completeness","packages/coelo_database/migrations/20260727130433_remediate_schema_column_catalog_completeness.sql","4662","ffa67d796d7586b2fce8ff7682ac6349b35976f0509cdce88001dce0eb925606","2134f33006277b28d90022fe5f3ec8073e97ca9c8c23501817bd63f91ff4da44","canonical","raw-identical","remote-version+head-present",
"953681023d3ed4f24c5d0c74c43aecbba2095e3d927ced3363887279e7a2b4f8","20260727130433","remediate_schema_column_catalog_completeness","recovery://Coelo-recovery-20260827-153001-final-residue/mirror-before-reconcile/20260727130433_remediate_schema_column_catalog_completeness.sql","4662","ffa67d796d7586b2fce8ff7682ac6349b35976f0509cdce88001dce0eb925606","2134f33006277b28d90022fe5f3ec8073e97ca9c8c23501817bd63f91ff4da44","recovery","raw-identical","remote-version+head-present",
"953681023d3ed4f24c5d0c74c43aecbba2095e3d927ced3363887279e7a2b4f8","20260727130433","remediate_schema_column_catalog_completeness","remote://supabase_migrations/schema_migrations/20260727130433",,,,"remote-ledger","raw-identical","remote-version+head-present",
"953681023d3ed4f24c5d0c74c43aecbba2095e3d927ced3363887279e7a2b4f8","20260728172333","institution_profile_and_legal_representatives","packages/coelo_database/migrations/20260728172333_institution_profile_and_legal_representatives.sql","17189","6be5f3ebb001d9f1c24aac650a9762a10cafda099300127062df629323f69f68","9a300b0ccbc990d1a7d57774b8c3de0484be0468fd579af71184518538672c6d","canonical","raw-identical","remote-version+head-present",
"953681023d3ed4f24c5d0c74c43aecbba2095e3d927ced3363887279e7a2b4f8","20260728172333","institution_profile_and_legal_representatives","recovery://Coelo-recovery-20260827-153001-final-residue/mirror-before-reconcile/20260728172333_institution_profile_and_legal_representatives.sql","17189","6be5f3ebb001d9f1c24aac650a9762a10cafda099300127062df629323f69f68","9a300b0ccbc990d1a7d57774b8c3de0484be0468fd579af71184518538672c6d","recovery","raw-identical","remote-version+head-present",
"953681023d3ed4f24c5d0c74c43aecbba2095e3d927ced3363887279e7a2b4f8","20260728172333","institution_profile_and_legal_representatives","remote://supabase_migrations/schema_migrations/20260728172333",,,,"remote-ledger","raw-identical","remote-version+head-present",
"953681023d3ed4f24c5d0c74c43aecbba2095e3d927ced3363887279e7a2b4f8","20260728203000","cover_institution_legal_representative_membership_fk","packages/coelo_database/migrations/20260728203000_cover_institution_legal_representative_membership_fk.sql","278","f14e603ccbdcba05fbb7f1d9df53b536361b7b0e58693e0baba6e7e13427f8f9","3845485114f3a128750f2ba0bb92ad6291ced9d06c2021b33d9b626a93f11538","canonical","raw-identical","remote-version+head-present",
"953681023d3ed4f24c5d0c74c43aecbba2095e3d927ced3363887279e7a2b4f8","20260728203000","cover_institution_legal_representative_membership_fk","recovery://Coelo-recovery-20260827-153001-final-residue/mirror-before-reconcile/20260728203000_cover_institution_legal_representative_membership_fk.sql","278","f14e603ccbdcba05fbb7f1d9df53b536361b7b0e58693e0baba6e7e13427f8f9","3845485114f3a128750f2ba0bb92ad6291ced9d06c2021b33d9b626a93f11538","recovery","raw-identical","remote-version+head-present",
"953681023d3ed4f24c5d0c74c43aecbba2095e3d927ced3363887279e7a2b4f8","20260728203000","cover_institution_legal_representative_membership_fk","remote://supabase_migrations/schema_migrations/20260728203000",,,,"remote-ledger","raw-identical","remote-version+head-present",
"953681023d3ed4f24c5d0c74c43aecbba2095e3d927ced3363887279e7a2b4f8","20260729140915","unit_type_plan_foundation","packages/coelo_database/migrations/20260729140915_unit_type_plan_foundation.sql","4009","71673526884c563a3e44fc1f72ff99b33534f680ec1ac8681f82d58572c4519e","390dee27a422adc39c815b4e20b59c6d90d84e34d4b3787c7fca76bc58bb85bc","canonical","eol-equivalent","remote-version+head-present",
"953681023d3ed4f24c5d0c74c43aecbba2095e3d927ced3363887279e7a2b4f8","20260729140915","unit_type_plan_foundation","recovery://Coelo-recovery-20260827-153001-final-residue/mirror-before-reconcile/20260729140915_unit_type_plan_foundation.sql","3875","390dee27a422adc39c815b4e20b59c6d90d84e34d4b3787c7fca76bc58bb85bc","390dee27a422adc39c815b4e20b59c6d90d84e34d4b3787c7fca76bc58bb85bc","recovery","eol-equivalent","remote-version+head-present",
"953681023d3ed4f24c5d0c74c43aecbba2095e3d927ced3363887279e7a2b4f8","20260729140915","unit_type_plan_foundation","remote://supabase_migrations/schema_migrations/20260729140915",,,,"remote-ledger","eol-equivalent","remote-version+head-present",
"953681023d3ed4f24c5d0c74c43aecbba2095e3d927ced3363887279e7a2b4f8","20260729141839","superadmin_people_directory","packages/coelo_database/migrations/20260729141839_superadmin_people_directory.sql","102678","20cce28127774f1403280de351620b255590e60f4e842d2da22fd897f6fb85bf","78300af52e3ad4b5a39874338d34755a25a7534e4b6ac9889e4a283b33ba9e27","canonical",,"local-only-head",
"953681023d3ed4f24c5d0c74c43aecbba2095e3d927ced3363887279e7a2b4f8","20260729144440","profiles_permissions_governance","packages/coelo_database/migrations/20260729144440_profiles_permissions_governance.sql","39077","d0e87f73c841c338c7df7553f2c91e91f7287da481b70501e0f9334fadce385e","f96f2bdb0db39c0841a8cc9872606ec8cb65c6c3c4423e7663b500661be9db0f","canonical","eol-equivalent","remote-version+head-present",
"953681023d3ed4f24c5d0c74c43aecbba2095e3d927ced3363887279e7a2b4f8","20260729144440","profiles_permissions_governance","recovery://Coelo-recovery-20260827-153001-final-residue/mirror-before-reconcile/20260729144440_profiles_permissions_governance.sql","38435","f96f2bdb0db39c0841a8cc9872606ec8cb65c6c3c4423e7663b500661be9db0f","f96f2bdb0db39c0841a8cc9872606ec8cb65c6c3c4423e7663b500661be9db0f","recovery","eol-equivalent","remote-version+head-present",
"953681023d3ed4f24c5d0c74c43aecbba2095e3d927ced3363887279e7a2b4f8","20260729144440","profiles_permissions_governance","remote://supabase_migrations/schema_migrations/20260729144440",,,,"remote-ledger","eol-equivalent","remote-version+head-present",
"953681023d3ed4f24c5d0c74c43aecbba2095e3d927ced3363887279e7a2b4f8","20260729153000","superadmin_people_directory_policy_hardening","packages/coelo_database/migrations/20260729153000_superadmin_people_directory_policy_hardening.sql","6439","b938d5ac0399a7137dc764a48baaff32776c466c3c8259d0b170778b528c40cd","4216c568f7002a895966134a1eb2bae160c4c1c1925fb4f1ded155fe914a0574","canonical",,"local-only-head",
"953681023d3ed4f24c5d0c74c43aecbba2095e3d927ced3363887279e7a2b4f8","20260729153100","child_context_lifecycle_trigger_hardening","packages/coelo_database/migrations/20260729153100_child_context_lifecycle_trigger_hardening.sql","2051","0b16d82755171a1ae26059455b8718162c390a54bac7c1d81107ddcefc3e6065","eb3817db35dac5677b60424cdf24178c1ff92a36d44e6f19b111965d62fd8f0f","canonical",,"local-only-head",
"953681023d3ed4f24c5d0c74c43aecbba2095e3d927ced3363887279e7a2b4f8","20260729154458","superadmin_people_directory","recovery://Coelo-recovery-20260827-153001-final-residue/mirror-before-reconcile/20260729154458_superadmin_people_directory.sql","99790","78300af52e3ad4b5a39874338d34755a25a7534e4b6ac9889e4a283b33ba9e27","78300af52e3ad4b5a39874338d34755a25a7534e4b6ac9889e4a283b33ba9e27","recovery",,"remote-recovery-candidate",
"953681023d3ed4f24c5d0c74c43aecbba2095e3d927ced3363887279e7a2b4f8","20260729154458","superadmin_people_directory","remote://supabase_migrations/schema_migrations/20260729154458",,,,"remote-ledger",,"remote-recovery-candidate",
"953681023d3ed4f24c5d0c74c43aecbba2095e3d927ced3363887279e7a2b4f8","20260729160052","superadmin_people_directory_policy_hardening","recovery://Coelo-recovery-20260827-153001-final-residue/mirror-before-reconcile/20260729160052_superadmin_people_directory_policy_hardening.sql","6270","4216c568f7002a895966134a1eb2bae160c4c1c1925fb4f1ded155fe914a0574","4216c568f7002a895966134a1eb2bae160c4c1c1925fb4f1ded155fe914a0574","recovery",,"remote-recovery-candidate",
"953681023d3ed4f24c5d0c74c43aecbba2095e3d927ced3363887279e7a2b4f8","20260729160052","superadmin_people_directory_policy_hardening","remote://supabase_migrations/schema_migrations/20260729160052",,,,"remote-ledger",,"remote-recovery-candidate",
"953681023d3ed4f24c5d0c74c43aecbba2095e3d927ced3363887279e7a2b4f8","20260729160103","child_context_lifecycle_trigger_hardening","recovery://Coelo-recovery-20260827-153001-final-residue/mirror-before-reconcile/20260729160103_child_context_lifecycle_trigger_hardening.sql","1991","eb3817db35dac5677b60424cdf24178c1ff92a36d44e6f19b111965d62fd8f0f","eb3817db35dac5677b60424cdf24178c1ff92a36d44e6f19b111965d62fd8f0f","recovery",,"remote-recovery-candidate",
"953681023d3ed4f24c5d0c74c43aecbba2095e3d927ced3363887279e7a2b4f8","20260729160103","child_context_lifecycle_trigger_hardening","remote://supabase_migrations/schema_migrations/20260729160103",,,,"remote-ledger",,"remote-recovery-candidate",
"953681023d3ed4f24c5d0c74c43aecbba2095e3d927ced3363887279e7a2b4f8","20260804205732","access_profile_permission_matrix_metadata","packages/coelo_database/migrations/20260804205732_access_profile_permission_matrix_metadata.sql","8586","60992879e5f04eebc3d368742b97be7423b80f26ad73c6c3fcc1819a4a59f07f","2492d349c601447ff801de1f7ea2ca549c68fcdfd5678888a079b27528e7d8e4","canonical","eol-equivalent","remote-version+head-present",
"953681023d3ed4f24c5d0c74c43aecbba2095e3d927ced3363887279e7a2b4f8","20260804205732","access_profile_permission_matrix_metadata","recovery://Coelo-recovery-20260827-153001-final-residue/mirror-before-reconcile/20260804205732_access_profile_permission_matrix_metadata.sql","8394","2492d349c601447ff801de1f7ea2ca549c68fcdfd5678888a079b27528e7d8e4","2492d349c601447ff801de1f7ea2ca549c68fcdfd5678888a079b27528e7d8e4","recovery","eol-equivalent","remote-version+head-present",
"953681023d3ed4f24c5d0c74c43aecbba2095e3d927ced3363887279e7a2b4f8","20260804205732","access_profile_permission_matrix_metadata","remote://supabase_migrations/schema_migrations/20260804205732",,,,"remote-ledger","eol-equivalent","remote-version+head-present",
"953681023d3ed4f24c5d0c74c43aecbba2095e3d927ced3363887279e7a2b4f8","20260811125345","institution_management_commands","packages/coelo_database/migrations/20260811125345_institution_management_commands.sql","50158","10d8bbbbcc8222f62c2e07e07b0886e1a85b54a6b4dd815965f1218d93417321","8d8418260200eacfb1d5a699a3abf405225d2e8b3bb1c288f7cc37fafe35b7ef","canonical","eol-equivalent","remote-version+head-present",
"953681023d3ed4f24c5d0c74c43aecbba2095e3d927ced3363887279e7a2b4f8","20260811125345","institution_management_commands","recovery://Coelo-recovery-20260827-153001-final-residue/mirror-before-reconcile/20260811125345_institution_management_commands.sql","48941","80773a41ad7f6805c8cef2343531b706d254bda6043d872ed176a0ca227f3759","8d8418260200eacfb1d5a699a3abf405225d2e8b3bb1c288f7cc37fafe35b7ef","recovery","eol-equivalent","remote-version+head-present",
"953681023d3ed4f24c5d0c74c43aecbba2095e3d927ced3363887279e7a2b4f8","20260811125345","institution_management_commands","remote://supabase_migrations/schema_migrations/20260811125345",,,,"remote-ledger","eol-equivalent","remote-version+head-present",
"953681023d3ed4f24c5d0c74c43aecbba2095e3d927ced3363887279e7a2b4f8","20260811151254","group_management_security","recovery://Coelo-recovery-20260827-153001-final-residue/mirror-before-reconcile/20260811151254_group_management_security.sql","79457","398678bc2667a6a97930f16435b6867d502abca4142635344f5245e5aaa4e0b5","507a70ad88f595088c6ce9146e31e27f4c9bf9e86e63f8e093ee5066638c3ef3","recovery",,"remote-recovery-candidate",
"953681023d3ed4f24c5d0c74c43aecbba2095e3d927ced3363887279e7a2b4f8","20260811151254","group_management_security","remote://supabase_migrations/schema_migrations/20260811151254",,,,"remote-ledger",,"remote-recovery-candidate",
"953681023d3ed4f24c5d0c74c43aecbba2095e3d927ced3363887279e7a2b4f8","20260811180804","group_management_idempotency_hardening","recovery://Coelo-recovery-20260827-153001-final-residue/mirror-before-reconcile/20260811180804_group_management_idempotency_hardening.sql","25630","29809116ea0c7f402d584173edb5886f3da7499a58fa7c57421cc18b467df242","e3368df1b1c3e35268cfe1c6011240e6a661a84be89bfd181d13038099a5938b","recovery",,"remote-recovery-candidate",
"953681023d3ed4f24c5d0c74c43aecbba2095e3d927ced3363887279e7a2b4f8","20260811180804","group_management_idempotency_hardening","remote://supabase_migrations/schema_migrations/20260811180804",,,,"remote-ledger",,"remote-recovery-candidate",
"953681023d3ed4f24c5d0c74c43aecbba2095e3d927ced3363887279e7a2b4f8","20260811190000","group_security_advisor_hardening","recovery://Coelo-recovery-20260827-153001-final-residue/mirror-before-reconcile/20260811190000_group_security_advisor_hardening.sql","1850","56f45873c746e34b9b0a7d7ecae583ccd753b9945441d499c66b20e2b30db8c5","56f45873c746e34b9b0a7d7ecae583ccd753b9945441d499c66b20e2b30db8c5","recovery",,"remote-recovery-candidate",
"953681023d3ed4f24c5d0c74c43aecbba2095e3d927ced3363887279e7a2b4f8","20260811190000","group_security_advisor_hardening","remote://supabase_migrations/schema_migrations/20260811190000",,,,"remote-ledger",,"remote-recovery-candidate",
"953681023d3ed4f24c5d0c74c43aecbba2095e3d927ced3363887279e7a2b4f8","20260811192514","activity_management_security","packages/coelo_database/migrations/20260811192514_activity_management_security.sql","28792","dcb4b5f0781af2f3b0bb1b6a9b63d79a00549e371b7ca0feb0ac5be5bd3820f4","52ff03d7f21cae1fa906a3fa337baa71f49848f6b685d24ebeadf8ea8d0cea59","canonical","eol-equivalent","remote-version+head-present",
"953681023d3ed4f24c5d0c74c43aecbba2095e3d927ced3363887279e7a2b4f8","20260811192514","activity_management_security","recovery://Coelo-recovery-20260827-153001-final-residue/mirror-before-reconcile/20260811192514_activity_management_security.sql","28789","894e1ed6f1cf5655d7fe74cc740b748c594c69d2002485c03c0a831a670c8219","52ff03d7f21cae1fa906a3fa337baa71f49848f6b685d24ebeadf8ea8d0cea59","recovery","eol-equivalent","remote-version+head-present",
"953681023d3ed4f24c5d0c74c43aecbba2095e3d927ced3363887279e7a2b4f8","20260811192514","activity_management_security","remote://supabase_migrations/schema_migrations/20260811192514",,,,"remote-ledger","eol-equivalent","remote-version+head-present",
"953681023d3ed4f24c5d0c74c43aecbba2095e3d927ced3363887279e7a2b4f8","20260811193000","group_create_replay_idempotency","recovery://Coelo-recovery-20260827-153001-final-residue/mirror-before-reconcile/20260811193000_group_create_replay_idempotency.sql","16417","59f8750b61c37b8a82ccd90d25b35b3d6a1c5e935498b0838a42e9261d9b982d","422d04481c7f3dd2ad26c904ea4ec3de56ed4ef2873e447540708962cdd5077b","recovery",,"remote-recovery-candidate",
"953681023d3ed4f24c5d0c74c43aecbba2095e3d927ced3363887279e7a2b4f8","20260811193000","group_create_replay_idempotency","remote://supabase_migrations/schema_migrations/20260811193000",,,,"remote-ledger",,"remote-recovery-candidate",
"953681023d3ed4f24c5d0c74c43aecbba2095e3d927ced3363887279e7a2b4f8","20260811193838","activity_management_commands","packages/coelo_database/migrations/20260811193838_activity_management_commands.sql","14557","77fdae731eb56df04bd45f3b8f854495a422bb3230802b5bc4855840f436813b","1e188861f7b07aaa4fdb3e38e02831d9722d0a1e9e8598e12fcbe54b571c31a9","canonical","raw-identical","remote-version+head-present",
"953681023d3ed4f24c5d0c74c43aecbba2095e3d927ced3363887279e7a2b4f8","20260811193838","activity_management_commands","recovery://Coelo-recovery-20260827-153001-final-residue/mirror-before-reconcile/20260811193838_activity_management_commands.sql","14557","77fdae731eb56df04bd45f3b8f854495a422bb3230802b5bc4855840f436813b","1e188861f7b07aaa4fdb3e38e02831d9722d0a1e9e8598e12fcbe54b571c31a9","recovery","raw-identical","remote-version+head-present",
"953681023d3ed4f24c5d0c74c43aecbba2095e3d927ced3363887279e7a2b4f8","20260811193838","activity_management_commands","remote://supabase_migrations/schema_migrations/20260811193838",,,,"remote-ledger","raw-identical","remote-version+head-present",
"953681023d3ed4f24c5d0c74c43aecbba2095e3d927ced3363887279e7a2b4f8","20260811194500","group_client_table_grants_hardening","recovery://Coelo-recovery-20260827-153001-final-residue/mirror-before-reconcile/20260811194500_group_client_table_grants_hardening.sql","379","7884c8741a0583119d9c2a2e3ca92882cb8978cc27ac5bf89110e7d02b89e0ee","7884c8741a0583119d9c2a2e3ca92882cb8978cc27ac5bf89110e7d02b89e0ee","recovery",,"remote-recovery-candidate",
"953681023d3ed4f24c5d0c74c43aecbba2095e3d927ced3363887279e7a2b4f8","20260811194500","group_client_table_grants_hardening","remote://supabase_migrations/schema_migrations/20260811194500",,,,"remote-ledger",,"remote-recovery-candidate",
"953681023d3ed4f24c5d0c74c43aecbba2095e3d927ced3363887279e7a2b4f8","20260811194624","activity_aggregate_commands","packages/coelo_database/migrations/20260811194624_activity_aggregate_commands.sql","26659","d28c0c7dae5947806c4d2c300a14259cdc997dfb0c85e40c2e0d192bc70b15ba","47b825ec5ee3f74079950f830f3d753a3e161925a851951a5f28cff9a8d5d44f","canonical","eol-equivalent","remote-version+head-present",
"953681023d3ed4f24c5d0c74c43aecbba2095e3d927ced3363887279e7a2b4f8","20260811194624","activity_aggregate_commands","recovery://Coelo-recovery-20260827-153001-final-residue/mirror-before-reconcile/20260811194624_activity_aggregate_commands.sql","26494","cef3582c58bf580ca39cd2aa259757521eb66ff6369224ed1e77098185f8a366","47b825ec5ee3f74079950f830f3d753a3e161925a851951a5f28cff9a8d5d44f","recovery","eol-equivalent","remote-version+head-present",
"953681023d3ed4f24c5d0c74c43aecbba2095e3d927ced3363887279e7a2b4f8","20260811194624","activity_aggregate_commands","remote://supabase_migrations/schema_migrations/20260811194624",,,,"remote-ledger","eol-equivalent","remote-version+head-present",
"953681023d3ed4f24c5d0c74c43aecbba2095e3d927ced3363887279e7a2b4f8","20260811194840","activity_files_identity_commands","packages/coelo_database/migrations/20260811194840_activity_files_identity_commands.sql","21804","3ab6f64f3f2d00fb6ff99fa6f1f3c929753bcf29f5b6506f62c95b50107474e9","0e834139bbd3c1315e13ecf305f2b0038ce65510bb8426f3927b1721b9816212","canonical","eol-equivalent","remote-version+head-present",
"953681023d3ed4f24c5d0c74c43aecbba2095e3d927ced3363887279e7a2b4f8","20260811194840","activity_files_identity_commands","recovery://Coelo-recovery-20260827-153001-final-residue/mirror-before-reconcile/20260811194840_activity_files_identity_commands.sql","21781","0c690ca26778f85a77b09d5a349e805a263e48747753fe6b3ac58cadadd6c7c3","0e834139bbd3c1315e13ecf305f2b0038ce65510bb8426f3927b1721b9816212","recovery","eol-equivalent","remote-version+head-present",
"953681023d3ed4f24c5d0c74c43aecbba2095e3d927ced3363887279e7a2b4f8","20260811194840","activity_files_identity_commands","remote://supabase_migrations/schema_migrations/20260811194840",,,,"remote-ledger","eol-equivalent","remote-version+head-present",
"953681023d3ed4f24c5d0c74c43aecbba2095e3d927ced3363887279e7a2b4f8","20260811195042","activity_file_workers","packages/coelo_database/migrations/20260811195042_activity_file_workers.sql","19737","b33bdaf0db753fc7dc35f3e6da2a5305a789dea571c1b1f5ec9c12929ddfadd8","6b4fb79a3ec46dbbc6923fefcb9c8e6892aeb2778442e5e3ace6777ef1a8bbca","canonical","eol-equivalent","remote-version+head-present",
"953681023d3ed4f24c5d0c74c43aecbba2095e3d927ced3363887279e7a2b4f8","20260811195042","activity_file_workers","recovery://Coelo-recovery-20260827-153001-final-residue/mirror-before-reconcile/20260811195042_activity_file_workers.sql","19724","cbfa677fee1a0c1c293fd2032904a2d639f3a8dded29a115d80202af22ba08f2","6b4fb79a3ec46dbbc6923fefcb9c8e6892aeb2778442e5e3ace6777ef1a8bbca","recovery","eol-equivalent","remote-version+head-present",
"953681023d3ed4f24c5d0c74c43aecbba2095e3d927ced3363887279e7a2b4f8","20260811195042","activity_file_workers","remote://supabase_migrations/schema_migrations/20260811195042",,,,"remote-ledger","eol-equivalent","remote-version+head-present",
"953681023d3ed4f24c5d0c74c43aecbba2095e3d927ced3363887279e7a2b4f8","20260811195429","activity_management_hardening","packages/coelo_database/migrations/20260811195429_activity_management_hardening.sql","9816","b0ee2c41376bd482cead99931a3fdd1f4ac70327c2615b4a1b879640f32819ba","9d327f9178533294fb94309ed213e14f506e63aa0ddd7992d05a597c6b298d97","canonical","raw-identical","remote-version+head-present",
"953681023d3ed4f24c5d0c74c43aecbba2095e3d927ced3363887279e7a2b4f8","20260811195429","activity_management_hardening","recovery://Coelo-recovery-20260827-153001-final-residue/mirror-before-reconcile/20260811195429_activity_management_hardening.sql","9816","b0ee2c41376bd482cead99931a3fdd1f4ac70327c2615b4a1b879640f32819ba","9d327f9178533294fb94309ed213e14f506e63aa0ddd7992d05a597c6b298d97","recovery","raw-identical","remote-version+head-present",
"953681023d3ed4f24c5d0c74c43aecbba2095e3d927ced3363887279e7a2b4f8","20260811195429","activity_management_hardening","remote://supabase_migrations/schema_migrations/20260811195429",,,,"remote-ledger","raw-identical","remote-version+head-present",
"953681023d3ed4f24c5d0c74c43aecbba2095e3d927ced3363887279e7a2b4f8","20260811200000","group_foreign_key_indexes","recovery://Coelo-recovery-20260827-153001-final-residue/mirror-before-reconcile/20260811200000_group_foreign_key_indexes.sql","777","fd5f53ccb63ee028257493409adbd1d555201062561882d0ab34a628df71d7e7","fd5f53ccb63ee028257493409adbd1d555201062561882d0ab34a628df71d7e7","recovery",,"remote-recovery-candidate",
"953681023d3ed4f24c5d0c74c43aecbba2095e3d927ced3363887279e7a2b4f8","20260811200000","group_foreign_key_indexes","remote://supabase_migrations/schema_migrations/20260811200000",,,,"remote-ledger",,"remote-recovery-candidate",
"953681023d3ed4f24c5d0c74c43aecbba2095e3d927ced3363887279e7a2b4f8","20260811200614","activity_read_model_contract_hardening","packages/coelo_database/migrations/20260811200614_activity_read_model_contract_hardening.sql","13515","9e99d589ec89975110d3fcaef8c363701bd255b00072b99a4797a923458cea26","f69bffa7b63742d77c9f86c02638d21f0137fd88ac7d0c4333a6c5166a564150","canonical","eol-equivalent","remote-version+head-present",
"953681023d3ed4f24c5d0c74c43aecbba2095e3d927ced3363887279e7a2b4f8","20260811200614","activity_read_model_contract_hardening","recovery://Coelo-recovery-20260827-153001-final-residue/mirror-before-reconcile/20260811200614_activity_read_model_contract_hardening.sql","13482","603877e77cb86a1125d689287d56807e6f57bdf61d0850b8ae32ec7b8c8267f2","f69bffa7b63742d77c9f86c02638d21f0137fd88ac7d0c4333a6c5166a564150","recovery","eol-equivalent","remote-version+head-present",
"953681023d3ed4f24c5d0c74c43aecbba2095e3d927ced3363887279e7a2b4f8","20260811200614","activity_read_model_contract_hardening","remote://supabase_migrations/schema_migrations/20260811200614",,,,"remote-ledger","eol-equivalent","remote-version+head-present",
"953681023d3ed4f24c5d0c74c43aecbba2095e3d927ced3363887279e7a2b4f8","20260811201500","group_read_policy_consolidation","recovery://Coelo-recovery-20260827-153001-final-residue/mirror-before-reconcile/20260811201500_group_read_policy_consolidation.sql","552","08e47ba771f2b77a7f5dbd8e04d708a687c989280e145504fa4501a8f6e365a4","08e47ba771f2b77a7f5dbd8e04d708a687c989280e145504fa4501a8f6e365a4","recovery",,"remote-recovery-candidate",
"953681023d3ed4f24c5d0c74c43aecbba2095e3d927ced3363887279e7a2b4f8","20260811201500","group_read_policy_consolidation","remote://supabase_migrations/schema_migrations/20260811201500",,,,"remote-ledger",,"remote-recovery-candidate",
"953681023d3ed4f24c5d0c74c43aecbba2095e3d927ced3363887279e7a2b4f8","20260811201830","activity_file_job_authorization","packages/coelo_database/migrations/20260811201830_activity_file_job_authorization.sql","2180","acfec92c0f1c2907591e76a7bc94b411e7b677013d14abd3dfa5c5c8587b8a74","908c24615bea44e794c04f2247c7dca9d7b157404ff512f4e8666a42e5caa19b","canonical","eol-equivalent","remote-version+head-present",
"953681023d3ed4f24c5d0c74c43aecbba2095e3d927ced3363887279e7a2b4f8","20260811201830","activity_file_job_authorization","recovery://Coelo-recovery-20260827-153001-final-residue/mirror-before-reconcile/20260811201830_activity_file_job_authorization.sql","2126","908c24615bea44e794c04f2247c7dca9d7b157404ff512f4e8666a42e5caa19b","908c24615bea44e794c04f2247c7dca9d7b157404ff512f4e8666a42e5caa19b","recovery","eol-equivalent","remote-version+head-present",
"953681023d3ed4f24c5d0c74c43aecbba2095e3d927ced3363887279e7a2b4f8","20260811201830","activity_file_job_authorization","remote://supabase_migrations/schema_migrations/20260811201830",,,,"remote-ledger","eol-equivalent","remote-version+head-present",
"953681023d3ed4f24c5d0c74c43aecbba2095e3d927ced3363887279e7a2b4f8","20260811201945","activity_template_commands_hardening","packages/coelo_database/migrations/20260811201945_activity_template_commands_hardening.sql","11466","2c844d87a79a3808df1e67a256481a8794fac737f4d3b609aea4a85b3528987f","4b8041397a05689240070cc82e548335051a689ba73ceb460c4473237e125ef0","canonical","eol-equivalent","remote-version+head-present",
"953681023d3ed4f24c5d0c74c43aecbba2095e3d927ced3363887279e7a2b4f8","20260811201945","activity_template_commands_hardening","recovery://Coelo-recovery-20260827-153001-final-residue/mirror-before-reconcile/20260811201945_activity_template_commands_hardening.sql","11231","4b8041397a05689240070cc82e548335051a689ba73ceb460c4473237e125ef0","4b8041397a05689240070cc82e548335051a689ba73ceb460c4473237e125ef0","recovery","eol-equivalent","remote-version+head-present",
"953681023d3ed4f24c5d0c74c43aecbba2095e3d927ced3363887279e7a2b4f8","20260811201945","activity_template_commands_hardening","remote://supabase_migrations/schema_migrations/20260811201945",,,,"remote-ledger","eol-equivalent","remote-version+head-present",
"953681023d3ed4f24c5d0c74c43aecbba2095e3d927ced3363887279e7a2b4f8","20260811202030","activity_options_minimization","packages/coelo_database/migrations/20260811202030_activity_options_minimization.sql","3036","540e02eb1217d1b177efbd9a52b610ff698268892c2ca540d476cd719dd8079a","8d29ee4d882a7f5f955699724b33a2e10bc2b3d7a28a317c589e85db77cbf94f","canonical","eol-equivalent","remote-version+head-present",
"953681023d3ed4f24c5d0c74c43aecbba2095e3d927ced3363887279e7a2b4f8","20260811202030","activity_options_minimization","recovery://Coelo-recovery-20260827-153001-final-residue/mirror-before-reconcile/20260811202030_activity_options_minimization.sql","2969","8d29ee4d882a7f5f955699724b33a2e10bc2b3d7a28a317c589e85db77cbf94f","8d29ee4d882a7f5f955699724b33a2e10bc2b3d7a28a317c589e85db77cbf94f","recovery","eol-equivalent","remote-version+head-present",
"953681023d3ed4f24c5d0c74c43aecbba2095e3d927ced3363887279e7a2b4f8","20260811202030","activity_options_minimization","remote://supabase_migrations/schema_migrations/20260811202030",,,,"remote-ledger","eol-equivalent","remote-version+head-present",
"953681023d3ed4f24c5d0c74c43aecbba2095e3d927ced3363887279e7a2b4f8","20260811203000","institution_management_security_hardening","recovery://Coelo-recovery-20260827-153001-final-residue/mirror-before-reconcile/20260811203000_institution_management_security_hardening.sql","4780","d6b5ca3076a921a88d3676aa0ea50d67a6d1160f7cf2d7ea96a2ad391b41c717","d6b5ca3076a921a88d3676aa0ea50d67a6d1160f7cf2d7ea96a2ad391b41c717","recovery",,"remote-recovery-candidate",
"953681023d3ed4f24c5d0c74c43aecbba2095e3d927ced3363887279e7a2b4f8","20260811203000","institution_management_security_hardening","remote://supabase_migrations/schema_migrations/20260811203000",,,,"remote-ledger",,"remote-recovery-candidate",
"953681023d3ed4f24c5d0c74c43aecbba2095e3d927ced3363887279e7a2b4f8","20260811213000","institution_management_authorization_order","recovery://Coelo-recovery-20260827-153001-final-residue/mirror-before-reconcile/20260811213000_institution_management_authorization_order.sql","1741","8d5b3f718e061695f1354002de58e56a024d2114a20f906879df449c904aafac","8d5b3f718e061695f1354002de58e56a024d2114a20f906879df449c904aafac","recovery",,"remote-recovery-candidate",
"953681023d3ed4f24c5d0c74c43aecbba2095e3d927ced3363887279e7a2b4f8","20260811213000","institution_management_authorization_order","remote://supabase_migrations/schema_migrations/20260811213000",,,,"remote-ledger",,"remote-recovery-candidate",
"953681023d3ed4f24c5d0c74c43aecbba2095e3d927ced3363887279e7a2b4f8","20260811214000","unit_management_security","recovery://Coelo-recovery-20260827-153001-final-residue/mirror-before-reconcile/20260811214000_unit_management_security.sql","59871","cea244e6c9fa3b3e3ea411387f777404b905f3269a62c00927ced81563ae95c1","61dff2777b2fe32ba4b3fb095b75293ed6d2df66211bfb6cafa2443c3f471163","recovery",,"remote-recovery-candidate",
"953681023d3ed4f24c5d0c74c43aecbba2095e3d927ced3363887279e7a2b4f8","20260811214000","unit_management_security","remote://supabase_migrations/schema_migrations/20260811214000",,,,"remote-ledger",,"remote-recovery-candidate",
"953681023d3ed4f24c5d0c74c43aecbba2095e3d927ced3363887279e7a2b4f8","20260811214500","unit_identity_storage","recovery://Coelo-recovery-20260827-153001-final-residue/mirror-before-reconcile/20260811214500_unit_identity_storage.sql","23320","4b54fe4d49cbee47a7bce622a8e04d7211756201d6e7b26930ff6a08a2aad8ac","4b54fe4d49cbee47a7bce622a8e04d7211756201d6e7b26930ff6a08a2aad8ac","recovery",,"remote-recovery-candidate",
"953681023d3ed4f24c5d0c74c43aecbba2095e3d927ced3363887279e7a2b4f8","20260811214500","unit_identity_storage","remote://supabase_migrations/schema_migrations/20260811214500",,,,"remote-ledger",,"remote-recovery-candidate",
"953681023d3ed4f24c5d0c74c43aecbba2095e3d927ced3363887279e7a2b4f8","20260811214600","unit_management_contract_hardening","recovery://Coelo-recovery-20260827-153001-final-residue/mirror-before-reconcile/20260811214600_unit_management_contract_hardening.sql","778","df7a6465cce53a0b2ac21810673c6ced9754e33c3097a6857ef8776ac4a9294c","df7a6465cce53a0b2ac21810673c6ced9754e33c3097a6857ef8776ac4a9294c","recovery",,"remote-recovery-candidate",
"953681023d3ed4f24c5d0c74c43aecbba2095e3d927ced3363887279e7a2b4f8","20260811214600","unit_management_contract_hardening","remote://supabase_migrations/schema_migrations/20260811214600",,,,"remote-ledger",,"remote-recovery-candidate",
"953681023d3ed4f24c5d0c74c43aecbba2095e3d927ced3363887279e7a2b4f8","20260811215451","access_profile_management_v2","recovery://Coelo-recovery-20260827-153001-final-residue/mirror-before-reconcile/20260811215451_access_profile_management_v2.sql","118296","cc9bc06062af980dd430bbed19b44ec36a80d5d8c3eee504baaf669c7414934c","0636d1f7e4cf3e6f56ee14ca6c0288571686e1734660c3d2a12362707ca22eaa","recovery",,"remote-recovery-candidate",
"953681023d3ed4f24c5d0c74c43aecbba2095e3d927ced3363887279e7a2b4f8","20260811215451","access_profile_management_v2","remote://supabase_migrations/schema_migrations/20260811215451",,,,"remote-ledger",,"remote-recovery-candidate",
"953681023d3ed4f24c5d0c74c43aecbba2095e3d927ced3363887279e7a2b4f8","20260811215621","unit_performance_hardening","recovery://Coelo-recovery-20260827-153001-final-residue/mirror-before-reconcile/20260811215621_unit_performance_hardening.sql","1966","f721ce30d9572a88248dad03731347eba181ee0b709234685643a61d549071d7","f721ce30d9572a88248dad03731347eba181ee0b709234685643a61d549071d7","recovery",,"remote-recovery-candidate",
"953681023d3ed4f24c5d0c74c43aecbba2095e3d927ced3363887279e7a2b4f8","20260811215621","unit_performance_hardening","remote://supabase_migrations/schema_migrations/20260811215621",,,,"remote-ledger",,"remote-recovery-candidate",
"953681023d3ed4f24c5d0c74c43aecbba2095e3d927ced3363887279e7a2b4f8","20260811220631","institution_identity_storage_and_handles","recovery://Coelo-recovery-20260827-153001-final-residue/mirror-before-reconcile/20260811220631_institution_identity_storage_and_handles.sql","15234","d8afde777c5cc18fc48f8f19362319d3f3f82d01f733b93531ba67f2d76567cb","d8afde777c5cc18fc48f8f19362319d3f3f82d01f733b93531ba67f2d76567cb","recovery",,"remote-recovery-candidate",
"953681023d3ed4f24c5d0c74c43aecbba2095e3d927ced3363887279e7a2b4f8","20260811220631","institution_identity_storage_and_handles","remote://supabase_migrations/schema_migrations/20260811220631",,,,"remote-ledger",,"remote-recovery-candidate",
"953681023d3ed4f24c5d0c74c43aecbba2095e3d927ced3363887279e7a2b4f8","20260811220646","institution_import_export","recovery://Coelo-recovery-20260827-153001-final-residue/mirror-before-reconcile/20260811220646_institution_import_export.sql","21241","06d1517a6929162a1e71b9c8974f93920f631bc1c55487ec915f12d123ad3c65","06d1517a6929162a1e71b9c8974f93920f631bc1c55487ec915f12d123ad3c65","recovery",,"remote-recovery-candidate","remote-statement-equivalent-eol-only; statements=1; bytes=21242; sha256=75f17f5b9985c0c818736d6edcd6d43ca8dd6eaef2079224a326923edd419f9a"
"953681023d3ed4f24c5d0c74c43aecbba2095e3d927ced3363887279e7a2b4f8","20260811220646","institution_import_export","remote://supabase_migrations/schema_migrations/20260811220646",,,,"remote-ledger",,"remote-recovery-candidate","remote-statement-equivalent-eol-only; statements=1; bytes=21242; sha256=75f17f5b9985c0c818736d6edcd6d43ca8dd6eaef2079224a326923edd419f9a"
"953681023d3ed4f24c5d0c74c43aecbba2095e3d927ced3363887279e7a2b4f8","20260811221002","institution_storage_rls_hardening","recovery://Coelo-recovery-20260827-153001-final-residue/mirror-before-reconcile/20260811221002_institution_storage_rls_hardening.sql","779","6cbdcb72351da5c4539db89d18bdd475554ee310e3dc712bf1c7fca567a8e51e","6cbdcb72351da5c4539db89d18bdd475554ee310e3dc712bf1c7fca567a8e51e","recovery",,"remote-recovery-candidate",
"953681023d3ed4f24c5d0c74c43aecbba2095e3d927ced3363887279e7a2b4f8","20260811221002","institution_storage_rls_hardening","remote://supabase_migrations/schema_migrations/20260811221002",,,,"remote-ledger",,"remote-recovery-candidate",
"953681023d3ed4f24c5d0c74c43aecbba2095e3d927ced3363887279e7a2b4f8","20260811221316","access_profile_management_v2_hardening","recovery://Coelo-recovery-20260827-153001-final-residue/mirror-before-reconcile/20260811221316_access_profile_management_v2_hardening.sql","40798","59c2dce3616f37a8b2f8841fe0bdc96ee19ab7544a7a4c0b99effaaf8be6d995","5d55667639c5fc85d47dad00aa73d9eb8c3d40df8eb226023f3b72a18dcdc308","recovery",,"remote-recovery-candidate",
"953681023d3ed4f24c5d0c74c43aecbba2095e3d927ced3363887279e7a2b4f8","20260811221316","access_profile_management_v2_hardening","remote://supabase_migrations/schema_migrations/20260811221316",,,,"remote-ledger",,"remote-recovery-candidate",
"953681023d3ed4f24c5d0c74c43aecbba2095e3d927ced3363887279e7a2b4f8","20260811221810","access_profile_management_v2_security_gate","recovery://Coelo-recovery-20260827-153001-final-residue/mirror-before-reconcile/20260811221810_access_profile_management_v2_security_gate.sql","13285","843164aa183c63d368a8d0f961cb346714e8689dda868c65385e1cdaf171e8c5","de2538fccfd7203d78a3e4af767e42d178b5cf84666fc84e3d99313d73283c1b","recovery",,"remote-recovery-candidate",
"953681023d3ed4f24c5d0c74c43aecbba2095e3d927ced3363887279e7a2b4f8","20260811221810","access_profile_management_v2_security_gate","remote://supabase_migrations/schema_migrations/20260811221810",,,,"remote-ledger",,"remote-recovery-candidate",
"953681023d3ed4f24c5d0c74c43aecbba2095e3d927ced3363887279e7a2b4f8","20260811222209","unit_contract_security_hardening","recovery://Coelo-recovery-20260827-153001-final-residue/mirror-before-reconcile/20260811222209_unit_contract_security_hardening.sql","20816","e2e4455a8b6912b375bb2b9c1fe393afdbfef6d0e7071195fb143d45d65c000a","9bf90c7ae22f658ff4db5db37631602b12fc0f52200d8a6c01a4ca23c5e01f89","recovery",,"remote-recovery-candidate",
"953681023d3ed4f24c5d0c74c43aecbba2095e3d927ced3363887279e7a2b4f8","20260811222209","unit_contract_security_hardening","remote://supabase_migrations/schema_migrations/20260811222209",,,,"remote-ledger",,"remote-recovery-candidate",
"953681023d3ed4f24c5d0c74c43aecbba2095e3d927ced3363887279e7a2b4f8","20260811222316","access_profile_management_v2_security_closure","recovery://Coelo-recovery-20260827-153001-final-residue/mirror-before-reconcile/20260811222316_access_profile_management_v2_security_closure.sql","36455","cf2fb04374f7093df96b74e3e5be20d1cb28132aab3292b7d9653a240afb35b0","cf2fb04374f7093df96b74e3e5be20d1cb28132aab3292b7d9653a240afb35b0","recovery",,"remote-recovery-candidate",
"953681023d3ed4f24c5d0c74c43aecbba2095e3d927ced3363887279e7a2b4f8","20260811222316","access_profile_management_v2_security_closure","remote://supabase_migrations/schema_migrations/20260811222316",,,,"remote-ledger",,"remote-recovery-candidate",
"953681023d3ed4f24c5d0c74c43aecbba2095e3d927ced3363887279e7a2b4f8","20260811222844","access_profile_assignment_and_worker_closure","recovery://Coelo-recovery-20260827-153001-final-residue/mirror-before-reconcile/20260811222844_access_profile_assignment_and_worker_closure.sql","13063","a4b6eb3e5798b66d3d678df6385385bb3832948dfcc3f06547cb44b2859efe13","e8ca03d5acdbf170c99b9ea87bc12a734dd72ffbe7945a85fb8efc8f140ef808","recovery",,"remote-recovery-candidate",
"953681023d3ed4f24c5d0c74c43aecbba2095e3d927ced3363887279e7a2b4f8","20260811222844","access_profile_assignment_and_worker_closure","remote://supabase_migrations/schema_migrations/20260811222844",,,,"remote-ledger",,"remote-recovery-candidate",
"953681023d3ed4f24c5d0c74c43aecbba2095e3d927ced3363887279e7a2b4f8","20260811223000","unit_import_export","recovery://Coelo-recovery-20260827-153001-final-residue/mirror-before-reconcile/20260811223000_unit_import_export.sql","29663","f7edde1d8584144dcfb8f7a5e01044d4943341cfe89d363985a97853de81d593","f7edde1d8584144dcfb8f7a5e01044d4943341cfe89d363985a97853de81d593","recovery",,"remote-recovery-candidate",
"953681023d3ed4f24c5d0c74c43aecbba2095e3d927ced3363887279e7a2b4f8","20260811223000","unit_import_export","remote://supabase_migrations/schema_migrations/20260811223000",,,,"remote-ledger",,"remote-recovery-candidate",
"953681023d3ed4f24c5d0c74c43aecbba2095e3d927ced3363887279e7a2b4f8","20260811223100","unit_import_export_cursor","recovery://Coelo-recovery-20260827-153001-final-residue/mirror-before-reconcile/20260811223100_unit_import_export_cursor.sql","7701","9626e84e88c8e4dc5bfaa75a8b383eb43d9049e878a7a8327b4f9fa893d8f945","9626e84e88c8e4dc5bfaa75a8b383eb43d9049e878a7a8327b4f9fa893d8f945","recovery",,"remote-recovery-candidate",
"953681023d3ed4f24c5d0c74c43aecbba2095e3d927ced3363887279e7a2b4f8","20260811223100","unit_import_export_cursor","remote://supabase_migrations/schema_migrations/20260811223100",,,,"remote-ledger",,"remote-recovery-candidate",
"953681023d3ed4f24c5d0c74c43aecbba2095e3d927ced3363887279e7a2b4f8","20260811223200","unit_export_filter_contract","recovery://Coelo-recovery-20260827-153001-final-residue/mirror-before-reconcile/20260811223200_unit_export_filter_contract.sql","3738","8de034878f61a2cfa696c873d83c379931b4ccc9e6fd97e053ec0f82f8ff96cc","8de034878f61a2cfa696c873d83c379931b4ccc9e6fd97e053ec0f82f8ff96cc","recovery",,"remote-recovery-candidate",
"953681023d3ed4f24c5d0c74c43aecbba2095e3d927ced3363887279e7a2b4f8","20260811223200","unit_export_filter_contract","remote://supabase_migrations/schema_migrations/20260811223200",,,,"remote-ledger",,"remote-recovery-candidate",
"953681023d3ed4f24c5d0c74c43aecbba2095e3d927ced3363887279e7a2b4f8","20260811223419","access_profile_worker_runtime_closure","recovery://Coelo-recovery-20260827-153001-final-residue/mirror-before-reconcile/20260811223419_access_profile_worker_runtime_closure.sql","6035","795f511e8689f88c0c5434fc87fb9acbe922c0a4fd52274a0abb3bfbbb0b4367","795f511e8689f88c0c5434fc87fb9acbe922c0a4fd52274a0abb3bfbbb0b4367","recovery",,"local-only-recovery",
"953681023d3ed4f24c5d0c74c43aecbba2095e3d927ced3363887279e7a2b4f8","20260811224435","access_profile_fail_closed_delegation","recovery://Coelo-recovery-20260827-153001-final-residue/mirror-before-reconcile/20260811224435_access_profile_fail_closed_delegation.sql","1282","2f0de93016131e7b2c6e69b54a55f8a21f80c0df20e22b31e8146e275c8c98af","2f0de93016131e7b2c6e69b54a55f8a21f80c0df20e22b31e8146e275c8c98af","recovery",,"local-only-recovery",
"953681023d3ed4f24c5d0c74c43aecbba2095e3d927ced3363887279e7a2b4f8","20260811224500","people_identity_safe_foundation","recovery://Coelo-recovery-20260827-153001-final-residue/mirror-before-reconcile/20260811224500_people_identity_safe_foundation.sql","22140","e40a5b08577b48bd4f6e9c6b46b71b2ba6401eba58a282565a9e6ca7d9ee94e7","e40a5b08577b48bd4f6e9c6b46b71b2ba6401eba58a282565a9e6ca7d9ee94e7","recovery",,"remote-recovery-candidate",
"953681023d3ed4f24c5d0c74c43aecbba2095e3d927ced3363887279e7a2b4f8","20260811224500","people_identity_safe_foundation","remote://supabase_migrations/schema_migrations/20260811224500",,,,"remote-ledger",,"remote-recovery-candidate",
"953681023d3ed4f24c5d0c74c43aecbba2095e3d927ced3363887279e7a2b4f8","20260811225000","activity_professional_search","packages/coelo_database/migrations/20260811225000_activity_professional_search.sql","5212","ecd387c6d810bec289be7d8b4fc65a796caa68db12a6a5de15c230beca79eecb","3b862dc2ba662b70c632ce8fa8c4e15daf682442dca592c0d06b71b6b6bf5dd9","canonical","eol-equivalent","local-only-head",
"953681023d3ed4f24c5d0c74c43aecbba2095e3d927ced3363887279e7a2b4f8","20260811225000","activity_professional_search","recovery://Coelo-recovery-20260827-153001-final-residue/mirror-before-reconcile/20260811225000_activity_professional_search.sql","5067","3b862dc2ba662b70c632ce8fa8c4e15daf682442dca592c0d06b71b6b6bf5dd9","3b862dc2ba662b70c632ce8fa8c4e15daf682442dca592c0d06b71b6b6bf5dd9","recovery","eol-equivalent","local-only-head",
"953681023d3ed4f24c5d0c74c43aecbba2095e3d927ced3363887279e7a2b4f8","20260811225339","access_profile_file_idempotency_closure","recovery://Coelo-recovery-20260827-153001-final-residue/mirror-before-reconcile/20260811225339_access_profile_file_idempotency_closure.sql","5486","39701ade7368b1c1cbf3567ecdf4175afc8d0537dbfa464cd56ffd58af40f2ce","dfb16cd185b373547fd8165df30b73452eb5e8c90209d15f6e4442c7408f1c08","recovery",,"local-only-recovery",
"953681023d3ed4f24c5d0c74c43aecbba2095e3d927ced3363887279e7a2b4f8","20260811230000","database_lint_hardening","recovery://Coelo-recovery-20260827-153001-final-residue/mirror-before-reconcile/20260811230000_database_lint_hardening.sql","80320","6645199499410cc5ed564f137c3b87e17f5b0388afb76a19efec49adc2874d14","6645199499410cc5ed564f137c3b87e17f5b0388afb76a19efec49adc2874d14","recovery",,"remote-recovery-candidate",
"953681023d3ed4f24c5d0c74c43aecbba2095e3d927ced3363887279e7a2b4f8","20260811230000","database_lint_hardening","remote://supabase_migrations/schema_migrations/20260811230000",,,,"remote-ledger",,"remote-recovery-candidate",
"953681023d3ed4f24c5d0c74c43aecbba2095e3d927ced3363887279e7a2b4f8","20260811230100","database_lint_hardening_followup","recovery://Coelo-recovery-20260827-153001-final-residue/mirror-before-reconcile/20260811230100_database_lint_hardening_followup.sql","29857","3a5a825e08b547c87f4a94bd65ae665446b92a050166bfa6423963623e7599f7","3a5a825e08b547c87f4a94bd65ae665446b92a050166bfa6423963623e7599f7","recovery",,"remote-recovery-candidate",
"953681023d3ed4f24c5d0c74c43aecbba2095e3d927ced3363887279e7a2b4f8","20260811230100","database_lint_hardening_followup","remote://supabase_migrations/schema_migrations/20260811230100",,,,"remote-ledger",,"remote-recovery-candidate",
"953681023d3ed4f24c5d0c74c43aecbba2095e3d927ced3363887279e7a2b4f8","20260811230200","database_lint_count_variables","recovery://Coelo-recovery-20260827-153001-final-residue/mirror-before-reconcile/20260811230200_database_lint_count_variables.sql","21036","71213a48e26a44c7b61525b46657e056fd11d7262c0948837ac002aa56c2847d","71213a48e26a44c7b61525b46657e056fd11d7262c0948837ac002aa56c2847d","recovery",,"remote-recovery-candidate",
"953681023d3ed4f24c5d0c74c43aecbba2095e3d927ced3363887279e7a2b4f8","20260811230200","database_lint_count_variables","remote://supabase_migrations/schema_migrations/20260811230200",,,,"remote-ledger",,"remote-recovery-candidate",
"953681023d3ed4f24c5d0c74c43aecbba2095e3d927ced3363887279e7a2b4f8","20260811231000","daily_routine_schema","recovery://Coelo-recovery-20260827-153001-final-residue/mirror-before-reconcile/20260811231000_daily_routine_schema.sql","15455","eae0717e06bbefaef64416af79024ed56ba09f46ad4ec4d1a697ba8ddc890fb8","f62012122087277da81af6b178166d2bc745154c41123b7d1526b0ef0aba9f79","recovery",,"local-only-recovery",
"953681023d3ed4f24c5d0c74c43aecbba2095e3d927ced3363887279e7a2b4f8","20260811231500","attendance_daily_routine_security","recovery://Coelo-recovery-20260827-153001-final-residue/mirror-before-reconcile/20260811231500_attendance_daily_routine_security.sql","36180","3146b11d56203e63bc70218fd4ce92de98aaa33bbac7c7f2a5ffdd0a3627b648","bd78813f73d3bf6665ce1cbe56086f39d14c35ea2292170f866b83ff786d885a","recovery",,"local-only-recovery",
"953681023d3ed4f24c5d0c74c43aecbba2095e3d927ced3363887279e7a2b4f8","20260811231600","daily_routine_commands","recovery://Coelo-recovery-20260827-153001-final-residue/mirror-before-reconcile/20260811231600_daily_routine_commands.sql","38392","34718b5139309b4848bf13ee98de61ddbdeb8c92bb5c927ec9a7597d87b32d74","34718b5139309b4848bf13ee98de61ddbdeb8c92bb5c927ec9a7597d87b32d74","recovery",,"local-only-recovery",
"953681023d3ed4f24c5d0c74c43aecbba2095e3d927ced3363887279e7a2b4f8","20260811231700","daily_routine_hierarchy_hardening","recovery://Coelo-recovery-20260827-153001-final-residue/mirror-before-reconcile/20260811231700_daily_routine_hierarchy_hardening.sql","51832","0cca8f349f2e036197db44572ce81ef8967102f65e96a7d8293d9dcb7ac22b17","9fb17129c3ebea92330091cf9737a62ae19f9c87276f073be9294da653ee3271","recovery",,"local-only-recovery",
"953681023d3ed4f24c5d0c74c43aecbba2095e3d927ced3363887279e7a2b4f8","20260811233609","superadmin_invites_production","recovery://Coelo-recovery-20260827-153001-final-residue/mirror-before-reconcile/20260811233609_superadmin_invites_production.sql","53893","d387f117dde47462787f89d94026464faa0956ffb6d7cf576d89a1cd888b1077","d387f117dde47462787f89d94026464faa0956ffb6d7cf576d89a1cd888b1077","recovery",,"local-only-recovery",
"953681023d3ed4f24c5d0c74c43aecbba2095e3d927ced3363887279e7a2b4f8","20260811234954","access_profile_model_commands","recovery://Coelo-recovery-20260827-153001-final-residue/mirror-before-reconcile/20260811234954_access_profile_model_commands.sql","21326","531c39f9b3bb8b69ade590320383b217116b774024b909e8d9e73dab6d1516c2","531c39f9b3bb8b69ade590320383b217116b774024b909e8d9e73dab6d1516c2","recovery",,"local-only-recovery",
"953681023d3ed4f24c5d0c74c43aecbba2095e3d927ced3363887279e7a2b4f8","20260811235155","unit_export_snapshot_fk_index","recovery://Coelo-recovery-20260827-153001-final-residue/mirror-before-reconcile/20260811235155_unit_export_snapshot_fk_index.sql","119","d2c49cb7c52962276f68c650e088321bbfc9caf1fdac024c76975e7f54b5b3eb","d2c49cb7c52962276f68c650e088321bbfc9caf1fdac024c76975e7f54b5b3eb","recovery",,"remote-recovery-candidate",
"953681023d3ed4f24c5d0c74c43aecbba2095e3d927ced3363887279e7a2b4f8","20260811235155","unit_export_snapshot_fk_index","remote://supabase_migrations/schema_migrations/20260811235155",,,,"remote-ledger",,"remote-recovery-candidate",
"953681023d3ed4f24c5d0c74c43aecbba2095e3d927ced3363887279e7a2b4f8","20260811235900","activity_template_catalog_expansion","packages/coelo_database/migrations/20260811235900_activity_template_catalog_expansion.sql","5406","df0590d656cdf0692dcf17bb0e6d33cc6853a5c373d4d858470b269511c27db7","4059a3bd470821ae02728f7ca79de4ca2ca7f777da79ad13d94248ba0d376c5e","canonical","eol-equivalent","local-only-head",
"953681023d3ed4f24c5d0c74c43aecbba2095e3d927ced3363887279e7a2b4f8","20260811235900","activity_template_catalog_expansion","recovery://Coelo-recovery-20260827-153001-final-residue/mirror-before-reconcile/20260811235900_activity_template_catalog_expansion.sql","5259","4059a3bd470821ae02728f7ca79de4ca2ca7f777da79ad13d94248ba0d376c5e","4059a3bd470821ae02728f7ca79de4ca2ca7f777da79ad13d94248ba0d376c5e","recovery","eol-equivalent","local-only-head",
"953681023d3ed4f24c5d0c74c43aecbba2095e3d927ced3363887279e7a2b4f8","20260812000000","chat_production_contract","packages/coelo_database/migrations/20260812000000_chat_production_contract.sql","31984","75e18de4d9108a55719acae93af011221fdb81e8259772bb93c52df37508fe47","3b61e7e4bc1b30c78eb23cb2f01c516d419a4b4b6e17cc63283d419463b7dd00","canonical","eol-equivalent","local-only-head",
"953681023d3ed4f24c5d0c74c43aecbba2095e3d927ced3363887279e7a2b4f8","20260812000000","chat_production_contract","recovery://Coelo-recovery-20260827-153001-final-residue/mirror-before-reconcile/20260812000000_chat_production_contract.sql","31180","3239b6fdfa52f1cd51a98478a39b8ac414f1fc44fc2f39c08d3ad16456ede0c1","3b61e7e4bc1b30c78eb23cb2f01c516d419a4b4b6e17cc63283d419463b7dd00","recovery","eol-equivalent","local-only-head",
"953681023d3ed4f24c5d0c74c43aecbba2095e3d927ced3363887279e7a2b4f8","20260812000847","audit_production","packages/coelo_database/migrations/20260812000847_audit_production.sql","66923","546127f251867629ee4110348d2aedd7af5003d28a8a3c5c0fd298c067b66b5c","8562df833a09ba3a79d972bbe0b6a533bd76647eb0d338698eecdb0ce8625b30","canonical","text-divergent","text-conflict","remote-statement-joined-ledger; statements=120; bytes=66593; sha256=4b5d73e87d96b3d1798f804de2e45cadc163cdbec9af75aa1da1b8df4973f62d"
"953681023d3ed4f24c5d0c74c43aecbba2095e3d927ced3363887279e7a2b4f8","20260812000847","audit_production","recovery://Coelo-recovery-20260827-153001-final-residue/mirror-before-reconcile/20260812000847_audit_production.sql","65891","9594676f610c3dba2f8cca1f25453eae36694d62cb2e205a70d461443e1a8556","9594676f610c3dba2f8cca1f25453eae36694d62cb2e205a70d461443e1a8556","recovery","text-divergent","text-conflict","remote-statement-joined-ledger; statements=120; bytes=66593; sha256=4b5d73e87d96b3d1798f804de2e45cadc163cdbec9af75aa1da1b8df4973f62d"
"953681023d3ed4f24c5d0c74c43aecbba2095e3d927ced3363887279e7a2b4f8","20260812000847","audit_production","remote://supabase_migrations/schema_migrations/20260812000847",,,,"remote-ledger","text-divergent","text-conflict","remote-statement-joined-ledger; statements=120; bytes=66593; sha256=4b5d73e87d96b3d1798f804de2e45cadc163cdbec9af75aa1da1b8df4973f62d"
"953681023d3ed4f24c5d0c74c43aecbba2095e3d927ced3363887279e7a2b4f8","20260812001000","import_export_hub_security","packages/coelo_database/migrations/20260812001000_import_export_hub_security.sql","12717","3eaecd8e31f2c3ba6dd227aefc8216ab1d91ac707fb202c4cfff862b5f43be5e","8e60f5d0fa2b277cb4984f411f6603b2370f2b0636ad16f296cb2858d0d4e136","canonical","eol-equivalent","local-only-head",
"953681023d3ed4f24c5d0c74c43aecbba2095e3d927ced3363887279e7a2b4f8","20260812001000","import_export_hub_security","recovery://Coelo-recovery-20260827-153001-final-residue/mirror-before-reconcile/20260812001000_import_export_hub_security.sql","12401","8e60f5d0fa2b277cb4984f411f6603b2370f2b0636ad16f296cb2858d0d4e136","8e60f5d0fa2b277cb4984f411f6603b2370f2b0636ad16f296cb2858d0d4e136","recovery","eol-equivalent","local-only-head",
"953681023d3ed4f24c5d0c74c43aecbba2095e3d927ced3363887279e7a2b4f8","20260812001950","import_export_hub_lifecycle_closure","packages/coelo_database/migrations/20260812001950_import_export_hub_lifecycle_closure.sql","3457","cca415ef3c7a26701b9b767adceb73ce8610f28d20adacfb8b9df007fd61ce52","04f406ab710efa9e2c9553b768cf0a261ba904bef191db48c0eb507f439e9bdb","canonical","eol-equivalent","local-only-head",
"953681023d3ed4f24c5d0c74c43aecbba2095e3d927ced3363887279e7a2b4f8","20260812001950","import_export_hub_lifecycle_closure","recovery://Coelo-recovery-20260827-153001-final-residue/mirror-before-reconcile/20260812001950_import_export_hub_lifecycle_closure.sql","3381","04f406ab710efa9e2c9553b768cf0a261ba904bef191db48c0eb507f439e9bdb","04f406ab710efa9e2c9553b768cf0a261ba904bef191db48c0eb507f439e9bdb","recovery","eol-equivalent","local-only-head",
"953681023d3ed4f24c5d0c74c43aecbba2095e3d927ced3363887279e7a2b4f8","20260812001975","import_export_hub_unit_lifecycle_bridge","packages/coelo_database/migrations/20260812001975_import_export_hub_unit_lifecycle_bridge.sql","6593","dd53aab6cbe91043672efef567f6f6ee86bf23b169dd4f831d9fb1b2ed54593e","f55acec922eef71674ee649a5de4fca3c882fd913c086679ae5b9d79a54118d9","canonical","eol-equivalent","local-only-head",
"953681023d3ed4f24c5d0c74c43aecbba2095e3d927ced3363887279e7a2b4f8","20260812001975","import_export_hub_unit_lifecycle_bridge","recovery://Coelo-recovery-20260827-153001-final-residue/mirror-before-reconcile/20260812001975_import_export_hub_unit_lifecycle_bridge.sql","6396","f55acec922eef71674ee649a5de4fca3c882fd913c086679ae5b9d79a54118d9","f55acec922eef71674ee649a5de4fca3c882fd913c086679ae5b9d79a54118d9","recovery","eol-equivalent","local-only-head",
"953681023d3ed4f24c5d0c74c43aecbba2095e3d927ced3363887279e7a2b4f8","20260812002000","child_safety_schema","packages/coelo_database/migrations/20260812002000_child_safety_schema.sql","16736","2912b2d52d46f1c87f1238db1c16c296360ab89f1be32b8ef1f375c513c41809","472e03f0e39adc413f6c09dbec92be499dd43ef2b1a54ac63e92232db5a600d2","canonical","text-divergent","text-conflict",
"953681023d3ed4f24c5d0c74c43aecbba2095e3d927ced3363887279e7a2b4f8","20260812002000","child_safety_schema","recovery://Coelo-recovery-20260827-153001-final-residue/mirror-before-reconcile/20260812002000_child_safety_schema.sql","16720","cbe9a47c112ff0d22f429b9dac83797709312b574f7a1098b529d86e82256285","cbe9a47c112ff0d22f429b9dac83797709312b574f7a1098b529d86e82256285","recovery","text-divergent","text-conflict",
"953681023d3ed4f24c5d0c74c43aecbba2095e3d927ced3363887279e7a2b4f8","20260812002010","import_export_unit_source_retention","packages/coelo_database/migrations/20260812002010_import_export_unit_source_retention.sql","1323","7627b9c90d2c728207a0eb58a98b947687c45d1374dff8cbf326538e3736539c","2fb32c1b0e27cf10f283724a2cf1ed031e7346cddcee200acbffe4ff2b5f490e","canonical","eol-equivalent","local-only-head",
"953681023d3ed4f24c5d0c74c43aecbba2095e3d927ced3363887279e7a2b4f8","20260812002010","import_export_unit_source_retention","recovery://Coelo-recovery-20260827-153001-final-residue/mirror-before-reconcile/20260812002010_import_export_unit_source_retention.sql","1284","2fb32c1b0e27cf10f283724a2cf1ed031e7346cddcee200acbffe4ff2b5f490e","2fb32c1b0e27cf10f283724a2cf1ed031e7346cddcee200acbffe4ff2b5f490e","recovery","eol-equivalent","local-only-head",
"953681023d3ed4f24c5d0c74c43aecbba2095e3d927ced3363887279e7a2b4f8","20260812002020","import_export_hub_private_revokes","packages/coelo_database/migrations/20260812002020_import_export_hub_private_revokes.sql","984","161a382f0868402a7b41486d7d2c5a316cc7c51a500b7340753e48a10f8cedf1","14d6b9880af66975997ad34c3c6a91c5144722cfd53cd699c317a23ea7d1d541","canonical","eol-equivalent","local-only-head",
"953681023d3ed4f24c5d0c74c43aecbba2095e3d927ced3363887279e7a2b4f8","20260812002020","import_export_hub_private_revokes","recovery://Coelo-recovery-20260827-153001-final-residue/mirror-before-reconcile/20260812002020_import_export_hub_private_revokes.sql","965","14d6b9880af66975997ad34c3c6a91c5144722cfd53cd699c317a23ea7d1d541","14d6b9880af66975997ad34c3c6a91c5144722cfd53cd699c317a23ea7d1d541","recovery","eol-equivalent","local-only-head",
"953681023d3ed4f24c5d0c74c43aecbba2095e3d927ced3363887279e7a2b4f8","20260812002100","child_safety_read_models","packages/coelo_database/migrations/20260812002100_child_safety_read_models.sql","14606","fcaccbaea2a4236ebb5d728d6b0ac9ad71d04f47fd662b22e4c80f6de2487b28","4c44897107d5165353925336784f47a7ca6d5f2ccde1ad6765bdac00d5f80b89","canonical","text-divergent","text-conflict",
"953681023d3ed4f24c5d0c74c43aecbba2095e3d927ced3363887279e7a2b4f8","20260812002100","child_safety_read_models","recovery://Coelo-recovery-20260827-153001-final-residue/mirror-before-reconcile/20260812002100_child_safety_read_models.sql","14590","27bd2d8a66df5d6a29d67696b6cf5c141e4bd0d8244b366ccd7fa966f85ef37b","27bd2d8a66df5d6a29d67696b6cf5c141e4bd0d8244b366ccd7fa966f85ef37b","recovery","text-divergent","text-conflict",
"953681023d3ed4f24c5d0c74c43aecbba2095e3d927ced3363887279e7a2b4f8","20260812002110","import_export_hub_server_listing_filters","packages/coelo_database/migrations/20260812002110_import_export_hub_server_listing_filters.sql","6102","88d1b96baed0d6cf780e03de9fddbd7613b0686b09b774d93c576577d2ba6d6f","c10e315fae587c9b705818a739df0e4c0c0de5aedbaa5fd634653a63083aff8f","canonical","eol-equivalent","local-only-head",
"953681023d3ed4f24c5d0c74c43aecbba2095e3d927ced3363887279e7a2b4f8","20260812002110","import_export_hub_server_listing_filters","recovery://Coelo-recovery-20260827-153001-final-residue/mirror-before-reconcile/20260812002110_import_export_hub_server_listing_filters.sql","6013","c10e315fae587c9b705818a739df0e4c0c0de5aedbaa5fd634653a63083aff8f","c10e315fae587c9b705818a739df0e4c0c0de5aedbaa5fd634653a63083aff8f","recovery","eol-equivalent","local-only-head",
"953681023d3ed4f24c5d0c74c43aecbba2095e3d927ced3363887279e7a2b4f8","20260812002200","child_safety_security_closure","packages/coelo_database/migrations/20260812002200_child_safety_security_closure.sql","76297","94d8b1267e6186e8c9393584bf67fdbbd7da6592560e15fbb118e5eb650f2e7c","68cf9fb73fbe7cdb08172c486032eb5b3e773c2e1661d8a2040b3e751e196d74","canonical","text-divergent","text-conflict",
"953681023d3ed4f24c5d0c74c43aecbba2095e3d927ced3363887279e7a2b4f8","20260812002200","child_safety_security_closure","recovery://Coelo-recovery-20260827-153001-final-residue/mirror-before-reconcile/20260812002200_child_safety_security_closure.sql","75254","ebd58ce1a5414feae14a15fb2010b5eec84bcaf494fdfc9ee4128203dd0b2d3c","ebd58ce1a5414feae14a15fb2010b5eec84bcaf494fdfc9ee4128203dd0b2d3c","recovery","text-divergent","text-conflict",
"953681023d3ed4f24c5d0c74c43aecbba2095e3d927ced3363887279e7a2b4f8","20260812002900","notices_status_values","packages/coelo_database/migrations/20260812002900_notices_status_values.sql","290","c2416311dc7cdf259990b68d795f486d3fdbb61e86285ed23c7676942dce390c","d21d79d7d40a24ef063e9903bf7c560c1f0d61c4aa6c2e7b2911b67a00128f23","canonical","eol-equivalent","local-only-head",
"953681023d3ed4f24c5d0c74c43aecbba2095e3d927ced3363887279e7a2b4f8","20260812002900","notices_status_values","recovery://Coelo-recovery-20260827-153001-final-residue/mirror-before-reconcile/20260812002900_notices_status_values.sql","286","d21d79d7d40a24ef063e9903bf7c560c1f0d61c4aa6c2e7b2911b67a00128f23","d21d79d7d40a24ef063e9903bf7c560c1f0d61c4aa6c2e7b2911b67a00128f23","recovery","eol-equivalent","local-only-head",
"953681023d3ed4f24c5d0c74c43aecbba2095e3d927ced3363887279e7a2b4f8","20260812003000","notices_production","packages/coelo_database/migrations/20260812003000_notices_production.sql","48669","b520ee080a51ec44b78ee577aa1997465cda8a3aeeef267419c812667fe55d26","acd21ca5a73e361dd5d293922febf6b2521e91882d2e8163731ab95972ee7de7","canonical","text-divergent","text-conflict",
"953681023d3ed4f24c5d0c74c43aecbba2095e3d927ced3363887279e7a2b4f8","20260812003000","notices_production","recovery://Coelo-recovery-20260827-153001-final-residue/mirror-before-reconcile/20260812003000_notices_production.sql","48331","b1fdd2e06fdd45dcbd03cd53811bba524e439492cf05cb48b410f87eb94a57c2","b1fdd2e06fdd45dcbd03cd53811bba524e439492cf05cb48b410f87eb94a57c2","recovery","text-divergent","text-conflict",
"953681023d3ed4f24c5d0c74c43aecbba2095e3d927ced3363887279e7a2b4f8","20260812115016","medication_plans_security","recovery://Coelo-recovery-20260827-153001-final-residue/mirror-before-reconcile/20260812115016_medication_plans_security.sql","47398","542cedafd46c9b0643128c0d773750757ae07fc1c859cfef4f949f7bfcd91a2f","198c5bb4ca67a24b053a6133bf5d06631745204ab438d1cbbe1e4864cf58d973","recovery",,"local-only-recovery",
"953681023d3ed4f24c5d0c74c43aecbba2095e3d927ced3363887279e7a2b4f8","20260812120000","daily_routine_security_hardening","recovery://Coelo-recovery-20260827-153001-final-residue/mirror-before-reconcile/20260812120000_daily_routine_security_hardening.sql","17762","95605b104b02d325bc365719a0fff00bfcca115825e47794332ae2bb05088961","38362cd869704c1bd89630862064418ff85b32132471af66d66a41bc34579ecf","recovery",,"local-only-recovery",
"953681023d3ed4f24c5d0c74c43aecbba2095e3d927ced3363887279e7a2b4f8","20260812120244","chat_rpc_contract_hardening","packages/coelo_database/migrations/20260812120244_chat_rpc_contract_hardening.sql","2314","c352e493ce754fafe98aa5d84496e97ad5ecc043624d98c2434b1c8f1721a7aa","b8a87f6e0ab1ca5ef6720e76d42de96301ae28d95c311933c302058deb7c72d4","canonical","eol-equivalent","local-only-head",
"953681023d3ed4f24c5d0c74c43aecbba2095e3d927ced3363887279e7a2b4f8","20260812120244","chat_rpc_contract_hardening","recovery://Coelo-recovery-20260827-153001-final-residue/mirror-before-reconcile/20260812120244_chat_rpc_contract_hardening.sql","2258","b8a87f6e0ab1ca5ef6720e76d42de96301ae28d95c311933c302058deb7c72d4","b8a87f6e0ab1ca5ef6720e76d42de96301ae28d95c311933c302058deb7c72d4","recovery","eol-equivalent","local-only-head",
"953681023d3ed4f24c5d0c74c43aecbba2095e3d927ced3363887279e7a2b4f8","20260812121146","chat_typed_rpc_presentation_contract","packages/coelo_database/migrations/20260812121146_chat_typed_rpc_presentation_contract.sql","8428","83cf6d229f267fbe7675f421c17d6aeaff46932bd6055b684378f0f3696efa0a","4205b35c79b1d4770d27703cd493e5a10af4ba4df5fb4410443a1698deab5eec","canonical","eol-equivalent","local-only-head",
"953681023d3ed4f24c5d0c74c43aecbba2095e3d927ced3363887279e7a2b4f8","20260812121146","chat_typed_rpc_presentation_contract","recovery://Coelo-recovery-20260827-153001-final-residue/mirror-before-reconcile/20260812121146_chat_typed_rpc_presentation_contract.sql","8204","4205b35c79b1d4770d27703cd493e5a10af4ba4df5fb4410443a1698deab5eec","4205b35c79b1d4770d27703cd493e5a10af4ba4df5fb4410443a1698deab5eec","recovery","eol-equivalent","local-only-head",
"953681023d3ed4f24c5d0c74c43aecbba2095e3d927ced3363887279e7a2b4f8","20260812123500","care_profiles_global_foundation","recovery://Coelo-recovery-20260827-153001-final-residue/mirror-before-reconcile/20260812123500_care_profiles_global_foundation.sql","9478","9e46267eed703116d66e3c6f84cb45440bb82a598557226dc6a7dcd5ee063c75","bfdafa69095e777392f3a1af7e8c6352596a5686d2dc626747e3800b3a169009","recovery",,"local-only-recovery",
"953681023d3ed4f24c5d0c74c43aecbba2095e3d927ced3363887279e7a2b4f8","20260812124000","care_profiles_ownership_security","recovery://Coelo-recovery-20260827-153001-final-residue/mirror-before-reconcile/20260812124000_care_profiles_ownership_security.sql","15620","2dbd91e08efb0ff66fca6f8d83ef340dc03646948545b7ac3ad88381b9cca6b0","0752bdffa2cf6c2f35a2c043f429d7d9c19293265e9c8e938c19a2096c685654","recovery",,"local-only-recovery",
"953681023d3ed4f24c5d0c74c43aecbba2095e3d927ced3363887279e7a2b4f8","20260812131952","unit_edge_execution_scope","recovery://Coelo-recovery-20260827-153001-final-residue/mirror-before-reconcile/20260812131952_unit_edge_execution_scope.sql","2306","2fcc126eb27b12cd44ebc5d982c06c0cb3a4a1e05c34a932f265859583408121","2fcc126eb27b12cd44ebc5d982c06c0cb3a4a1e05c34a932f265859583408121","recovery",,"remote-recovery-candidate",
"953681023d3ed4f24c5d0c74c43aecbba2095e3d927ced3363887279e7a2b4f8","20260812131952","unit_edge_execution_scope","remote://supabase_migrations/schema_migrations/20260812131952",,,,"remote-ledger",,"remote-recovery-candidate",
"953681023d3ed4f24c5d0c74c43aecbba2095e3d927ced3363887279e7a2b4f8","20260812134000","access_profile_definition_files_and_rate_limits","recovery://Coelo-recovery-20260827-153001-final-residue/mirror-before-reconcile/20260812134000_access_profile_definition_files_and_rate_limits.sql","37283","cfda50cf75d036ad208e6dd1bcc52e0ae9ffefc5549e90ca2872ab67267cf788","5eb1fe3d224303856aea60a343f892c4460231ce6a562594a20eaa003971f442","recovery",,"local-only-recovery",
"953681023d3ed4f24c5d0c74c43aecbba2095e3d927ced3363887279e7a2b4f8","20260812135220","access_profile_principal_profiles_closure","recovery://Coelo-recovery-20260827-153001-final-residue/mirror-before-reconcile/20260812135220_access_profile_principal_profiles_closure.sql","48352","3723e148b72b3d3c0a34d365c82b99ee59e4e9ca152334a3245e7754e534c46d","ad7a562cc70d765a0ce179c93390d13b9484b14f86d0cfd3659494a4593d0cbf","recovery",,"local-only-recovery",
"953681023d3ed4f24c5d0c74c43aecbba2095e3d927ced3363887279e7a2b4f8","20260812143000","daily_routine_scope_closure","recovery://Coelo-recovery-20260827-153001-final-residue/mirror-before-reconcile/20260812143000_daily_routine_scope_closure.sql","7627","8e0fbb505e21174f090ae377ffb1d2be51b16b04d55171b271377e57e1990a44","8e0fbb505e21174f090ae377ffb1d2be51b16b04d55171b271377e57e1990a44","recovery",,"local-only-recovery",
"953681023d3ed4f24c5d0c74c43aecbba2095e3d927ced3363887279e7a2b4f8","20260812143500","daily_routine_model_scope_hardening","recovery://Coelo-recovery-20260827-153001-final-residue/mirror-before-reconcile/20260812143500_daily_routine_model_scope_hardening.sql","7586","9bbce4b6f06b868fa4087f42882937397944ddbdd89e805a67f6635d3eea4984","8a35e12dae36489897e8054517c2556e5cedb182fc03d9cfb5bd813e89e2655d","recovery",,"local-only-recovery",
"953681023d3ed4f24c5d0c74c43aecbba2095e3d927ced3363887279e7a2b4f8","20260812144000","daily_routine_application_save_scope","recovery://Coelo-recovery-20260827-153001-final-residue/mirror-before-reconcile/20260812144000_daily_routine_application_save_scope.sql","3781","b8b7429d485e2a07d51ebcd20b37432404a700b791ea80210e9f75b6a20c47de","b8b7429d485e2a07d51ebcd20b37432404a700b791ea80210e9f75b6a20c47de","recovery",,"local-only-recovery",
"953681023d3ed4f24c5d0c74c43aecbba2095e3d927ced3363887279e7a2b4f8","20260812144500","activity_template_create_command","packages/coelo_database/migrations/20260812144500_activity_template_create_command.sql","7065","581c8602b7891fafea50d11997ca52a70a631cf9576b45472c0a9c169d9d0d85","e21cf68998ab981a2e3f50380627df762812922c2f4a4eeaaf14fb2e49b89e91","canonical","eol-equivalent","local-only-head",
"953681023d3ed4f24c5d0c74c43aecbba2095e3d927ced3363887279e7a2b4f8","20260812144500","activity_template_create_command","recovery://Coelo-recovery-20260827-153001-final-residue/mirror-before-reconcile/20260812144500_activity_template_create_command.sql","6819","e21cf68998ab981a2e3f50380627df762812922c2f4a4eeaaf14fb2e49b89e91","e21cf68998ab981a2e3f50380627df762812922c2f4a4eeaaf14fb2e49b89e91","recovery","eol-equivalent","local-only-head",
"953681023d3ed4f24c5d0c74c43aecbba2095e3d927ced3363887279e7a2b4f8","20260812150000","daily_routine_model_version_id_remap","recovery://Coelo-recovery-20260827-153001-final-residue/mirror-before-reconcile/20260812150000_daily_routine_model_version_id_remap.sql","10251","c66e85b07dad7fb4223a4a7c5e783bf561c534e4f5edc7ef79bb2cfa6a7687b5","c66e85b07dad7fb4223a4a7c5e783bf561c534e4f5edc7ef79bb2cfa6a7687b5","recovery",,"local-only-recovery",
"953681023d3ed4f24c5d0c74c43aecbba2095e3d927ced3363887279e7a2b4f8","20260812150100","daily_routine_model_version_id_remap_idempotency","recovery://Coelo-recovery-20260827-153001-final-residue/mirror-before-reconcile/20260812150100_daily_routine_model_version_id_remap_idempotency.sql","5007","6fc32954a6343106fadad907f307f03cd4454f41db6474ebd8a3adff8bfb7967","6fc32954a6343106fadad907f307f03cd4454f41db6474ebd8a3adff8bfb7967","recovery",,"local-only-recovery",
"953681023d3ed4f24c5d0c74c43aecbba2095e3d927ced3363887279e7a2b4f8","20260813120000","meal_plans_superadmin","packages/coelo_database/migrations/20260813120000_meal_plans_superadmin.sql","18782","19961f34bfb493843522342513dc89e99807e9eac5ff0679e3a3b0b8c5f4f0f6","2cb10d7b1b0bdc69ab3535c53094468b343e0f5536feaccaef83b68c31eb190a","canonical",,"local-only-head",
"953681023d3ed4f24c5d0c74c43aecbba2095e3d927ced3363887279e7a2b4f8","20260813123000","meal_plans_policy_hardening","packages/coelo_database/migrations/20260813123000_meal_plans_policy_hardening.sql","864","405f76c54f67513e5840b4d118d1de4dc5d59b8fbc57557863ae47884dd37352","6082344c1e5360ce64e95750bbc0f72cfc2251258d501410691e35976974c404","canonical",,"local-only-head",
"953681023d3ed4f24c5d0c74c43aecbba2095e3d927ced3363887279e7a2b4f8","20260813124500","meal_plans_rpc_grants_hardening","packages/coelo_database/migrations/20260813124500_meal_plans_rpc_grants_hardening.sql","1471","80ce04db14e4a6513a3a7010b56e479eb5141acb98adb7eea3aa7415865a2270","eefbe05459ed4eafeab0848ba0b6d36550b307d6839004ff2dd47ccafdf14f42","canonical",,"local-only-head",
"953681023d3ed4f24c5d0c74c43aecbba2095e3d927ced3363887279e7a2b4f8","20260813155005","forms_definition_and_capabilities","packages/coelo_database/migrations/20260813155005_forms_definition_and_capabilities.sql","24572","3a3d2bd348948cdef78a3a0c712c9eae8a6a6fb8be59b8fd942a445f6cbb6e36","d6d1988a56891d0ec3085ef78e955141395af4b042c05d2040ad54aad010c5e5","canonical","text-divergent","text-conflict",
"953681023d3ed4f24c5d0c74c43aecbba2095e3d927ced3363887279e7a2b4f8","20260813155005","forms_definition_and_capabilities","recovery://Coelo-recovery-20260827-153001-final-residue/mirror-before-reconcile/20260813155005_forms_definition_and_capabilities.sql","24780","6554b8eeaaf76d431ca32c0d5d911d25ba6ad9ba90deb21d9b8d3d83893a5459","6554b8eeaaf76d431ca32c0d5d911d25ba6ad9ba90deb21d9b8d3d83893a5459","recovery","text-divergent","text-conflict",
"953681023d3ed4f24c5d0c74c43aecbba2095e3d927ced3363887279e7a2b4f8","20260813155005","forms_definition_and_capabilities","remote://supabase_migrations/schema_migrations/20260813155005",,,,"remote-ledger","text-divergent","text-conflict",
"953681023d3ed4f24c5d0c74c43aecbba2095e3d927ced3363887279e7a2b4f8","20260813155116","forms_distribution_and_occurrences","packages/coelo_database/migrations/20260813155116_forms_distribution_and_occurrences.sql","11045","ab79c2616fa74944f5213e9544e0033d438308cf4a44b33bce34d7617421b2a0","6732971107f3b6c84de65dfb80e391a93cd3cb3fee2fe2da6aa84ba519e96d1f","canonical","eol-equivalent","remote-version+head-present",
"953681023d3ed4f24c5d0c74c43aecbba2095e3d927ced3363887279e7a2b4f8","20260813155116","forms_distribution_and_occurrences","recovery://Coelo-recovery-20260827-153001-final-residue/mirror-before-reconcile/20260813155116_forms_distribution_and_occurrences.sql","10838","6732971107f3b6c84de65dfb80e391a93cd3cb3fee2fe2da6aa84ba519e96d1f","6732971107f3b6c84de65dfb80e391a93cd3cb3fee2fe2da6aa84ba519e96d1f","recovery","eol-equivalent","remote-version+head-present",
"953681023d3ed4f24c5d0c74c43aecbba2095e3d927ced3363887279e7a2b4f8","20260813155116","forms_distribution_and_occurrences","remote://supabase_migrations/schema_migrations/20260813155116",,,,"remote-ledger","eol-equivalent","remote-version+head-present",
"953681023d3ed4f24c5d0c74c43aecbba2095e3d927ced3363887279e7a2b4f8","20260813155118","forms_responses_and_private_media","packages/coelo_database/migrations/20260813155118_forms_responses_and_private_media.sql","8948","10d338d20948338f16170e3e95fdd3596562be4e3f2056174087edd6bc2a6ee2","3d7c9bc5929d431d3a6039c5de63f6c7d51e2739a8b8c11a3dd6d5d90b1443da","canonical","eol-equivalent","remote-version+head-present",
"953681023d3ed4f24c5d0c74c43aecbba2095e3d927ced3363887279e7a2b4f8","20260813155118","forms_responses_and_private_media","recovery://Coelo-recovery-20260827-153001-final-residue/mirror-before-reconcile/20260813155118_forms_responses_and_private_media.sql","8771","3d7c9bc5929d431d3a6039c5de63f6c7d51e2739a8b8c11a3dd6d5d90b1443da","3d7c9bc5929d431d3a6039c5de63f6c7d51e2739a8b8c11a3dd6d5d90b1443da","recovery","eol-equivalent","remote-version+head-present",
"953681023d3ed4f24c5d0c74c43aecbba2095e3d927ced3363887279e7a2b4f8","20260813155118","forms_responses_and_private_media","remote://supabase_migrations/schema_migrations/20260813155118",,,,"remote-ledger","eol-equivalent","remote-version+head-present",
"953681023d3ed4f24c5d0c74c43aecbba2095e3d927ced3363887279e7a2b4f8","20260813155121","forms_commands_and_projections","packages/coelo_database/migrations/20260813155121_forms_commands_and_projections.sql","107732","cc4aba66cd457862ad8f112876c9e030797bbbbee85acb2faacfa1b0cab7d24a","2698bcb9025b7984dec5518bf9e9b5e310633a689aa379287f7714d4ad0427b1","canonical","eol-equivalent","remote-version+head-present",
"953681023d3ed4f24c5d0c74c43aecbba2095e3d927ced3363887279e7a2b4f8","20260813155121","forms_commands_and_projections","recovery://Coelo-recovery-20260827-153001-final-residue/mirror-before-reconcile/20260813155121_forms_commands_and_projections.sql","105477","2698bcb9025b7984dec5518bf9e9b5e310633a689aa379287f7714d4ad0427b1","2698bcb9025b7984dec5518bf9e9b5e310633a689aa379287f7714d4ad0427b1","recovery","eol-equivalent","remote-version+head-present",
"953681023d3ed4f24c5d0c74c43aecbba2095e3d927ced3363887279e7a2b4f8","20260813155121","forms_commands_and_projections","remote://supabase_migrations/schema_migrations/20260813155121",,,,"remote-ledger","eol-equivalent","remote-version+head-present",
"953681023d3ed4f24c5d0c74c43aecbba2095e3d927ced3363887279e7a2b4f8","20260813155124","forms_jobs_notifications_and_exports","packages/coelo_database/migrations/20260813155124_forms_jobs_notifications_and_exports.sql","65357","431bc871f2625f040ef51e49603905e0bb1696410fd90de7ef9000a508ec71f0","df39ff9f2ce74f3dda788aec8994247d7017af2aaa29b5dd7c3dfacbd05a7b42","canonical","eol-equivalent","remote-version+head-present",
"953681023d3ed4f24c5d0c74c43aecbba2095e3d927ced3363887279e7a2b4f8","20260813155124","forms_jobs_notifications_and_exports","recovery://Coelo-recovery-20260827-153001-final-residue/mirror-before-reconcile/20260813155124_forms_jobs_notifications_and_exports.sql","64000","df39ff9f2ce74f3dda788aec8994247d7017af2aaa29b5dd7c3dfacbd05a7b42","df39ff9f2ce74f3dda788aec8994247d7017af2aaa29b5dd7c3dfacbd05a7b42","recovery","eol-equivalent","remote-version+head-present",
"953681023d3ed4f24c5d0c74c43aecbba2095e3d927ced3363887279e7a2b4f8","20260813155124","forms_jobs_notifications_and_exports","remote://supabase_migrations/schema_migrations/20260813155124",,,,"remote-ledger","eol-equivalent","remote-version+head-present",
"953681023d3ed4f24c5d0c74c43aecbba2095e3d927ced3363887279e7a2b4f8","20260813155126","forms_security_performance_closure","packages/coelo_database/migrations/20260813155126_forms_security_performance_closure.sql","52485","2b2a40bcc4c8c85b41765fbecde28dcfdc033f6791bd35313b2d3b8212b2e5e1","d70f90932e4e9b8818f749cd7bf6e7704d3cb02611761bcd7aa4fbafb2be73b0","canonical","eol-equivalent","remote-version+head-present",
"953681023d3ed4f24c5d0c74c43aecbba2095e3d927ced3363887279e7a2b4f8","20260813155126","forms_security_performance_closure","recovery://Coelo-recovery-20260827-153001-final-residue/mirror-before-reconcile/20260813155126_forms_security_performance_closure.sql","51323","d70f90932e4e9b8818f749cd7bf6e7704d3cb02611761bcd7aa4fbafb2be73b0","d70f90932e4e9b8818f749cd7bf6e7704d3cb02611761bcd7aa4fbafb2be73b0","recovery","eol-equivalent","remote-version+head-present",
"953681023d3ed4f24c5d0c74c43aecbba2095e3d927ced3363887279e7a2b4f8","20260813155126","forms_security_performance_closure","remote://supabase_migrations/schema_migrations/20260813155126",,,,"remote-ledger","eol-equivalent","remote-version+head-present",
"953681023d3ed4f24c5d0c74c43aecbba2095e3d927ced3363887279e7a2b4f8","20260813170001","forms_monitor_hierarchy","packages/coelo_database/migrations/20260813170001_forms_monitor_hierarchy.sql","15993","7758f30cc1f6bcbf7d5f726a7f84b9951c6ca92c2013bddb461cba169b6da618","8b6f9dc153ca27fd10210fb03573d6bcb1bf18ed0fcb7d10d23a9545d9d50318","canonical","eol-equivalent","remote-version+head-present",
"953681023d3ed4f24c5d0c74c43aecbba2095e3d927ced3363887279e7a2b4f8","20260813170001","forms_monitor_hierarchy","recovery://Coelo-recovery-20260827-153001-final-residue/mirror-before-reconcile/20260813170001_forms_monitor_hierarchy.sql","15699","8b6f9dc153ca27fd10210fb03573d6bcb1bf18ed0fcb7d10d23a9545d9d50318","8b6f9dc153ca27fd10210fb03573d6bcb1bf18ed0fcb7d10d23a9545d9d50318","recovery","eol-equivalent","remote-version+head-present",
"953681023d3ed4f24c5d0c74c43aecbba2095e3d927ced3363887279e7a2b4f8","20260813170001","forms_monitor_hierarchy","remote://supabase_migrations/schema_migrations/20260813170001",,,,"remote-ledger","eol-equivalent","remote-version+head-present",
"953681023d3ed4f24c5d0c74c43aecbba2095e3d927ced3363887279e7a2b4f8","20260813181952","meal_plans_superadmin","recovery://Coelo-recovery-20260827-153001-final-residue/mirror-before-reconcile/20260813181952_meal_plans_superadmin.sql","17316","7fb85566c8c636b7e6edee6e2b8b502c19c53daf595e4b76cbea0d06c6a6c0b6","7fb85566c8c636b7e6edee6e2b8b502c19c53daf595e4b76cbea0d06c6a6c0b6","recovery",,"remote-recovery-candidate",
"953681023d3ed4f24c5d0c74c43aecbba2095e3d927ced3363887279e7a2b4f8","20260813181952","meal_plans_superadmin","remote://supabase_migrations/schema_migrations/20260813181952",,,,"remote-ledger",,"remote-recovery-candidate",
"953681023d3ed4f24c5d0c74c43aecbba2095e3d927ced3363887279e7a2b4f8","20260813182036","meal_plans_policy_hardening","recovery://Coelo-recovery-20260827-153001-final-residue/mirror-before-reconcile/20260813182036_meal_plans_policy_hardening.sql","846","6082344c1e5360ce64e95750bbc0f72cfc2251258d501410691e35976974c404","6082344c1e5360ce64e95750bbc0f72cfc2251258d501410691e35976974c404","recovery",,"remote-recovery-candidate",
"953681023d3ed4f24c5d0c74c43aecbba2095e3d927ced3363887279e7a2b4f8","20260813182036","meal_plans_policy_hardening","remote://supabase_migrations/schema_migrations/20260813182036",,,,"remote-ledger",,"remote-recovery-candidate",
"953681023d3ed4f24c5d0c74c43aecbba2095e3d927ced3363887279e7a2b4f8","20260813182115","meal_plans_rpc_grants_hardening","recovery://Coelo-recovery-20260827-153001-final-residue/mirror-before-reconcile/20260813182115_meal_plans_rpc_grants_hardening.sql","1453","eefbe05459ed4eafeab0848ba0b6d36550b307d6839004ff2dd47ccafdf14f42","eefbe05459ed4eafeab0848ba0b6d36550b307d6839004ff2dd47ccafdf14f42","recovery",,"remote-recovery-candidate",
"953681023d3ed4f24c5d0c74c43aecbba2095e3d927ced3363887279e7a2b4f8","20260813182115","meal_plans_rpc_grants_hardening","remote://supabase_migrations/schema_migrations/20260813182115",,,,"remote-ledger",,"remote-recovery-candidate",
"953681023d3ed4f24c5d0c74c43aecbba2095e3d927ced3363887279e7a2b4f8","20260820114916","meal_plans_scope_guard_20260820","recovery://Coelo-recovery-20260827-153001-final-residue/mirror-before-reconcile/20260820114916_meal_plans_scope_guard_20260820.sql","1811","e00a00510d1983397cc62dac3147c2ddc773c9163ca822953d9dee4637462ceb","e00a00510d1983397cc62dac3147c2ddc773c9163ca822953d9dee4637462ceb","recovery",,"remote-recovery-candidate",
"953681023d3ed4f24c5d0c74c43aecbba2095e3d927ced3363887279e7a2b4f8","20260820114916","meal_plans_scope_guard_20260820","remote://supabase_migrations/schema_migrations/20260820114916",,,,"remote-ledger",,"remote-recovery-candidate",
"953681023d3ed4f24c5d0c74c43aecbba2095e3d927ced3363887279e7a2b4f8","20260820114935","meal_plans_invoker_rls_20260820","recovery://Coelo-recovery-20260827-153001-final-residue/mirror-before-reconcile/20260820114935_meal_plans_invoker_rls_20260820.sql","776","b4fd3d83f4b9e804b13ebd9c09471ee54502fd7a9ccfa3970d61a0fd3d29da47","b4fd3d83f4b9e804b13ebd9c09471ee54502fd7a9ccfa3970d61a0fd3d29da47","recovery",,"remote-recovery-candidate",
"953681023d3ed4f24c5d0c74c43aecbba2095e3d927ced3363887279e7a2b4f8","20260820114935","meal_plans_invoker_rls_20260820","remote://supabase_migrations/schema_migrations/20260820114935",,,,"remote-ledger",,"remote-recovery-candidate",
"953681023d3ed4f24c5d0c74c43aecbba2095e3d927ced3363887279e7a2b4f8","20260820121005","meal_plans_conflict_precedence_20260820","recovery://Coelo-recovery-20260827-153001-final-residue/mirror-before-reconcile/20260820121005_meal_plans_conflict_precedence_20260820.sql","2605","f647f10addfa5efffe701ea418921adcf8e0d8fa55b417741a03432f8181b983","f647f10addfa5efffe701ea418921adcf8e0d8fa55b417741a03432f8181b983","recovery",,"remote-recovery-candidate",
"953681023d3ed4f24c5d0c74c43aecbba2095e3d927ced3363887279e7a2b4f8","20260820121005","meal_plans_conflict_precedence_20260820","remote://supabase_migrations/schema_migrations/20260820121005",,,,"remote-ledger",,"remote-recovery-candidate",
"953681023d3ed4f24c5d0c74c43aecbba2095e3d927ced3363887279e7a2b4f8","20260820124500","forms_route_context","recovery://Coelo-recovery-20260827-153001-final-residue/mirror-before-reconcile/20260820124500_forms_route_context.sql","2637","1569d6537da9b26b9be3899aaff3663af368247aa262e5635dfc067994328278","1569d6537da9b26b9be3899aaff3663af368247aa262e5635dfc067994328278","recovery",,"remote-recovery-candidate",
"953681023d3ed4f24c5d0c74c43aecbba2095e3d927ced3363887279e7a2b4f8","20260820124500","forms_route_context","remote://supabase_migrations/schema_migrations/20260820124500",,,,"remote-ledger",,"remote-recovery-candidate",
"953681023d3ed4f24c5d0c74c43aecbba2095e3d927ced3363887279e7a2b4f8","20260820140933","unit_redundant_scope_index_cleanup","recovery://Coelo-recovery-20260827-153001-final-residue/mirror-before-reconcile/20260820140933_unit_redundant_scope_index_cleanup.sql","227","6c1200b07b3862b60b7d702704310696950afd24721b290729d5cb2274fbbbef","6c1200b07b3862b60b7d702704310696950afd24721b290729d5cb2274fbbbef","recovery",,"local-only-recovery",
"953681023d3ed4f24c5d0c74c43aecbba2095e3d927ced3363887279e7a2b4f8","20260820140934","unit_legacy_export_page_revoke","recovery://Coelo-recovery-20260827-153001-final-residue/mirror-before-reconcile/20260820140934_unit_legacy_export_page_revoke.sql","224","1636ea8e6938b88086634a576fc0c644aabb8158c5e9390073756d75eb342884","1636ea8e6938b88086634a576fc0c644aabb8158c5e9390073756d75eb342884","recovery",,"local-only-recovery",
"953681023d3ed4f24c5d0c74c43aecbba2095e3d927ced3363887279e7a2b4f8","20260820140935","unit_failure_execution_scope_hardening","recovery://Coelo-recovery-20260827-153001-final-residue/mirror-before-reconcile/20260820140935_unit_failure_execution_scope_hardening.sql","1806","85a84e7d8ba3d1940e4279e2c752ade4041ce54e7c57b37f853168b9fc7c4edc","85a84e7d8ba3d1940e4279e2c752ade4041ce54e7c57b37f853168b9fc7c4edc","recovery",,"local-only-recovery",
"953681023d3ed4f24c5d0c74c43aecbba2095e3d927ced3363887279e7a2b4f8","20260820143725","forms_editor_application_projection","recovery://Coelo-recovery-20260827-153001-final-residue/mirror-before-reconcile/20260820143725_forms_editor_application_projection.sql","5638","b2e7acb44bf58e62c6fa5416fda434bdd9ce3bb6aff297fd27872280d07588dc","b2e7acb44bf58e62c6fa5416fda434bdd9ce3bb6aff297fd27872280d07588dc","recovery",,"remote-recovery-candidate",
"953681023d3ed4f24c5d0c74c43aecbba2095e3d927ced3363887279e7a2b4f8","20260820143725","forms_editor_application_projection","remote://supabase_migrations/schema_migrations/20260820143725",,,,"remote-ledger",,"remote-recovery-candidate",
"953681023d3ed4f24c5d0c74c43aecbba2095e3d927ced3363887279e7a2b4f8","20260820150000","meal_plans_tenant_conflict_hardening","packages/coelo_database/migrations/20260820150000_meal_plans_tenant_conflict_hardening.sql","12852","04c9254094287405d6539dcdf6befe4101389f3a7b42056ae1a8e50f73090278","23d7cb45a58f419798afa4a1c831b145721a28e9225a8c29e0e18b8770d67538","canonical","eol-equivalent","local-only-head",
"953681023d3ed4f24c5d0c74c43aecbba2095e3d927ced3363887279e7a2b4f8","20260820150000","meal_plans_tenant_conflict_hardening","recovery://Coelo-recovery-20260827-153001-final-residue/mirror-before-reconcile/20260820150000_meal_plans_tenant_conflict_hardening.sql","12692","23d7cb45a58f419798afa4a1c831b145721a28e9225a8c29e0e18b8770d67538","23d7cb45a58f419798afa4a1c831b145721a28e9225a8c29e0e18b8770d67538","recovery","eol-equivalent","local-only-head",
"953681023d3ed4f24c5d0c74c43aecbba2095e3d927ced3363887279e7a2b4f8","20260820150500","meal_plans_scope_guard","packages/coelo_database/migrations/20260820150500_meal_plans_scope_guard.sql","2221","d824e0cba683b2afb193e711d7889b857b72de59830600f36f3492d1371dd479","9e71575a10d281e36c470ca983a1f97b31371a753a5a9b4149a24ebeba18d2e5","canonical",,"local-only-head",
"953681023d3ed4f24c5d0c74c43aecbba2095e3d927ced3363887279e7a2b4f8","20260820151000","meal_plans_invoker_rls","packages/coelo_database/migrations/20260820151000_meal_plans_invoker_rls.sql","791","242ff78106ea3c6bcdf3c72d15f39990d1d6b1492cbf80bef7c1b945e38adc3a","b4fd3d83f4b9e804b13ebd9c09471ee54502fd7a9ccfa3970d61a0fd3d29da47","canonical",,"local-only-head",
"953681023d3ed4f24c5d0c74c43aecbba2095e3d927ced3363887279e7a2b4f8","20260820152528","forms_editor_application_capability_guard","packages/coelo_database/migrations/20260820152528_forms_editor_application_capability_guard.sql","1669","ca40b79327b8d61ac45d1914d6d8424ea2580f487205e91f5f3883f19acba81c","8aa8e317a256aa9fe16111345f679f9a75b4a1207873e745bb45ede53a9add00","canonical","eol-equivalent","remote-version+head-present",
"953681023d3ed4f24c5d0c74c43aecbba2095e3d927ced3363887279e7a2b4f8","20260820152528","forms_editor_application_capability_guard","recovery://Coelo-recovery-20260827-153001-final-residue/mirror-before-reconcile/20260820152528_forms_editor_application_capability_guard.sql","1617","8aa8e317a256aa9fe16111345f679f9a75b4a1207873e745bb45ede53a9add00","8aa8e317a256aa9fe16111345f679f9a75b4a1207873e745bb45ede53a9add00","recovery","eol-equivalent","remote-version+head-present",
"953681023d3ed4f24c5d0c74c43aecbba2095e3d927ced3363887279e7a2b4f8","20260820152528","forms_editor_application_capability_guard","remote://supabase_migrations/schema_migrations/20260820152528",,,,"remote-ledger","eol-equivalent","remote-version+head-present",
"953681023d3ed4f24c5d0c74c43aecbba2095e3d927ced3363887279e7a2b4f8","20260820153750","forms_performance_hardening","recovery://Coelo-recovery-20260827-153001-final-residue/mirror-before-reconcile/20260820153750_forms_performance_hardening.sql","11151","0ee4108df66c7e3485e328e3ac5fc99fe778c5b438599c5aea0edfbebba1b6ed","0ee4108df66c7e3485e328e3ac5fc99fe778c5b438599c5aea0edfbebba1b6ed","recovery",,"remote-recovery-candidate",
"953681023d3ed4f24c5d0c74c43aecbba2095e3d927ced3363887279e7a2b4f8","20260820153750","forms_performance_hardening","remote://supabase_migrations/schema_migrations/20260820153750",,,,"remote-ledger",,"remote-recovery-candidate",
"953681023d3ed4f24c5d0c74c43aecbba2095e3d927ced3363887279e7a2b4f8","20260820154638","forms_distribution_cardinality_limits","packages/coelo_database/migrations/20260820154638_forms_distribution_cardinality_limits.sql","15118","659d7ee37882398ba3d537c15f383ee65e45cfc4a570417b105535e0e6e7bf16","bf3914e3f8c96ff30c6860a5cb827eff8433297b7c923622ab0a233926528b6e","canonical","eol-equivalent","remote-version+head-present",
"953681023d3ed4f24c5d0c74c43aecbba2095e3d927ced3363887279e7a2b4f8","20260820154638","forms_distribution_cardinality_limits","recovery://Coelo-recovery-20260827-153001-final-residue/mirror-before-reconcile/20260820154638_forms_distribution_cardinality_limits.sql","14787","bf3914e3f8c96ff30c6860a5cb827eff8433297b7c923622ab0a233926528b6e","bf3914e3f8c96ff30c6860a5cb827eff8433297b7c923622ab0a233926528b6e","recovery","eol-equivalent","remote-version+head-present",
"953681023d3ed4f24c5d0c74c43aecbba2095e3d927ced3363887279e7a2b4f8","20260820154638","forms_distribution_cardinality_limits","remote://supabase_migrations/schema_migrations/20260820154638",,,,"remote-ledger","eol-equivalent","remote-version+head-present",
"953681023d3ed4f24c5d0c74c43aecbba2095e3d927ced3363887279e7a2b4f8","20260820154917","meal_plans_model_audience_availability_v2","recovery://Coelo-recovery-20260827-153001-final-residue/mirror-before-reconcile/20260820154917_meal_plans_model_audience_availability_v2.sql","66740","2fa3942014ae0e38419923d8cbdd0b10e0bddd169e836e840e1a55608c67a4b8","7abc0ebfcfca10c8d84cae4f78df3bb569e795d2662f89de6b7fa68d0b2b463d","recovery",,"remote-recovery-candidate",
"953681023d3ed4f24c5d0c74c43aecbba2095e3d927ced3363887279e7a2b4f8","20260820154917","meal_plans_model_audience_availability_v2","remote://supabase_migrations/schema_migrations/20260820154917",,,,"remote-ledger",,"remote-recovery-candidate",
"953681023d3ed4f24c5d0c74c43aecbba2095e3d927ced3363887279e7a2b4f8","20260820160000","meal_plans_model_audience_availability","packages/coelo_database/migrations/20260820160000_meal_plans_model_audience_availability.sql","68121","f4e8c88ba3c92afeade49d969d625b124bf6196bc1d7da58008bea6bceacc8e3","7abc0ebfcfca10c8d84cae4f78df3bb569e795d2662f89de6b7fa68d0b2b463d","canonical",,"local-only-head",
"953681023d3ed4f24c5d0c74c43aecbba2095e3d927ced3363887279e7a2b4f8","20260820164500","forms_export_download_authorization","recovery://Coelo-recovery-20260827-153001-final-residue/mirror-before-reconcile/20260820164500_forms_export_download_authorization.sql","6013","a4cc76ca918192e138b3e07f0f0f88bebd38f59f71254620f392298cb98120bb","a4cc76ca918192e138b3e07f0f0f88bebd38f59f71254620f392298cb98120bb","recovery",,"remote-recovery-candidate",
"953681023d3ed4f24c5d0c74c43aecbba2095e3d927ced3363887279e7a2b4f8","20260820164500","forms_export_download_authorization","remote://supabase_migrations/schema_migrations/20260820164500",,,,"remote-ledger",,"remote-recovery-candidate",
"953681023d3ed4f24c5d0c74c43aecbba2095e3d927ced3363887279e7a2b4f8","20260820164600","forms_export_download_capability_hardening","recovery://Coelo-recovery-20260827-153001-final-residue/mirror-before-reconcile/20260820164600_forms_export_download_capability_hardening.sql","7981","5bcb6f4b3405f4d21bb277122cec3bb3d0c81cb5ae56b4b612ff908473f972f2","5bcb6f4b3405f4d21bb277122cec3bb3d0c81cb5ae56b4b612ff908473f972f2","recovery",,"remote-recovery-candidate",
"953681023d3ed4f24c5d0c74c43aecbba2095e3d927ced3363887279e7a2b4f8","20260820164600","forms_export_download_capability_hardening","remote://supabase_migrations/schema_migrations/20260820164600",,,,"remote-ledger",,"remote-recovery-candidate",
"953681023d3ed4f24c5d0c74c43aecbba2095e3d927ced3363887279e7a2b4f8","20260820171000","meal_plan_private_images","packages/coelo_database/migrations/20260820171000_meal_plan_private_images.sql","32506","e8e98677c8f4f24b827100f388e39f2bb26b2f9468e5bd5edc9ff482749a317d","a4f5e68e751e798cb22adeb8a9518f011c7448af395d744c3c67b05d69298e55","canonical",,"local-only-head",
"953681023d3ed4f24c5d0c74c43aecbba2095e3d927ced3363887279e7a2b4f8","20260820171018","forms_trigger_dispatch_hardening","recovery://Coelo-recovery-20260827-153001-final-residue/mirror-before-reconcile/20260820171018_forms_trigger_dispatch_hardening.sql","10038","7085ded3549ad500c1d494bed87b74214dcca3e0c7ef2a5ea8a5e9ba741abc24","7085ded3549ad500c1d494bed87b74214dcca3e0c7ef2a5ea8a5e9ba741abc24","recovery",,"remote-recovery-candidate",
"953681023d3ed4f24c5d0c74c43aecbba2095e3d927ced3363887279e7a2b4f8","20260820171018","forms_trigger_dispatch_hardening","remote://supabase_migrations/schema_migrations/20260820171018",,,,"remote-ledger",,"remote-recovery-candidate",
"953681023d3ed4f24c5d0c74c43aecbba2095e3d927ced3363887279e7a2b4f8","20260820171100","meal_plan_fk_indexes","packages/coelo_database/migrations/20260820171100_meal_plan_fk_indexes.sql","4854","1bd42f4c0504795bc2e2ffef352b92bc3550e20e7cc02e2d66e2ccd5e699bde4","61bb9d1ca3a50367ffa41fb38f677fc75a26aac7bf40609caaf653168db1e22b","canonical",,"local-only-head",
"953681023d3ed4f24c5d0c74c43aecbba2095e3d927ced3363887279e7a2b4f8","20260820171200","forms_download_token_actor_fk_index","recovery://Coelo-recovery-20260827-153001-final-residue/mirror-before-reconcile/20260820171200_forms_download_token_actor_fk_index.sql","3418","d2bcdfc8ffdd33e0a8f99083fd44234e3dc91969dd73c4b4c6b201bb7a4196bc","d2bcdfc8ffdd33e0a8f99083fd44234e3dc91969dd73c4b4c6b201bb7a4196bc","recovery",,"remote-recovery-candidate",
"953681023d3ed4f24c5d0c74c43aecbba2095e3d927ced3363887279e7a2b4f8","20260820171200","forms_download_token_actor_fk_index","remote://supabase_migrations/schema_migrations/20260820171200",,,,"remote-ledger",,"remote-recovery-candidate",
"953681023d3ed4f24c5d0c74c43aecbba2095e3d927ced3363887279e7a2b4f8","20260820172043","forms_response_revision_qualification","recovery://Coelo-recovery-20260827-153001-final-residue/mirror-before-reconcile/20260820172043_forms_response_revision_qualification.sql","5471","3d0c0468fe9058f833cf10f088404231f2fea87660b0e3b0e3d032e6a2b8c7e4","3d0c0468fe9058f833cf10f088404231f2fea87660b0e3b0e3d032e6a2b8c7e4","recovery",,"remote-recovery-candidate",
"953681023d3ed4f24c5d0c74c43aecbba2095e3d927ced3363887279e7a2b4f8","20260820172043","forms_response_revision_qualification","remote://supabase_migrations/schema_migrations/20260820172043",,,,"remote-ledger",,"remote-recovery-candidate",
"953681023d3ed4f24c5d0c74c43aecbba2095e3d927ced3363887279e7a2b4f8","20260820173350","meal_plan_private_images","recovery://Coelo-recovery-20260827-153001-final-residue/mirror-before-reconcile/20260820173350_meal_plan_private_images.sql","31678","a4f5e68e751e798cb22adeb8a9518f011c7448af395d744c3c67b05d69298e55","a4f5e68e751e798cb22adeb8a9518f011c7448af395d744c3c67b05d69298e55","recovery",,"remote-recovery-candidate",
"953681023d3ed4f24c5d0c74c43aecbba2095e3d927ced3363887279e7a2b4f8","20260820173350","meal_plan_private_images","remote://supabase_migrations/schema_migrations/20260820173350",,,,"remote-ledger",,"remote-recovery-candidate",
"953681023d3ed4f24c5d0c74c43aecbba2095e3d927ced3363887279e7a2b4f8","20260820174445","meal_plan_fk_indexes","recovery://Coelo-recovery-20260827-153001-final-residue/mirror-before-reconcile/20260820174445_meal_plan_fk_indexes.sql","4735","61bb9d1ca3a50367ffa41fb38f677fc75a26aac7bf40609caaf653168db1e22b","61bb9d1ca3a50367ffa41fb38f677fc75a26aac7bf40609caaf653168db1e22b","recovery",,"remote-recovery-candidate",
"953681023d3ed4f24c5d0c74c43aecbba2095e3d927ced3363887279e7a2b4f8","20260820174445","meal_plan_fk_indexes","remote://supabase_migrations/schema_migrations/20260820174445",,,,"remote-ledger",,"remote-recovery-candidate",
"953681023d3ed4f24c5d0c74c43aecbba2095e3d927ced3363887279e7a2b4f8","20260820182000","happens_publication_mvp","packages/coelo_database/migrations/20260820182000_happens_publication_mvp.sql","24291","a28a9f8f41412b09b7149205cb52f784ca1f80b7eb4aa761f91ea3a69b9a4b8d","84ad15f9b142809a1f5028722c7a21988f79a19808cc45e6e86d99b63de29850","canonical","eol-equivalent","remote-version+head-present",
"953681023d3ed4f24c5d0c74c43aecbba2095e3d927ced3363887279e7a2b4f8","20260820182000","happens_publication_mvp","recovery://Coelo-recovery-20260827-153001-final-residue/mirror-before-reconcile/20260820182000_happens_publication_mvp.sql","23922","84ad15f9b142809a1f5028722c7a21988f79a19808cc45e6e86d99b63de29850","84ad15f9b142809a1f5028722c7a21988f79a19808cc45e6e86d99b63de29850","recovery","eol-equivalent","remote-version+head-present",
"953681023d3ed4f24c5d0c74c43aecbba2095e3d927ced3363887279e7a2b4f8","20260820182000","happens_publication_mvp","remote://supabase_migrations/schema_migrations/20260820182000",,,,"remote-ledger","eol-equivalent","remote-version+head-present",
"953681023d3ed4f24c5d0c74c43aecbba2095e3d927ced3363887279e7a2b4f8","20260820182100","happens_media_security_closure","packages/coelo_database/migrations/20260820182100_happens_media_security_closure.sql","4163","de945f39d64c5054f360b3fe38991296d56377e19da23f5e4d18165372b4c5cc","ba79aa2e5938e75f401b47a8e84100ae61827fc88be0746f97c5e68259504b63","canonical","eol-equivalent","remote-version+head-present",
"953681023d3ed4f24c5d0c74c43aecbba2095e3d927ced3363887279e7a2b4f8","20260820182100","happens_media_security_closure","recovery://Coelo-recovery-20260827-153001-final-residue/mirror-before-reconcile/20260820182100_happens_media_security_closure.sql","4038","ba79aa2e5938e75f401b47a8e84100ae61827fc88be0746f97c5e68259504b63","ba79aa2e5938e75f401b47a8e84100ae61827fc88be0746f97c5e68259504b63","recovery","eol-equivalent","remote-version+head-present",
"953681023d3ed4f24c5d0c74c43aecbba2095e3d927ced3363887279e7a2b4f8","20260820182100","happens_media_security_closure","remote://supabase_migrations/schema_migrations/20260820182100",,,,"remote-ledger","eol-equivalent","remote-version+head-present",
"953681023d3ed4f24c5d0c74c43aecbba2095e3d927ced3363887279e7a2b4f8","20260820182229","forms_edge_rpc_argument_names","recovery://Coelo-recovery-20260827-153001-final-residue/mirror-before-reconcile/20260820182229_forms_edge_rpc_argument_names.sql","4148","f6a8e1ff3dd00764cc4b58e8b6f78177a0cc0201ecc0253b6ad3754f96da0aa8","f6a8e1ff3dd00764cc4b58e8b6f78177a0cc0201ecc0253b6ad3754f96da0aa8","recovery",,"remote-recovery-candidate",
"953681023d3ed4f24c5d0c74c43aecbba2095e3d927ced3363887279e7a2b4f8","20260820182229","forms_edge_rpc_argument_names","remote://supabase_migrations/schema_migrations/20260820182229",,,,"remote-ledger",,"remote-recovery-candidate",
"953681023d3ed4f24c5d0c74c43aecbba2095e3d927ced3363887279e7a2b4f8","20260820183250","forms_duplicate_index_cleanup","recovery://Coelo-recovery-20260827-153001-final-residue/mirror-before-reconcile/20260820183250_forms_duplicate_index_cleanup.sql","142","956c7fbe71a3dfc95378d4ecb703c48ef138a86a02f0297a2b2c028b05b5b4f5","956c7fbe71a3dfc95378d4ecb703c48ef138a86a02f0297a2b2c028b05b5b4f5","recovery",,"remote-recovery-candidate",
"953681023d3ed4f24c5d0c74c43aecbba2095e3d927ced3363887279e7a2b4f8","20260820183250","forms_duplicate_index_cleanup","remote://supabase_migrations/schema_migrations/20260820183250",,,,"remote-ledger",,"remote-recovery-candidate",
"953681023d3ed4f24c5d0c74c43aecbba2095e3d927ced3363887279e7a2b4f8","20260820204752","app_communications_types","packages/coelo_database/migrations/20260820204752_app_communications_types.sql","134","f5de7815dc811772dede8116ba70d0683652dcd3f797b0fff9a81e2ab840699a","bc822ed66186d660d4bb61a12fa903b213cfd0819e756843e1c070cc6c38a48d","canonical","eol-equivalent","local-only-head",
"953681023d3ed4f24c5d0c74c43aecbba2095e3d927ced3363887279e7a2b4f8","20260820204752","app_communications_types","recovery://Coelo-recovery-20260827-153001-final-residue/mirror-before-reconcile/20260820204752_app_communications_types.sql","132","bc822ed66186d660d4bb61a12fa903b213cfd0819e756843e1c070cc6c38a48d","bc822ed66186d660d4bb61a12fa903b213cfd0819e756843e1c070cc6c38a48d","recovery","eol-equivalent","local-only-head",
"953681023d3ed4f24c5d0c74c43aecbba2095e3d927ced3363887279e7a2b4f8","20260820204824","app_communications_contract","packages/coelo_database/migrations/20260820204824_app_communications_contract.sql","12908","2dcf1aea80b85e865b2689ad798a0024cbf972e2cb563e1aec3c63751fad6852","7b362832af69d3083aba68e3b19b4a87af1de22cebf2bf8b21a7ed699c3df438","canonical","eol-equivalent","local-only-head",
"953681023d3ed4f24c5d0c74c43aecbba2095e3d927ced3363887279e7a2b4f8","20260820204824","app_communications_contract","recovery://Coelo-recovery-20260827-153001-final-residue/mirror-before-reconcile/20260820204824_app_communications_contract.sql","12765","7b362832af69d3083aba68e3b19b4a87af1de22cebf2bf8b21a7ed699c3df438","7b362832af69d3083aba68e3b19b4a87af1de22cebf2bf8b21a7ed699c3df438","recovery","eol-equivalent","local-only-head",
"953681023d3ed4f24c5d0c74c43aecbba2095e3d927ced3363887279e7a2b4f8","20260820212340","notice_publication_worker_runtime","packages/coelo_database/migrations/20260820212340_notice_publication_worker_runtime.sql","6095","e0174219975bdf15a297ce7c94c2d1946e44148c6f067012e157715e635c1ac2","d69bcf848ba2bc8987a28430ae2abafa9f1484fbae72f6bf92517f081fde12f1","canonical","eol-equivalent","local-only-head",
"953681023d3ed4f24c5d0c74c43aecbba2095e3d927ced3363887279e7a2b4f8","20260820212340","notice_publication_worker_runtime","recovery://Coelo-recovery-20260827-153001-final-residue/mirror-before-reconcile/20260820212340_notice_publication_worker_runtime.sql","5929","d69bcf848ba2bc8987a28430ae2abafa9f1484fbae72f6bf92517f081fde12f1","d69bcf848ba2bc8987a28430ae2abafa9f1484fbae72f6bf92517f081fde12f1","recovery","eol-equivalent","local-only-head",
"953681023d3ed4f24c5d0c74c43aecbba2095e3d927ced3363887279e7a2b4f8","20260820220000","now_publication_mvp","packages/coelo_database/migrations/20260820220000_now_publication_mvp.sql","34235","3af85b9196362cf41212e0c5e740de37c356d8c3bc28550622fa9941d9196477","e0753ed550f035aff5514b15529cc37f31f66a96f2fb559bb0e34b5e845018c5","canonical","eol-equivalent","local-only-head",
"953681023d3ed4f24c5d0c74c43aecbba2095e3d927ced3363887279e7a2b4f8","20260820220000","now_publication_mvp","recovery://Coelo-recovery-20260827-153001-final-residue/mirror-before-reconcile/20260820220000_now_publication_mvp.sql","33668","e0753ed550f035aff5514b15529cc37f31f66a96f2fb559bb0e34b5e845018c5","e0753ed550f035aff5514b15529cc37f31f66a96f2fb559bb0e34b5e845018c5","recovery","eol-equivalent","local-only-head",
"953681023d3ed4f24c5d0c74c43aecbba2095e3d927ced3363887279e7a2b4f8","20260820220500","notice_publication_receipts_versioning","packages/coelo_database/migrations/20260820220500_notice_publication_receipts_versioning.sql","12604","e565a14a00b1456586fc3e5cd3f6283c1602c8ffb3f90d724796fb37e5ba4f0f","68052a095df4ee8151a180a8f9185fbc26df72f2866311af0aa2ea418efaf7bd","canonical","eol-equivalent","local-only-head",
"953681023d3ed4f24c5d0c74c43aecbba2095e3d927ced3363887279e7a2b4f8","20260820220500","notice_publication_receipts_versioning","recovery://Coelo-recovery-20260827-153001-final-residue/mirror-before-reconcile/20260820220500_notice_publication_receipts_versioning.sql","12350","68052a095df4ee8151a180a8f9185fbc26df72f2866311af0aa2ea418efaf7bd","68052a095df4ee8151a180a8f9185fbc26df72f2866311af0aa2ea418efaf7bd","recovery","eol-equivalent","local-only-head",
"953681023d3ed4f24c5d0c74c43aecbba2095e3d927ced3363887279e7a2b4f8","20260820230000","meal_plan_media_lifecycle_receipts","packages/coelo_database/migrations/20260820230000_meal_plan_media_lifecycle_receipts.sql","35941","2fe0400d59ed9af08454f1d0ae2696730e7c5c2fca0d6cd601349370d0622cd4","07f8f1beabebe070646abf9c2a035c011dc4673ceb5983f37f49f551598abd68","canonical","eol-equivalent","local-only-head",
"953681023d3ed4f24c5d0c74c43aecbba2095e3d927ced3363887279e7a2b4f8","20260820230000","meal_plan_media_lifecycle_receipts","recovery://Coelo-recovery-20260827-153001-final-residue/mirror-before-reconcile/20260820230000_meal_plan_media_lifecycle_receipts.sql","34993","07f8f1beabebe070646abf9c2a035c011dc4673ceb5983f37f49f551598abd68","07f8f1beabebe070646abf9c2a035c011dc4673ceb5983f37f49f551598abd68","recovery","eol-equivalent","local-only-head",
"953681023d3ed4f24c5d0c74c43aecbba2095e3d927ced3363887279e7a2b4f8","20260821112822","moments_publication_mvp","packages/coelo_database/migrations/20260821112822_moments_publication_mvp.sql","36060","3f1459bcf1673184d4b64f0a2589b6bc08dafadf9b5295bd651e2e4f62c81910","6a7bb9352ac4a4b7b54373047d6bde409d5a4ffb086c112981f26cfaeed1c957","canonical","eol-equivalent","local-only-head",
"953681023d3ed4f24c5d0c74c43aecbba2095e3d927ced3363887279e7a2b4f8","20260821112822","moments_publication_mvp","recovery://Coelo-recovery-20260827-153001-final-residue/mirror-before-reconcile/20260821112822_moments_publication_mvp.sql","35118","6a7bb9352ac4a4b7b54373047d6bde409d5a4ffb086c112981f26cfaeed1c957","6a7bb9352ac4a4b7b54373047d6bde409d5a4ffb086c112981f26cfaeed1c957","recovery","eol-equivalent","local-only-head",
"953681023d3ed4f24c5d0c74c43aecbba2095e3d927ced3363887279e7a2b4f8","20260821130000","now_custom_role_audience_hardening","packages/coelo_database/migrations/20260821130000_now_custom_role_audience_hardening.sql","12724","e57259325223cf09ab2a9f150fa9fbde2d38945d59600a80494d9748983d3832","b3c0d0aa07eee41d610cabef3a1c172e9c880f6361372c992f676428b8e445c3","canonical","eol-equivalent","local-only-head",
"953681023d3ed4f24c5d0c74c43aecbba2095e3d927ced3363887279e7a2b4f8","20260821130000","now_custom_role_audience_hardening","recovery://Coelo-recovery-20260827-153001-final-residue/mirror-before-reconcile/20260821130000_now_custom_role_audience_hardening.sql","12400","b3c0d0aa07eee41d610cabef3a1c172e9c880f6361372c992f676428b8e445c3","b3c0d0aa07eee41d610cabef3a1c172e9c880f6361372c992f676428b8e445c3","recovery","eol-equivalent","local-only-head",
"953681023d3ed4f24c5d0c74c43aecbba2095e3d927ced3363887279e7a2b4f8","20260821190000","circulars_production","packages/coelo_database/migrations/20260821190000_circulars_production.sql","75295","ff2818b9fdcc17ee9df349d977fe6a6dfcf5a6b60deeb64b874d3108019f8cd8","43963e69a0756baeb801e7c7e91d09eb03b648b1f0b3a17c12524946539a7598","canonical","eol-equivalent","remote-version+head-present",
"953681023d3ed4f24c5d0c74c43aecbba2095e3d927ced3363887279e7a2b4f8","20260821190000","circulars_production","recovery://Coelo-recovery-20260827-153001-final-residue/mirror-before-reconcile/20260821190000_circulars_production.sql","74308","43963e69a0756baeb801e7c7e91d09eb03b648b1f0b3a17c12524946539a7598","43963e69a0756baeb801e7c7e91d09eb03b648b1f0b3a17c12524946539a7598","recovery","eol-equivalent","remote-version+head-present",
"953681023d3ed4f24c5d0c74c43aecbba2095e3d927ced3363887279e7a2b4f8","20260821190000","circulars_production","remote://supabase_migrations/schema_migrations/20260821190000",,,,"remote-ledger","eol-equivalent","remote-version+head-present",
"953681023d3ed4f24c5d0c74c43aecbba2095e3d927ced3363887279e7a2b4f8","20260821192000","profile_about_production","recovery://Coelo-recovery-20260827-153001-final-residue/mirror-before-reconcile/20260821192000_profile_about_production.sql","23353","265f8f410f4eaed26560c7124ef780980fc3373fb92a3de97a75e3544336c776","265f8f410f4eaed26560c7124ef780980fc3373fb92a3de97a75e3544336c776","recovery",,"remote-recovery-candidate",
"953681023d3ed4f24c5d0c74c43aecbba2095e3d927ced3363887279e7a2b4f8","20260821192000","profile_about_production","remote://supabase_migrations/schema_migrations/20260821192000",,,,"remote-ledger",,"remote-recovery-candidate",
"953681023d3ed4f24c5d0c74c43aecbba2095e3d927ced3363887279e7a2b4f8","20260821200000","profile_about_remote_context_compatibility","recovery://Coelo-recovery-20260827-153001-final-residue/mirror-before-reconcile/20260821200000_profile_about_remote_context_compatibility.sql","6468","4d07588966ad94db7f801b3c35f165b8628d29dfc3588981552981dd6c1373ac","4d07588966ad94db7f801b3c35f165b8628d29dfc3588981552981dd6c1373ac","recovery",,"remote-recovery-candidate",
"953681023d3ed4f24c5d0c74c43aecbba2095e3d927ced3363887279e7a2b4f8","20260821200000","profile_about_remote_context_compatibility","remote://supabase_migrations/schema_migrations/20260821200000",,,,"remote-ledger",,"remote-recovery-candidate",
"953681023d3ed4f24c5d0c74c43aecbba2095e3d927ced3363887279e7a2b4f8","20260824210000","chat_private_broadcast_invalidation","recovery://Coelo-recovery-20260827-153001-final-residue/mirror-before-reconcile/20260824210000_chat_private_broadcast_invalidation.sql","4133","13b7de8d61a6909eaae5f107b9a5dabed0467e640d9da148b7cb9aaaf5fe5ac9","13b7de8d61a6909eaae5f107b9a5dabed0467e640d9da148b7cb9aaaf5fe5ac9","recovery",,"local-only-recovery",
"953681023d3ed4f24c5d0c74c43aecbba2095e3d927ced3363887279e7a2b4f8","20260824223000","assessment_gradebook_mvp","recovery://Coelo-recovery-20260827-153001-final-residue/mirror-before-reconcile/20260824223000_assessment_gradebook_mvp.sql","61084","33f962e5aa10e09832df482029d155057b00e3c1d43c62e4ceb93683da602b11","33f962e5aa10e09832df482029d155057b00e3c1d43c62e4ceb93683da602b11","recovery",,"local-only-recovery",
"953681023d3ed4f24c5d0c74c43aecbba2095e3d927ced3363887279e7a2b4f8","20260824230000","student_tracking_foundation","recovery://Coelo-recovery-20260827-153001-final-residue/mirror-before-reconcile/20260824230000_student_tracking_foundation.sql","43062","06f18aed1e253558f3b08c840c3b89a4363a394ff59826f9eb33d64bf1635eba","06f18aed1e253558f3b08c840c3b89a4363a394ff59826f9eb33d64bf1635eba","recovery",,"local-only-recovery",
"953681023d3ed4f24c5d0c74c43aecbba2095e3d927ced3363887279e7a2b4f8","20260824231000","student_tracking_commands","recovery://Coelo-recovery-20260827-153001-final-residue/mirror-before-reconcile/20260824231000_student_tracking_commands.sql","25907","436726dce52a0f3e92d20c6d78ddbffd755ccc78ac53efb43a59c383519c359b","436726dce52a0f3e92d20c6d78ddbffd755ccc78ac53efb43a59c383519c359b","recovery",,"local-only-recovery",
"953681023d3ed4f24c5d0c74c43aecbba2095e3d927ced3363887279e7a2b4f8","20260824232000","assessment_configuration_pedagogical_hardening","recovery://Coelo-recovery-20260827-153001-final-residue/mirror-before-reconcile/20260824232000_assessment_configuration_pedagogical_hardening.sql","80845","c49ac3d0097cd2ad414c784d67a30bc6aea2479feb2532502efc2439d186e97e","c49ac3d0097cd2ad414c784d67a30bc6aea2479feb2532502efc2439d186e97e","recovery",,"local-only-recovery",
"953681023d3ed4f24c5d0c74c43aecbba2095e3d927ced3363887279e7a2b4f8","20260825171221","attendance_responsive_dashboard","packages/coelo_database/migrations/20260825171221_attendance_responsive_dashboard.sql","40801","e3a93182083fe3ee80a500d1fb91dbeb7195e9c01a6d239c3d5eb4f0da9c1128","df580ebbe884e03c3b7513495844f52611870826e96d785c699340c51a58a985","canonical","eol-equivalent","local-only-head",
"953681023d3ed4f24c5d0c74c43aecbba2095e3d927ced3363887279e7a2b4f8","20260825171221","attendance_responsive_dashboard","recovery://Coelo-recovery-20260827-153001-final-residue/mirror-before-reconcile/20260825171221_attendance_responsive_dashboard.sql","40092","df580ebbe884e03c3b7513495844f52611870826e96d785c699340c51a58a985","df580ebbe884e03c3b7513495844f52611870826e96d785c699340c51a58a985","recovery","eol-equivalent","local-only-head",
"953681023d3ed4f24c5d0c74c43aecbba2095e3d927ced3363887279e7a2b4f8","20260825173604","harden_public_client_privileges","packages/coelo_database/migrations/20260825173604_harden_public_client_privileges.sql","933","9d97238a14ab72c373d6e99b3cc0cac37dc981922e2b97571febba7d5e9daa7e","d537aaffb9521712764ec98af7b9cd78a118f8c0a0e4b5737fa5b25612be4dbf","canonical","eol-equivalent","local-only-head",
"953681023d3ed4f24c5d0c74c43aecbba2095e3d927ced3363887279e7a2b4f8","20260825173604","harden_public_client_privileges","recovery://Coelo-recovery-20260827-153001-final-residue/mirror-before-reconcile/20260825173604_harden_public_client_privileges.sql","908","d537aaffb9521712764ec98af7b9cd78a118f8c0a0e4b5737fa5b25612be4dbf","d537aaffb9521712764ec98af7b9cd78a118f8c0a0e4b5737fa5b25612be4dbf","recovery","eol-equivalent","local-only-head",
"953681023d3ed4f24c5d0c74c43aecbba2095e3d927ced3363887279e7a2b4f8","20260825173938","close_legacy_unit_import_export_gateways","packages/coelo_database/migrations/20260825173938_close_legacy_unit_import_export_gateways.sql","646","5dc6966d350eabe3cfd80f11f71e54dd4b07a073a5840373e8f792a2e1a5dd6e","28daf0cca93c8c94dbdd2ecf0289553275729e034532f4e0cde1c591c811d4fa","canonical","eol-equivalent","local-only-head",
"953681023d3ed4f24c5d0c74c43aecbba2095e3d927ced3363887279e7a2b4f8","20260825173938","close_legacy_unit_import_export_gateways","recovery://Coelo-recovery-20260827-153001-final-residue/mirror-before-reconcile/20260825173938_close_legacy_unit_import_export_gateways.sql","636","28daf0cca93c8c94dbdd2ecf0289553275729e034532f4e0cde1c591c811d4fa","28daf0cca93c8c94dbdd2ecf0289553275729e034532f4e0cde1c591c811d4fa","recovery","eol-equivalent","local-only-head",
"953681023d3ed4f24c5d0c74c43aecbba2095e3d927ced3363887279e7a2b4f8","20260825174300","expose_scoped_unit_failure_gateway","packages/coelo_database/migrations/20260825174300_expose_scoped_unit_failure_gateway.sql","535","f949c9992d3bad10137a35fd0a20700263750e27b9d8ccc5eb6605d7b99794ac","e21d278778c62f3d4d1ad2712dcc818d71ff49973a049040d91bb08396a6949c","canonical","eol-equivalent","local-only-head",
"953681023d3ed4f24c5d0c74c43aecbba2095e3d927ced3363887279e7a2b4f8","20260825174300","expose_scoped_unit_failure_gateway","recovery://Coelo-recovery-20260827-153001-final-residue/mirror-before-reconcile/20260825174300_expose_scoped_unit_failure_gateway.sql","517","e21d278778c62f3d4d1ad2712dcc818d71ff49973a049040d91bb08396a6949c","e21d278778c62f3d4d1ad2712dcc818d71ff49973a049040d91bb08396a6949c","recovery","eol-equivalent","local-only-head",
"953681023d3ed4f24c5d0c74c43aecbba2095e3d927ced3363887279e7a2b4f8","20260825180000","revoke_student_tracking_normalizer_client_execute","packages/coelo_database/migrations/20260825180000_revoke_student_tracking_normalizer_client_execute.sql","235","487a6f8ea35699c88508de78fc5605c59c1e8978b92fe8b1b02e0ea9e5ec4552","727b397c5223b3fb129d82acf3b80fbb5eeba21030e7a85de6fc776e4f977eb9","canonical","eol-equivalent","local-only-head",
"953681023d3ed4f24c5d0c74c43aecbba2095e3d927ced3363887279e7a2b4f8","20260825180000","revoke_student_tracking_normalizer_client_execute","recovery://Coelo-recovery-20260827-153001-final-residue/mirror-before-reconcile/20260825180000_revoke_student_tracking_normalizer_client_execute.sql","227","727b397c5223b3fb129d82acf3b80fbb5eeba21030e7a85de6fc776e4f977eb9","727b397c5223b3fb129d82acf3b80fbb5eeba21030e7a85de6fc776e4f977eb9","recovery","eol-equivalent","local-only-head",
"953681023d3ed4f24c5d0c74c43aecbba2095e3d927ced3363887279e7a2b4f8","20260825180500","repair_unit_import_export_runtime_contract","packages/coelo_database/migrations/20260825180500_repair_unit_import_export_runtime_contract.sql","6435","65ee86df923848942ce12508f40df0f6ef98d327f6b1f2c4ebab1313f1056847","ac1e5224d00a2de99325a742ae9a0097d7a530c2f7564983072548ce1f338206","canonical","eol-equivalent","local-only-head",
"953681023d3ed4f24c5d0c74c43aecbba2095e3d927ced3363887279e7a2b4f8","20260825180500","repair_unit_import_export_runtime_contract","recovery://Coelo-recovery-20260827-153001-final-residue/mirror-before-reconcile/20260825180500_repair_unit_import_export_runtime_contract.sql","6228","ac1e5224d00a2de99325a742ae9a0097d7a530c2f7564983072548ce1f338206","ac1e5224d00a2de99325a742ae9a0097d7a530c2f7564983072548ce1f338206","recovery","eol-equivalent","local-only-head",
"953681023d3ed4f24c5d0c74c43aecbba2095e3d927ced3363887279e7a2b4f8","20260825193102","final_review_import_workers_lint_hardening","packages/coelo_database/migrations/20260825193102_final_review_import_workers_lint_hardening.sql","21549","3bbe26db251d532ff94af2c886f4463318a856e1491a662d965ac070a9df956b","4689ba0216432afb743235e6fe3591048de88f3e89c2f34ae92578c4b5ec13ee","canonical","eol-equivalent","local-only-head",
"953681023d3ed4f24c5d0c74c43aecbba2095e3d927ced3363887279e7a2b4f8","20260825193102","final_review_import_workers_lint_hardening","recovery://Coelo-recovery-20260827-153001-final-residue/mirror-before-reconcile/20260825193102_final_review_import_workers_lint_hardening.sql","21129","4689ba0216432afb743235e6fe3591048de88f3e89c2f34ae92578c4b5ec13ee","4689ba0216432afb743235e6fe3591048de88f3e89c2f34ae92578c4b5ec13ee","recovery","eol-equivalent","local-only-head",
"953681023d3ed4f24c5d0c74c43aecbba2095e3d927ced3363887279e7a2b4f8","20260825193105","final_review_unit_identity_lint_hardening","packages/coelo_database/migrations/20260825193105_final_review_unit_identity_lint_hardening.sql","5846","425312795a69eaec5f5076c54fe7a573e991154a9e3f7e688b95d3f990439c77","aadd9955f354bad1e8dea90dc8b4cee53f3c0fcd0845af56b0d8c4a7161ed33f","canonical","eol-equivalent","local-only-head",
"953681023d3ed4f24c5d0c74c43aecbba2095e3d927ced3363887279e7a2b4f8","20260825193105","final_review_unit_identity_lint_hardening","recovery://Coelo-recovery-20260827-153001-final-residue/mirror-before-reconcile/20260825193105_final_review_unit_identity_lint_hardening.sql","5788","aadd9955f354bad1e8dea90dc8b4cee53f3c0fcd0845af56b0d8c4a7161ed33f","aadd9955f354bad1e8dea90dc8b4cee53f3c0fcd0845af56b0d8c4a7161ed33f","recovery","eol-equivalent","local-only-head",
"953681023d3ed4f24c5d0c74c43aecbba2095e3d927ced3363887279e7a2b4f8","20260825193109","final_review_access_profiles_lint_hardening","packages/coelo_database/migrations/20260825193109_final_review_access_profiles_lint_hardening.sql","12933","cb2362a133c22bbfce3153d9acdc71171ae72c19c1bb535b8e12eb90d20aea6f","062a4643256a63f491730cabb2c13c837a1e27aa5b025044c2c60ba18494640d","canonical","eol-equivalent","local-only-head",
"953681023d3ed4f24c5d0c74c43aecbba2095e3d927ced3363887279e7a2b4f8","20260825193109","final_review_access_profiles_lint_hardening","recovery://Coelo-recovery-20260827-153001-final-residue/mirror-before-reconcile/20260825193109_final_review_access_profiles_lint_hardening.sql","12768","062a4643256a63f491730cabb2c13c837a1e27aa5b025044c2c60ba18494640d","062a4643256a63f491730cabb2c13c837a1e27aa5b025044c2c60ba18494640d","recovery","eol-equivalent","local-only-head",
"953681023d3ed4f24c5d0c74c43aecbba2095e3d927ced3363887279e7a2b4f8","20260825193112","final_review_daily_routine_lint_hardening","packages/coelo_database/migrations/20260825193112_final_review_daily_routine_lint_hardening.sql","11671","3366d0a7fb15c08372a3f12d5958a5b4bdd3ab2bc04fb3cd2ad4327aadb5feb3","aa1efc82f257ccf0396cd0656205376865afb586e777c6a1156525fdc35cee00","canonical","eol-equivalent","local-only-head",
"953681023d3ed4f24c5d0c74c43aecbba2095e3d927ced3363887279e7a2b4f8","20260825193112","final_review_daily_routine_lint_hardening","recovery://Coelo-recovery-20260827-153001-final-residue/mirror-before-reconcile/20260825193112_final_review_daily_routine_lint_hardening.sql","11488","aa1efc82f257ccf0396cd0656205376865afb586e777c6a1156525fdc35cee00","aa1efc82f257ccf0396cd0656205376865afb586e777c6a1156525fdc35cee00","recovery","eol-equivalent","local-only-head",
"953681023d3ed4f24c5d0c74c43aecbba2095e3d927ced3363887279e7a2b4f8","20260825193116","final_review_child_safety_lint_hardening","packages/coelo_database/migrations/20260825193116_final_review_child_safety_lint_hardening.sql","8716","c9991fdc9cf3414f4461608ff3f10d56cb494006ef868be628e0b96d8f8dc759","9d3144ac30219d541cbd049b46446f670ed2a71ecda4df45a0710522a5e569a3","canonical","eol-equivalent","local-only-head",
"953681023d3ed4f24c5d0c74c43aecbba2095e3d927ced3363887279e7a2b4f8","20260825193116","final_review_child_safety_lint_hardening","recovery://Coelo-recovery-20260827-153001-final-residue/mirror-before-reconcile/20260825193116_final_review_child_safety_lint_hardening.sql","8572","9d3144ac30219d541cbd049b46446f670ed2a71ecda4df45a0710522a5e569a3","9d3144ac30219d541cbd049b46446f670ed2a71ecda4df45a0710522a5e569a3","recovery","eol-equivalent","local-only-head",
"953681023d3ed4f24c5d0c74c43aecbba2095e3d927ced3363887279e7a2b4f8","20260825193120","final_review_forms_runtime_hardening","packages/coelo_database/migrations/20260825193120_final_review_forms_runtime_hardening.sql","37748","916fe399cb326d7db36f1b232aa1c1e2ebe0556c93c5546a3422f28060e38ee7","9802f122f9401e2f047abf35fa8b3f5ed602610695a2c41f5460e2f5b78282ce","canonical","eol-equivalent","local-only-head",
"953681023d3ed4f24c5d0c74c43aecbba2095e3d927ced3363887279e7a2b4f8","20260825193120","final_review_forms_runtime_hardening","recovery://Coelo-recovery-20260827-153001-final-residue/mirror-before-reconcile/20260825193120_final_review_forms_runtime_hardening.sql","36952","9802f122f9401e2f047abf35fa8b3f5ed602610695a2c41f5460e2f5b78282ce","9802f122f9401e2f047abf35fa8b3f5ed602610695a2c41f5460e2f5b78282ce","recovery","eol-equivalent","local-only-head",
"953681023d3ed4f24c5d0c74c43aecbba2095e3d927ced3363887279e7a2b4f8","20260825193123","final_review_student_tracking_read_fix","packages/coelo_database/migrations/20260825193123_final_review_student_tracking_read_fix.sql","12118","4f0d799a4c81c7c6ea2102bbb365d0fe063be5407106aa658cf496267a39bb12","bedb5c8b36c2c870414aca376178a0864808bc8ba69eee242ca3d58722291ae3","canonical","eol-equivalent","local-only-head",
"953681023d3ed4f24c5d0c74c43aecbba2095e3d927ced3363887279e7a2b4f8","20260825193123","final_review_student_tracking_read_fix","recovery://Coelo-recovery-20260827-153001-final-residue/mirror-before-reconcile/20260825193123_final_review_student_tracking_read_fix.sql","11988","bedb5c8b36c2c870414aca376178a0864808bc8ba69eee242ca3d58722291ae3","bedb5c8b36c2c870414aca376178a0864808bc8ba69eee242ca3d58722291ae3","recovery","eol-equivalent","local-only-head",
"953681023d3ed4f24c5d0c74c43aecbba2095e3d927ced3363887279e7a2b4f8","20260825193128","final_review_chat_inbox_lint_hardening","packages/coelo_database/migrations/20260825193128_final_review_chat_inbox_lint_hardening.sql","3918","ca735b7f1d06f38eb10d8800a3b8d4272e76a5f7964cb367f530b5fb775e3622","104a1cf2e9bead65deb107f61972d134f5331335c1a0d25ffc663f15c7e27a75","canonical","eol-equivalent","local-only-head",
"953681023d3ed4f24c5d0c74c43aecbba2095e3d927ced3363887279e7a2b4f8","20260825193128","final_review_chat_inbox_lint_hardening","recovery://Coelo-recovery-20260827-153001-final-residue/mirror-before-reconcile/20260825193128_final_review_chat_inbox_lint_hardening.sql","3841","104a1cf2e9bead65deb107f61972d134f5331335c1a0d25ffc663f15c7e27a75","104a1cf2e9bead65deb107f61972d134f5331335c1a0d25ffc663f15c7e27a75","recovery","eol-equivalent","local-only-head",
"953681023d3ed4f24c5d0c74c43aecbba2095e3d927ced3363887279e7a2b4f8","20260825193131","final_review_profile_about_lint_hardening","packages/coelo_database/migrations/20260825193131_final_review_profile_about_lint_hardening.sql","8148","0fd30ee067c698deee5fb8719f51d96af5df552332232d152988ebd82d9b4086","adc52d83830a044a12cea5f79ba32aad73c259d5df438d5a9cf92e503a1149a7","canonical","eol-equivalent","local-only-head",
"953681023d3ed4f24c5d0c74c43aecbba2095e3d927ced3363887279e7a2b4f8","20260825193131","final_review_profile_about_lint_hardening","recovery://Coelo-recovery-20260827-153001-final-residue/mirror-before-reconcile/20260825193131_final_review_profile_about_lint_hardening.sql","8077","adc52d83830a044a12cea5f79ba32aad73c259d5df438d5a9cf92e503a1149a7","adc52d83830a044a12cea5f79ba32aad73c259d5df438d5a9cf92e503a1149a7","recovery","eol-equivalent","local-only-head",
"953681023d3ed4f24c5d0c74c43aecbba2095e3d927ced3363887279e7a2b4f8","20260826120000","chat_private_broadcast_attachment_hardening","recovery://Coelo-recovery-20260827-153001-final-residue/mirror-before-reconcile/20260826120000_chat_private_broadcast_attachment_hardening.sql","3883","dda41f0d92c5d6cdd46bce158ad94d0af71ba348d7c465ca914760050350f978","dda41f0d92c5d6cdd46bce158ad94d0af71ba348d7c465ca914760050350f978","recovery",,"local-only-recovery",
"953681023d3ed4f24c5d0c74c43aecbba2095e3d927ced3363887279e7a2b4f8","20260826202000","group_directory_scope_and_filters","recovery://Coelo-recovery-20260827-153001-final-residue/mirror-before-reconcile/20260826202000_group_directory_scope_and_filters.sql","8827","3b4fd3ecb4384ae7c436613de138e00e8c24ba31c6e0ce2536d055b78de14ddd","3b4fd3ecb4384ae7c436613de138e00e8c24ba31c6e0ce2536d055b78de14ddd","recovery",,"local-only-recovery",
"953681023d3ed4f24c5d0c74c43aecbba2095e3d927ced3363887279e7a2b4f8","20260826203500","group_create_scoped_command","recovery://Coelo-recovery-20260827-153001-final-residue/mirror-before-reconcile/20260826203500_group_create_scoped_command.sql","10160","ed49f7713e08a42e82cee5fc81baba215f0643351eaf196a4e82db3078fd56a2","ed49f7713e08a42e82cee5fc81baba215f0643351eaf196a4e82db3078fd56a2","recovery",,"local-only-recovery",
