rtk : [rtk] /!\ No hook installed — run `rtk init -g` for automatic token savings
No linha:2 caractere:1
+ rtk proxy flutter test --no-pub test/features/safety/presentation/saf ...
+ ~~~~~~~~~~~~~~~~~~~~~~~~~~~~~~~~~~~~~~~~~~~~~~~~~~~~~~~~~~~~~~~~~~~~~
    + CategoryInfo          : NotSpecified: ([rtk] /!\ No ho...c token savings:String) [], RemoteException
    + FullyQualifiedErrorId : NativeCommandError
 
00:00 +0: loading C:/Users/adrie/Documents/Coelo.worktrees/e2-r02-d04-acessos/apps/superadmin/test/features/safety/presentation/safety_pages_test.dart
00:00 +0: directory stays responsive in light and dark at 200 percent text
══╡ EXCEPTION CAUGHT BY RENDERING LIBRARY ╞═════════════════════════════════════════════════════════
The following assertion was thrown during performLayout():
LayoutBuilder does not support returning intrinsic dimensions.
Calculating the intrinsic dimensions would require running the layout callback speculatively, which
might mutate the live render object tree.

The relevant error-causing widget was:
  IntrinsicHeight
  IntrinsicHeight:file:///C:/Users/adrie/Documents/Coelo.worktrees/e2-r02-d04-acessos/apps/superadmin/lib/features/safety/presentation/safety_pages.dart:304:21

When the exception was thrown, this was the stack:
#0      _RenderLayoutBuilder._debugThrowIfNotCheckingIntrinsics.<anonymous closure> (package:flutter/src/widgets/layout_builder.dart:477:9)
#1      _RenderLayoutBuilder._debugThrowIfNotCheckingIntrinsics (package:flutter/src/widgets/layout_builder.dart:484:6)
#2      _RenderLayoutBuilder.computeMaxIntrinsicWidth (package:flutter/src/widgets/layout_builder.dart:404:12)
#3      _IntrinsicDimension.memoize.<anonymous closure> (package:flutter/src/rendering/box.dart:1117:51)
#4      _LinkedHashMapMixin.putIfAbsent (dart:_compact_hash:682:23)
#5      _IntrinsicDimension.memoize (package:flutter/src/rendering/box.dart:1117:10)
#6      RenderBox._computeWithTimeline (package:flutter/src/rendering/box.dart:1620:32)
#7      RenderBox._computeIntrinsics (package:flutter/src/rendering/box.dart:1598:26)
#8      RenderBox.getMaxIntrinsicWidth (package:flutter/src/rendering/box.dart:1803:12)
#9      RenderFlex._getIntrinsicSize.layoutChild (package:flutter/src/rendering/flex.dart:753:27)
#10     RenderFlex._computeSizes (package:flutter/src/rendering/flex.dart:1237:28)
#11     RenderFlex._getIntrinsicSize (package:flutter/src/rendering/flex.dart:760:14)
#12     RenderFlex.computeMaxIntrinsicHeight (package:flutter/src/rendering/flex.dart:799:12)
#13     _IntrinsicDimension.memoize.<anonymous closure> (package:flutter/src/rendering/box.dart:1117:51)
#14     _LinkedHashMapMixin.putIfAbsent (dart:_compact_hash:682:23)
#15     _IntrinsicDimension.memoize (package:flutter/src/rendering/box.dart:1117:10)
#16     RenderBox._computeWithTimeline (package:flutter/src/rendering/box.dart:1620:32)
#17     RenderBox._computeIntrinsics (package:flutter/src/rendering/box.dart:1598:26)
#18     RenderBox.getMaxIntrinsicHeight (package:flutter/src/rendering/box.dart:1956:12)
#19     RenderFlex.computeMaxIntrinsicHeight.<anonymous closure> (package:flutter/src/rendering/flex.dart:802:60)
#20     RenderFlex._getIntrinsicSize (package:flutter/src/rendering/flex.dart:730:39)
#21     RenderFlex.computeMaxIntrinsicHeight (package:flutter/src/rendering/flex.dart:799:12)
#22     _IntrinsicDimension.memoize.<anonymous closure> (package:flutter/src/rendering/box.dart:1117:51)
#23     _LinkedHashMapMixin.putIfAbsent (dart:_compact_hash:682:23)
#24     _IntrinsicDimension.memoize (package:flutter/src/rendering/box.dart:1117:10)
#25     RenderBox._computeWithTimeline (package:flutter/src/rendering/box.dart:1620:32)
#26     RenderBox._computeIntrinsics (package:flutter/src/rendering/box.dart:1598:26)
#27     RenderBox.getMaxIntrinsicHeight (package:flutter/src/rendering/box.dart:1956:12)
#28     RenderPadding.computeMaxIntrinsicHeight (package:flutter/src/rendering/shifted_box.dart:218:21)
#29     _IntrinsicDimension.memoize.<anonymous closure> (package:flutter/src/rendering/box.dart:1117:51)
#30     _LinkedHashMapMixin.putIfAbsent (dart:_compact_hash:682:23)
#31     _IntrinsicDimension.memoize (package:flutter/src/rendering/box.dart:1117:10)
#32     RenderBox._computeWithTimeline (package:flutter/src/rendering/box.dart:1620:32)
#33     RenderBox._computeIntrinsics (package:flutter/src/rendering/box.dart:1598:26)
#34     RenderBox.getMaxIntrinsicHeight (package:flutter/src/rendering/box.dart:1956:12)
#35     RenderProxyBoxMixin.computeMaxIntrinsicHeight (package:flutter/src/rendering/proxy_box.dart:93:19)
#36     _IntrinsicDimension.memoize.<anonymous closure> (package:flutter/src/rendering/box.dart:1117:51)
#37     _LinkedHashMapMixin.putIfAbsent (dart:_compact_hash:682:23)
#38     _IntrinsicDimension.memoize (package:flutter/src/rendering/box.dart:1117:10)
#39     RenderBox._computeWithTimeline (package:flutter/src/rendering/box.dart:1620:32)
#40     RenderBox._computeIntrinsics (package:flutter/src/rendering/box.dart:1598:26)
#41     RenderBox.getMaxIntrinsicHeight (package:flutter/src/rendering/box.dart:1956:12)
#42     RenderProxyBoxMixin.computeMaxIntrinsicHeight (package:flutter/src/rendering/proxy_box.dart:93:19)
#43     _IntrinsicDimension.memoize.<anonymous closure> (package:flutter/src/rendering/box.dart:1117:51)
#44     _LinkedHashMapMixin.putIfAbsent (dart:_compact_hash:682:23)
#45     _IntrinsicDimension.memoize (package:flutter/src/rendering/box.dart:1117:10)
#46     RenderBox._computeWithTimeline (package:flutter/src/rendering/box.dart:1620:32)
#47     RenderBox._computeIntrinsics (package:flutter/src/rendering/box.dart:1598:26)
#48     RenderBox.getMaxIntrinsicHeight (package:flutter/src/rendering/box.dart:1956:12)
#49     RenderProxyBoxMixin.computeMaxIntrinsicHeight (package:flutter/src/rendering/proxy_box.dart:93:19)
#50     _IntrinsicDimension.memoize.<anonymous closure> (package:flutter/src/rendering/box.dart:1117:51)
#51     _LinkedHashMapMixin.putIfAbsent (dart:_compact_hash:682:23)
#52     _IntrinsicDimension.memoize (package:flutter/src/rendering/box.dart:1117:10)
#53     RenderBox._computeWithTimeline (package:flutter/src/rendering/box.dart:1620:32)
#54     RenderBox._computeIntrinsics (package:flutter/src/rendering/box.dart:1598:26)
#55     RenderBox.getMaxIntrinsicHeight (package:flutter/src/rendering/box.dart:1956:12)
#56     RenderProxyBoxMixin.computeMaxIntrinsicHeight (package:flutter/src/rendering/proxy_box.dart:93:19)
#57     _IntrinsicDimension.memoize.<anonymous closure> (package:flutter/src/rendering/box.dart:1117:51)
#58     _LinkedHashMapMixin.putIfAbsent (dart:_compact_hash:682:23)
#59     _IntrinsicDimension.memoize (package:flutter/src/rendering/box.dart:1117:10)
#60     RenderBox._computeWithTimeline (package:flutter/src/rendering/box.dart:1620:32)
#61     RenderBox._computeIntrinsics (package:flutter/src/rendering/box.dart:1598:26)
#62     RenderBox.getMaxIntrinsicHeight (package:flutter/src/rendering/box.dart:1956:12)
#63     RenderProxyBoxMixin.computeMaxIntrinsicHeight (package:flutter/src/rendering/proxy_box.dart:93:19)
#64     _IntrinsicDimension.memoize.<anonymous closure> (package:flutter/src/rendering/box.dart:1117:51)
#65     _LinkedHashMapMixin.putIfAbsent (dart:_compact_hash:682:23)
#66     _IntrinsicDimension.memoize (package:flutter/src/rendering/box.dart:1117:10)
#67     RenderBox._computeWithTimeline (package:flutter/src/rendering/box.dart:1620:32)
#68     RenderBox._computeIntrinsics (package:flutter/src/rendering/box.dart:1598:26)
#69     RenderBox.getMaxIntrinsicHeight (package:flutter/src/rendering/box.dart:1956:12)
#70     RenderProxyBoxMixin.computeMaxIntrinsicHeight (package:flutter/src/rendering/proxy_box.dart:93:19)
#71     RenderCustomPaint.computeMaxIntrinsicHeight (package:flutter/src/rendering/custom_paint.dart:542:18)
#72     _IntrinsicDimension.memoize.<anonymous closure> (package:flutter/src/rendering/box.dart:1117:51)
#73     _LinkedHashMapMixin.putIfAbsent (dart:_compact_hash:682:23)
#74     _IntrinsicDimension.memoize (package:flutter/src/rendering/box.dart:1117:10)
#75     RenderBox._computeWithTimeline (package:flutter/src/rendering/box.dart:1620:32)
#76     RenderBox._computeIntrinsics (package:flutter/src/rendering/box.dart:1598:26)
#77     RenderBox.getMaxIntrinsicHeight (package:flutter/src/rendering/box.dart:1956:12)
#78     RenderProxyBoxMixin.computeMaxIntrinsicHeight (package:flutter/src/rendering/proxy_box.dart:93:19)
#79     _IntrinsicDimension.memoize.<anonymous closure> (package:flutter/src/rendering/box.dart:1117:51)
#80     _LinkedHashMapMixin.putIfAbsent (dart:_compact_hash:682:23)
#81     _IntrinsicDimension.memoize (package:flutter/src/rendering/box.dart:1117:10)
#82     RenderBox._computeWithTimeline (package:flutter/src/rendering/box.dart:1620:32)
#83     RenderBox._computeIntrinsics (package:flutter/src/rendering/box.dart:1598:26)
#84     RenderBox.getMaxIntrinsicHeight (package:flutter/src/rendering/box.dart:1956:12)
#85     RenderPadding.computeMaxIntrinsicHeight (package:flutter/src/rendering/shifted_box.dart:218:21)
#86     _IntrinsicDimension.memoize.<anonymous closure> (package:flutter/src/rendering/box.dart:1117:51)
#87     _LinkedHashMapMixin.putIfAbsent (dart:_compact_hash:682:23)
#88     _IntrinsicDimension.memoize (package:flutter/src/rendering/box.dart:1117:10)
#89     RenderBox._computeWithTimeline (package:flutter/src/rendering/box.dart:1620:32)
#90     RenderBox._computeIntrinsics (package:flutter/src/rendering/box.dart:1598:26)
#91     RenderBox.getMaxIntrinsicHeight (package:flutter/src/rendering/box.dart:1956:12)
#92     RenderProxyBoxMixin.computeMaxIntrinsicHeight (package:flutter/src/rendering/proxy_box.dart:93:19)
#93     _IntrinsicDimension.memoize.<anonymous closure> (package:flutter/src/rendering/box.dart:1117:51)
#94     _LinkedHashMapMixin.putIfAbsent (dart:_compact_hash:682:23)
#95     _IntrinsicDimension.memoize (package:flutter/src/rendering/box.dart:1117:10)
#96     RenderBox._computeWithTimeline (package:flutter/src/rendering/box.dart:1620:32)
#97     RenderBox._computeIntrinsics (package:flutter/src/rendering/box.dart:1598:26)
#98     RenderBox.getMaxIntrinsicHeight (package:flutter/src/rendering/box.dart:1956:12)
#99     RenderProxyBoxMixin.computeMaxIntrinsicHeight (package:flutter/src/rendering/proxy_box.dart:93:19)
#100    RenderConstrainedBox.computeMaxIntrinsicHeight (package:flutter/src/rendering/proxy_box.dart:279:33)
#101    _IntrinsicDimension.memoize.<anonymous closure> (package:flutter/src/rendering/box.dart:1117:51)
#102    _LinkedHashMapMixin.putIfAbsent (dart:_compact_hash:682:23)
#103    _IntrinsicDimension.memoize (package:flutter/src/rendering/box.dart:1117:10)
#104    RenderBox._computeWithTimeline (package:flutter/src/rendering/box.dart:1620:32)
#105    RenderBox._computeIntrinsics (package:flutter/src/rendering/box.dart:1598:26)
#106    RenderBox.getMaxIntrinsicHeight (package:flutter/src/rendering/box.dart:1956:12)
#107    RenderProxyBoxMixin.computeMaxIntrinsicHeight (package:flutter/src/rendering/proxy_box.dart:93:19)
#108    _IntrinsicDimension.memoize.<anonymous closure> (package:flutter/src/rendering/box.dart:1117:51)
#109    _LinkedHashMapMixin.putIfAbsent (dart:_compact_hash:682:23)
#110    _IntrinsicDimension.memoize (package:flutter/src/rendering/box.dart:1117:10)
#111    RenderBox._computeWithTimeline (package:flutter/src/rendering/box.dart:1620:32)
#112    RenderBox._computeIntrinsics (package:flutter/src/rendering/box.dart:1598:26)
#113    RenderBox.getMaxIntrinsicHeight (package:flutter/src/rendering/box.dart:1956:12)
#114    RenderProxyBoxMixin.computeMaxIntrinsicHeight (package:flutter/src/rendering/proxy_box.dart:93:19)
#115    _IntrinsicDimension.memoize.<anonymous closure> (package:flutter/src/rendering/box.dart:1117:51)
#116    _LinkedHashMapMixin.putIfAbsent (dart:_compact_hash:682:23)
#117    _IntrinsicDimension.memoize (package:flutter/src/rendering/box.dart:1117:10)
#118    RenderBox._computeWithTimeline (package:flutter/src/rendering/box.dart:1620:32)
#119    RenderBox._computeIntrinsics (package:flutter/src/rendering/box.dart:1598:26)
#120    RenderBox.getMaxIntrinsicHeight (package:flutter/src/rendering/box.dart:1956:12)
#121    RenderProxyBoxMixin.computeMaxIntrinsicHeight (package:flutter/src/rendering/proxy_box.dart:93:19)
#122    _IntrinsicDimension.memoize.<anonymous closure> (package:flutter/src/rendering/box.dart:1117:51)
#123    _LinkedHashMapMixin.putIfAbsent (dart:_compact_hash:682:23)
#124    _IntrinsicDimension.memoize (package:flutter/src/rendering/box.dart:1117:10)
#125    RenderBox._computeWithTimeline (package:flutter/src/rendering/box.dart:1620:32)
#126    RenderBox._computeIntrinsics (package:flutter/src/rendering/box.dart:1598:26)
#127    RenderBox.getMaxIntrinsicHeight (package:flutter/src/rendering/box.dart:1956:12)
#128    RenderProxyBoxMixin.computeMaxIntrinsicHeight (package:flutter/src/rendering/proxy_box.dart:93:19)
#129    RenderConstrainedBox.computeMaxIntrinsicHeight (package:flutter/src/rendering/proxy_box.dart:279:33)
#130    _IntrinsicDimension.memoize.<anonymous closure> (package:flutter/src/rendering/box.dart:1117:51)
#131    _LinkedHashMapMixin.putIfAbsent (dart:_compact_hash:682:23)
#132    _IntrinsicDimension.memoize (package:flutter/src/rendering/box.dart:1117:10)
#133    RenderBox._computeWithTimeline (package:flutter/src/rendering/box.dart:1620:32)
#134    RenderBox._computeIntrinsics (package:flutter/src/rendering/box.dart:1598:26)
#135    RenderBox.getMaxIntrinsicHeight (package:flutter/src/rendering/box.dart:1956:12)
#136    RenderFlex.computeMaxIntrinsicHeight.<anonymous closure> (package:flutter/src/rendering/flex.dart:802:60)
#137    RenderFlex._getIntrinsicSize.layoutChild (package:flutter/src/rendering/flex.dart:756:46)
#138    RenderFlex._computeSizes (package:flutter/src/rendering/flex.dart:1275:26)
#139    RenderFlex._getIntrinsicSize (package:flutter/src/rendering/flex.dart:760:14)
#140    RenderFlex.computeMaxIntrinsicHeight (package:flutter/src/rendering/flex.dart:799:12)
#141    _IntrinsicDimension.memoize.<anonymous closure> (package:flutter/src/rendering/box.dart:1117:51)
#142    _LinkedHashMapMixin.putIfAbsent (dart:_compact_hash:682:23)
#143    _IntrinsicDimension.memoize (package:flutter/src/rendering/box.dart:1117:10)
#144    RenderBox._computeWithTimeline (package:flutter/src/rendering/box.dart:1620:32)
#145    RenderBox._computeIntrinsics (package:flutter/src/rendering/box.dart:1598:26)
#146    RenderBox.getMaxIntrinsicHeight (package:flutter/src/rendering/box.dart:1956:12)
#147    RenderIntrinsicHeight._childConstraints (package:flutter/src/rendering/proxy_box.dart:819:45)
#148    RenderIntrinsicHeight._computeSize (package:flutter/src/rendering/proxy_box.dart:826:30)
#149    RenderIntrinsicHeight.performLayout (package:flutter/src/rendering/proxy_box.dart:843:12)
#150    RenderObject.layout (package:flutter/src/rendering/object.dart:2907:7)
#151    ChildLayoutHelper.layoutChild (package:flutter/src/rendering/layout_helper.dart:62:11)
#152    RenderFlex._computeSizes (package:flutter/src/rendering/flex.dart:1237:28)
#153    RenderFlex.performLayout (package:flutter/src/rendering/flex.dart:1329:32)
#154    RenderObject.layout (package:flutter/src/rendering/object.dart:2907:7)
#155    _RenderLayoutBuilder.performLayout (package:flutter/src/widgets/layout_builder.dart:449:14)
#156    RenderObject.layout (package:flutter/src/rendering/object.dart:2907:7)
#157    ChildLayoutHelper.layoutChild (package:flutter/src/rendering/layout_helper.dart:62:11)
#158    RenderFlex._computeSizes (package:flutter/src/rendering/flex.dart:1237:28)
#159    RenderFlex.performLayout (package:flutter/src/rendering/flex.dart:1329:32)
#160    RenderObject.layout (package:flutter/src/rendering/object.dart:2907:7)
#161    RenderProxyBoxMixin.performLayout (package:flutter/src/rendering/proxy_box.dart:118:18)
#162    RenderObject.layout (package:flutter/src/rendering/object.dart:2907:7)
#163    RenderProxyBoxMixin.performLayout (package:flutter/src/rendering/proxy_box.dart:118:18)
#164    RenderObject.layout (package:flutter/src/rendering/object.dart:2907:7)
#165    RenderSliverMultiBoxAdaptor.insertAndLayoutChild (package:flutter/src/rendering/sliver_multi_box_adaptor.dart:520:13)
#166    RenderSliverList.performLayout.advance (package:flutter/src/rendering/sliver_list.dart:238:19)
#167    RenderSliverList.performLayout (package:flutter/src/rendering/sliver_list.dart:278:12)
#168    RenderObject.layout (package:flutter/src/rendering/object.dart:2907:7)
#169    RenderSliverEdgeInsetsPadding.performLayout (package:flutter/src/rendering/sliver_padding.dart:133:12)
#170    RenderSliverPadding.performLayout (package:flutter/src/rendering/sliver_padding.dart:368:11)
#171    RenderObject.layout (package:flutter/src/rendering/object.dart:2907:7)
#172    RenderViewportBase.layoutChildSequence (package:flutter/src/rendering/viewport.dart:821:13)
#173    RenderViewport._attemptLayout (package:flutter/src/rendering/viewport.dart:1831:12)
#174    RenderViewport.performLayout (package:flutter/src/rendering/viewport.dart:1724:20)
#175    RenderObject.layout (package:flutter/src/rendering/object.dart:2907:7)
#176    RenderProxyBoxMixin.performLayout (package:flutter/src/rendering/proxy_box.dart:118:18)
#177    RenderObject.layout (package:flutter/src/rendering/object.dart:2907:7)
#178    RenderProxyBoxMixin.performLayout (package:flutter/src/rendering/proxy_box.dart:118:18)
#179    RenderObject.layout (package:flutter/src/rendering/object.dart:2907:7)
#180    RenderProxyBoxMixin.performLayout (package:flutter/src/rendering/proxy_box.dart:118:18)
#181    RenderObject.layout (package:flutter/src/rendering/object.dart:2907:7)
#182    RenderProxyBoxMixin.performLayout (package:flutter/src/rendering/proxy_box.dart:118:18)
#183    RenderObject.layout (package:flutter/src/rendering/object.dart:2907:7)
#184    RenderProxyBoxMixin.performLayout (package:flutter/src/rendering/proxy_box.dart:118:18)
#185    RenderObject.layout (package:flutter/src/rendering/object.dart:2907:7)
#186    RenderProxyBoxMixin.performLayout (package:flutter/src/rendering/proxy_box.dart:118:18)
#187    RenderObject.layout (package:flutter/src/rendering/object.dart:2907:7)
#188    RenderProxyBoxMixin.performLayout (package:flutter/src/rendering/proxy_box.dart:118:18)
#189    RenderObject.layout (package:flutter/src/rendering/object.dart:2907:7)
#190    RenderProxyBoxMixin.performLayout (package:flutter/src/rendering/proxy_box.dart:118:18)
#191    _RenderCustomClip.performLayout (package:flutter/src/rendering/proxy_box.dart:1549:11)
#192    RenderObject.layout (package:flutter/src/rendering/object.dart:2907:7)
#193    ChildLayoutHelper.layoutChild (package:flutter/src/rendering/layout_helper.dart:62:11)
#194    RenderStack._computeSize (package:flutter/src/rendering/stack.dart:647:43)
#195    RenderStack.performLayout (package:flutter/src/rendering/stack.dart:682:12)
#196    RenderObject.layout (package:flutter/src/rendering/object.dart:2907:7)
#197    RenderProxyBoxMixin.performLayout (package:flutter/src/rendering/proxy_box.dart:118:18)
#198    RenderObject.layout (package:flutter/src/rendering/object.dart:2907:7)
#199    _RenderLayoutBuilder.performLayout (package:flutter/src/widgets/layout_builder.dart:449:14)
#200    RenderObject.layout (package:flutter/src/rendering/object.dart:2907:7)
#201    ChildLayoutHelper.layoutChild (package:flutter/src/rendering/layout_helper.dart:62:11)
#202    RenderFlex._computeSizes (package:flutter/src/rendering/flex.dart:1275:26)
#203    RenderFlex.performLayout (package:flutter/src/rendering/flex.dart:1329:32)
#204    RenderObject.layout (package:flutter/src/rendering/object.dart:2907:7)
#205    ChildLayoutHelper.layoutChild (package:flutter/src/rendering/layout_helper.dart:62:11)
#206    RenderStack._computeSize (package:flutter/src/rendering/stack.dart:647:43)
#207    RenderStack.performLayout (package:flutter/src/rendering/stack.dart:682:12)
#208    RenderObject.layout (package:flutter/src/rendering/object.dart:2907:7)
#209    MultiChildLayoutDelegate.layoutChild (package:flutter/src/rendering/custom_layout.dart:180:12)
#210    _ScaffoldLayout.performLayout (package:flutter/src/material/scaffold.dart:1113:7)
#211    MultiChildLayoutDelegate._callPerformLayout (package:flutter/src/rendering/custom_layout.dart:246:7)
#212    RenderCustomMultiChildLayoutBox.performLayout (package:flutter/src/rendering/custom_layout.dart:417:14)
#213    RenderObject.layout (package:flutter/src/rendering/object.dart:2907:7)
#214    RenderProxyBoxMixin.performLayout (package:flutter/src/rendering/proxy_box.dart:118:18)
#215    RenderObject.layout (package:flutter/src/rendering/object.dart:2907:7)
#216    RenderProxyBoxMixin.performLayout (package:flutter/src/rendering/proxy_box.dart:118:18)
#217    _RenderCustomClip.performLayout (package:flutter/src/rendering/proxy_box.dart:1549:11)
#218    RenderObject.layout (package:flutter/src/rendering/object.dart:2907:7)
#219    _RenderLayoutBuilder.performLayout (package:flutter/src/widgets/layout_builder.dart:449:14)
#220    RenderObject.layout (package:flutter/src/rendering/object.dart:2907:7)
#221    RenderProxyBoxMixin.performLayout (package:flutter/src/rendering/proxy_box.dart:118:18)
#222    RenderObject.layout (package:flutter/src/rendering/object.dart:2907:7)
#223    RenderProxyBoxMixin.performLayout (package:flutter/src/rendering/proxy_box.dart:118:18)
#224    RenderObject.layout (package:flutter/src/rendering/object.dart:2907:7)
#225    RenderProxyBoxMixin.performLayout (package:flutter/src/rendering/proxy_box.dart:118:18)
#226    RenderObject.layout (package:flutter/src/rendering/object.dart:2907:7)
#227    RenderProxyBoxMixin.performLayout (package:flutter/src/rendering/proxy_box.dart:118:18)
#228    RenderObject.layout (package:flutter/src/rendering/object.dart:2907:7)
#229    RenderProxyBoxMixin.performLayout (package:flutter/src/rendering/proxy_box.dart:118:18)
#230    RenderObject.layout (package:flutter/src/rendering/object.dart:2907:7)
#231    RenderProxyBoxMixin.performLayout (package:flutter/src/rendering/proxy_box.dart:118:18)
#232    RenderObject.layout (package:flutter/src/rendering/object.dart:2907:7)
#233    RenderProxyBoxMixin.performLayout (package:flutter/src/rendering/proxy_box.dart:118:18)
#234    RenderObject.layout (package:flutter/src/rendering/object.dart:2907:7)
#235    RenderProxyBoxMixin.performLayout (package:flutter/src/rendering/proxy_box.dart:118:18)
#236    RenderObject.layout (package:flutter/src/rendering/object.dart:2907:7)
#237    RenderProxyBoxMixin.performLayout (package:flutter/src/rendering/proxy_box.dart:118:18)
#238    RenderObject.layout (package:flutter/src/rendering/object.dart:2907:7)
#239    RenderProxyBoxMixin.performLayout (package:flutter/src/rendering/proxy_box.dart:118:18)
#240    RenderObject.layout (package:flutter/src/rendering/object.dart:2907:7)
#241    RenderProxyBoxMixin.performLayout (package:flutter/src/rendering/proxy_box.dart:118:18)
#242    RenderObject.layout (package:flutter/src/rendering/object.dart:2907:7)
#243    RenderProxyBoxMixin.performLayout (package:flutter/src/rendering/proxy_box.dart:118:18)
#244    RenderObject.layout (package:flutter/src/rendering/object.dart:2907:7)
#245    RenderProxyBoxMixin.performLayout (package:flutter/src/rendering/proxy_box.dart:118:18)
#246    RenderObject.layout (package:flutter/src/rendering/object.dart:2907:7)
#247    RenderProxyBoxMixin.performLayout (package:flutter/src/rendering/proxy_box.dart:118:18)
#248    RenderObject.layout (package:flutter/src/rendering/object.dart:2907:7)
#249    RenderProxyBoxMixin.performLayout (package:flutter/src/rendering/proxy_box.dart:118:18)
#250    RenderObject.layout (package:flutter/src/rendering/object.dart:2907:7)
#251    RenderProxyBoxMixin.performLayout (package:flutter/src/rendering/proxy_box.dart:118:18)
#252    RenderOffstage.performLayout (package:flutter/src/rendering/proxy_box.dart:3923:13)
#253    RenderObject.layout (package:flutter/src/rendering/object.dart:2907:7)
#254    RenderProxyBoxMixin.performLayout (package:flutter/src/rendering/proxy_box.dart:118:18)
#255    RenderObject.layout (package:flutter/src/rendering/object.dart:2907:7)
#256    _RenderTheaterMixin.layoutChild (package:flutter/src/widgets/overlay.dart:1124:13)
#257    _RenderTheater.performLayout (package:flutter/src/widgets/overlay.dart:1481:9)
#258    RenderObject.layout (package:flutter/src/rendering/object.dart:2907:7)
#259    RenderProxyBoxMixin.performLayout (package:flutter/src/rendering/proxy_box.dart:118:18)
#260    RenderObject.layout (package:flutter/src/rendering/object.dart:2907:7)
#261    RenderProxyBoxMixin.performLayout (package:flutter/src/rendering/proxy_box.dart:118:18)
#262    RenderObject.layout (package:flutter/src/rendering/object.dart:2907:7)
#263    RenderProxyBoxMixin.performLayout (package:flutter/src/rendering/proxy_box.dart:118:18)
#264    RenderObject.layout (package:flutter/src/rendering/object.dart:2907:7)
#265    RenderProxyBoxMixin.performLayout (package:flutter/src/rendering/proxy_box.dart:118:18)
#266    RenderCustomPaint.performLayout (package:flutter/src/rendering/custom_paint.dart:574:11)
#267    RenderObject.layout (package:flutter/src/rendering/object.dart:2907:7)
#268    RenderProxyBoxMixin.performLayout (package:flutter/src/rendering/proxy_box.dart:118:18)
#269    RenderObject.layout (package:flutter/src/rendering/object.dart:2907:7)
#270    RenderProxyBoxMixin.performLayout (package:flutter/src/rendering/proxy_box.dart:118:18)
#271    RenderObject.layout (package:flutter/src/rendering/object.dart:2907:7)
#272    RenderProxyBoxMixin.performLayout (package:flutter/src/rendering/proxy_box.dart:118:18)
#273    RenderObject.layout (package:flutter/src/rendering/object.dart:2907:7)
#274    RenderProxyBoxMixin.performLayout (package:flutter/src/rendering/proxy_box.dart:118:18)
#275    RenderObject.layout (package:flutter/src/rendering/object.dart:2907:7)
#276    RenderProxyBoxMixin.performLayout (package:flutter/src/rendering/proxy_box.dart:118:18)
#277    RenderObject.layout (package:flutter/src/rendering/object.dart:2907:7)
#278    RenderProxyBoxMixin.performLayout (package:flutter/src/rendering/proxy_box.dart:118:18)
#279    RenderObject.layout (package:flutter/src/rendering/object.dart:2907:7)
#280    RenderView.performLayout (package:flutter/src/rendering/view.dart:292:12)
#281    RenderObject._layoutWithoutResize (package:flutter/src/rendering/object.dart:2755:7)
#282    PipelineOwner.flushLayout (package:flutter/src/rendering/object.dart:1174:18)
#283    PipelineOwner.flushLayout (package:flutter/src/rendering/object.dart:1187:15)
#284    AutomatedTestWidgetsFlutterBinding.drawFrame (package:flutter_test/src/binding.dart:2433:27)
#285    RendererBinding._handlePersistentFrameCallback (package:flutter/src/rendering/binding.dart:509:5)
#286    SchedulerBinding._invokeFrameCallback (package:flutter/src/scheduler/binding.dart:1430:15)
#287    SchedulerBinding.handleDrawFrame (package:flutter/src/scheduler/binding.dart:1345:9)
#288    AutomatedTestWidgetsFlutterBinding.pump.<anonymous closure> (package:flutter_test/src/binding.dart:2260:9)
#291    TestAsyncUtils.guard (package:flutter_test/src/test_async_utils.dart:74:41)
#292    AutomatedTestWidgetsFlutterBinding.pump (package:flutter_test/src/binding.dart:2249:27)
#293    WidgetTester.pumpWidget.<anonymous closure> (package:flutter_test/src/widget_tester.dart:598:22)
#296    TestAsyncUtils.guard (package:flutter_test/src/test_async_utils.dart:74:41)
#297    WidgetTester.pumpWidget (package:flutter_test/src/widget_tester.dart:595:27)
#298    main.<anonymous closure> (file:///C:/Users/adrie/Documents/Coelo.worktrees/e2-r02-d04-acessos/apps/superadmin/test/features/safety/presentation/safety_pages_test.dart:452:22)
<asynchronous suspension>
#299    testWidgets.<anonymous closure>.<anonymous closure> (package:flutter_test/src/widget_tester.dart:192:15)
<asynchronous suspension>
#300    TestWidgetsFlutterBinding._runTestBody (package:flutter_test/src/binding.dart:1952:5)
<asynchronous suspension>
<asynchronous suspension>
(elided 5 frames from dart:async and package:stack_trace)

The following RenderObject was being processed when the exception was fired: RenderIntrinsicHeight#8803c relayoutBoundary=up8 NEEDS-PAINT NEEDS-COMPOSITING-BITS-UPDATE:
  creator: IntrinsicHeight ← Column ← LayoutBuilder ← Column ← RepaintBoundary ← IndexedSemantics ←
    _SelectionKeepAlive ← NotificationListener<KeepAliveNotification> ← KeepAlive ← AutomaticKeepAlive
    ← KeyedSubtree ← SliverList ← ⋯
  parentData: offset=Offset(0.0, 0.0); flex=null; fit=null (can use size)
  constraints: BoxConstraints(0.0<=w<=343.0, 0.0<=h<=Infinity)
  size: MISSING
This RenderObject had the following descendants (showing up to depth 5):
    child: RenderFlex#a3632 NEEDS-LAYOUT NEEDS-PAINT NEEDS-COMPOSITING-BITS-UPDATE
      child 1: RenderConstrainedBox#b0419 NEEDS-LAYOUT NEEDS-PAINT NEEDS-COMPOSITING-BITS-UPDATE
        child: RenderMouseRegion#cc791 NEEDS-LAYOUT NEEDS-PAINT NEEDS-COMPOSITING-BITS-UPDATE
          child: RenderSemanticsAnnotations#3148a NEEDS-LAYOUT NEEDS-PAINT NEEDS-COMPOSITING-BITS-UPDATE
            child: RenderExcludeSemantics#4e874 NEEDS-LAYOUT NEEDS-PAINT NEEDS-COMPOSITING-BITS-UPDATE
════════════════════════════════════════════════════════════════════════════════════════════════════
══╡ EXCEPTION CAUGHT BY RENDERING LIBRARY ╞═════════════════════════════════════════════════════════
The following assertion was thrown during performLayout():
RenderBox was not laid out: RenderIntrinsicHeight#8803c relayoutBoundary=up8 NEEDS-PAINT
NEEDS-COMPOSITING-BITS-UPDATE
'package:flutter/src/rendering/box.dart':
Failed assertion: line 2251 pos 12: 'hasSize'

Either the assertion indicates an error in the framework itself, or we should provide substantially
more information in this error message to help you determine and fix the underlying cause.
In either case, please report this assertion by filing a bug on GitHub:
  https://github.com/flutter/flutter/issues/new?template=02_bug.yml

The relevant error-causing widget was:
  Column
  Column:file:///C:/Users/adrie/Documents/Coelo.worktrees/e2-r02-d04-acessos/apps/superadmin/lib/features/safety/presentation/safety_pages.dart:301:22

When the exception was thrown, this was the stack:
#2      RenderBox.size (package:flutter/src/rendering/box.dart:2251:12)
#3      ChildLayoutHelper.layoutChild (package:flutter/src/rendering/layout_helper.dart:63:18)
#4      RenderFlex._computeSizes (package:flutter/src/rendering/flex.dart:1237:28)
#5      RenderFlex.performLayout (package:flutter/src/rendering/flex.dart:1329:32)
#6      RenderObject.layout (package:flutter/src/rendering/object.dart:2907:7)
#7      _RenderLayoutBuilder.performLayout (package:flutter/src/widgets/layout_builder.dart:449:14)
#8      RenderObject.layout (package:flutter/src/rendering/object.dart:2907:7)
#9      ChildLayoutHelper.layoutChild (package:flutter/src/rendering/layout_helper.dart:62:11)
#10     RenderFlex._computeSizes (package:flutter/src/rendering/flex.dart:1237:28)
#11     RenderFlex.performLayout (package:flutter/src/rendering/flex.dart:1329:32)
#12     RenderObject.layout (package:flutter/src/rendering/object.dart:2907:7)
#13     RenderProxyBoxMixin.performLayout (package:flutter/src/rendering/proxy_box.dart:118:18)
#14     RenderObject.layout (package:flutter/src/rendering/object.dart:2907:7)
#15     RenderProxyBoxMixin.performLayout (package:flutter/src/rendering/proxy_box.dart:118:18)
#16     RenderObject.layout (package:flutter/src/rendering/object.dart:2907:7)
#17     RenderSliverMultiBoxAdaptor.insertAndLayoutChild (package:flutter/src/rendering/sliver_multi_box_adaptor.dart:520:13)
#18     RenderSliverList.performLayout.advance (package:flutter/src/rendering/sliver_list.dart:238:19)
#19     RenderSliverList.performLayout (package:flutter/src/rendering/sliver_list.dart:278:12)
#20     RenderObject.layout (package:flutter/src/rendering/object.dart:2907:7)
#21     RenderSliverEdgeInsetsPadding.performLayout (package:flutter/src/rendering/sliver_padding.dart:133:12)
#22     RenderSliverPadding.performLayout (package:flutter/src/rendering/sliver_padding.dart:368:11)
#23     RenderObject.layout (package:flutter/src/rendering/object.dart:2907:7)
#24     RenderViewportBase.layoutChildSequence (package:flutter/src/rendering/viewport.dart:821:13)
#25     RenderViewport._attemptLayout (package:flutter/src/rendering/viewport.dart:1831:12)
#26     RenderViewport.performLayout (package:flutter/src/rendering/viewport.dart:1724:20)
#27     RenderObject.layout (package:flutter/src/rendering/object.dart:2907:7)
#28     RenderProxyBoxMixin.performLayout (package:flutter/src/rendering/proxy_box.dart:118:18)
#29     RenderObject.layout (package:flutter/src/rendering/object.dart:2907:7)
#30     RenderProxyBoxMixin.performLayout (package:flutter/src/rendering/proxy_box.dart:118:18)
#31     RenderObject.layout (package:flutter/src/rendering/object.dart:2907:7)
#32     RenderProxyBoxMixin.performLayout (package:flutter/src/rendering/proxy_box.dart:118:18)
#33     RenderObject.layout (package:flutter/src/rendering/object.dart:2907:7)
#34     RenderProxyBoxMixin.performLayout (package:flutter/src/rendering/proxy_box.dart:118:18)
#35     RenderObject.layout (package:flutter/src/rendering/object.dart:2907:7)
#36     RenderProxyBoxMixin.performLayout (package:flutter/src/rendering/proxy_box.dart:118:18)
#37     RenderObject.layout (package:flutter/src/rendering/object.dart:2907:7)
#38     RenderProxyBoxMixin.performLayout (package:flutter/src/rendering/proxy_box.dart:118:18)
#39     RenderObject.layout (package:flutter/src/rendering/object.dart:2907:7)
#40     RenderProxyBoxMixin.performLayout (package:flutter/src/rendering/proxy_box.dart:118:18)
#41     RenderObject.layout (package:flutter/src/rendering/object.dart:2907:7)
#42     RenderProxyBoxMixin.performLayout (package:flutter/src/rendering/proxy_box.dart:118:18)
#43     _RenderCustomClip.performLayout (package:flutter/src/rendering/proxy_box.dart:1549:11)
#44     RenderObject.layout (package:flutter/src/rendering/object.dart:2907:7)
#45     ChildLayoutHelper.layoutChild (package:flutter/src/rendering/layout_helper.dart:62:11)
#46     RenderStack._computeSize (package:flutter/src/rendering/stack.dart:647:43)
#47     RenderStack.performLayout (package:flutter/src/rendering/stack.dart:682:12)
#48     RenderObject.layout (package:flutter/src/rendering/object.dart:2907:7)
#49     RenderProxyBoxMixin.performLayout (package:flutter/src/rendering/proxy_box.dart:118:18)
#50     RenderObject.layout (package:flutter/src/rendering/object.dart:2907:7)
#51     _RenderLayoutBuilder.performLayout (package:flutter/src/widgets/layout_builder.dart:449:14)
#52     RenderObject.layout (package:flutter/src/rendering/object.dart:2907:7)
#53     ChildLayoutHelper.layoutChild (package:flutter/src/rendering/layout_helper.dart:62:11)
#54     RenderFlex._computeSizes (package:flutter/src/rendering/flex.dart:1275:26)
#55     RenderFlex.performLayout (package:flutter/src/rendering/flex.dart:1329:32)
#56     RenderObject.layout (package:flutter/src/rendering/object.dart:2907:7)
#57     ChildLayoutHelper.layoutChild (package:flutter/src/rendering/layout_helper.dart:62:11)
#58     RenderStack._computeSize (package:flutter/src/rendering/stack.dart:647:43)
#59     RenderStack.performLayout (package:flutter/src/rendering/stack.dart:682:12)
#60     RenderObject.layout (package:flutter/src/rendering/object.dart:2907:7)
#61     MultiChildLayoutDelegate.layoutChild (package:flutter/src/rendering/custom_layout.dart:180:12)
#62     _ScaffoldLayout.performLayout (package:flutter/src/material/scaffold.dart:1113:7)
#63     MultiChildLayoutDelegate._callPerformLayout (package:flutter/src/rendering/custom_layout.dart:246:7)
#64     RenderCustomMultiChildLayoutBox.performLayout (package:flutter/src/rendering/custom_layout.dart:417:14)
#65     RenderObject.layout (package:flutter/src/rendering/object.dart:2907:7)
#66     RenderProxyBoxMixin.performLayout (package:flutter/src/rendering/proxy_box.dart:118:18)
#67     RenderObject.layout (package:flutter/src/rendering/object.dart:2907:7)
#68     RenderProxyBoxMixin.performLayout (package:flutter/src/rendering/proxy_box.dart:118:18)
#69     _RenderCustomClip.performLayout (package:flutter/src/rendering/proxy_box.dart:1549:11)
#70     RenderObject.layout (package:flutter/src/rendering/object.dart:2907:7)
#71     _RenderLayoutBuilder.performLayout (package:flutter/src/widgets/layout_builder.dart:449:14)
#72     RenderObject.layout (package:flutter/src/rendering/object.dart:2907:7)
#73     RenderProxyBoxMixin.performLayout (package:flutter/src/rendering/proxy_box.dart:118:18)
#74     RenderObject.layout (package:flutter/src/rendering/object.dart:2907:7)
#75     RenderProxyBoxMixin.performLayout (package:flutter/src/rendering/proxy_box.dart:118:18)
#76     RenderObject.layout (package:flutter/src/rendering/object.dart:2907:7)
#77     RenderProxyBoxMixin.performLayout (package:flutter/src/rendering/proxy_box.dart:118:18)
#78     RenderObject.layout (package:flutter/src/rendering/object.dart:2907:7)
#79     RenderProxyBoxMixin.performLayout (package:flutter/src/rendering/proxy_box.dart:118:18)
#80     RenderObject.layout (package:flutter/src/rendering/object.dart:2907:7)
#81     RenderProxyBoxMixin.performLayout (package:flutter/src/rendering/proxy_box.dart:118:18)
#82     RenderObject.layout (package:flutter/src/rendering/object.dart:2907:7)
#83     RenderProxyBoxMixin.performLayout (package:flutter/src/rendering/proxy_box.dart:118:18)
#84     RenderObject.layout (package:flutter/src/rendering/object.dart:2907:7)
#85     RenderProxyBoxMixin.performLayout (package:flutter/src/rendering/proxy_box.dart:118:18)
#86     RenderObject.layout (package:flutter/src/rendering/object.dart:2907:7)
#87     RenderProxyBoxMixin.performLayout (package:flutter/src/rendering/proxy_box.dart:118:18)
#88     RenderObject.layout (package:flutter/src/rendering/object.dart:2907:7)
#89     RenderProxyBoxMixin.performLayout (package:flutter/src/rendering/proxy_box.dart:118:18)
#90     RenderObject.layout (package:flutter/src/rendering/object.dart:2907:7)
#91     RenderProxyBoxMixin.performLayout (package:flutter/src/rendering/proxy_box.dart:118:18)
#92     RenderObject.layout (package:flutter/src/rendering/object.dart:2907:7)
#93     RenderProxyBoxMixin.performLayout (package:flutter/src/rendering/proxy_box.dart:118:18)
#94     RenderObject.layout (package:flutter/src/rendering/object.dart:2907:7)
#95     RenderProxyBoxMixin.performLayout (package:flutter/src/rendering/proxy_box.dart:118:18)
#96     RenderObject.layout (package:flutter/src/rendering/object.dart:2907:7)
#97     RenderProxyBoxMixin.performLayout (package:flutter/src/rendering/proxy_box.dart:118:18)
#98     RenderObject.layout (package:flutter/src/rendering/object.dart:2907:7)
#99     RenderProxyBoxMixin.performLayout (package:flutter/src/rendering/proxy_box.dart:118:18)
#100    RenderObject.layout (package:flutter/src/rendering/object.dart:2907:7)
#101    RenderProxyBoxMixin.performLayout (package:flutter/src/rendering/proxy_box.dart:118:18)
#102    RenderObject.layout (package:flutter/src/rendering/object.dart:2907:7)
#103    RenderProxyBoxMixin.performLayout (package:flutter/src/rendering/proxy_box.dart:118:18)
#104    RenderOffstage.performLayout (package:flutter/src/rendering/proxy_box.dart:3923:13)
#105    RenderObject.layout (package:flutter/src/rendering/object.dart:2907:7)
#106    RenderProxyBoxMixin.performLayout (package:flutter/src/rendering/proxy_box.dart:118:18)
#107    RenderObject.layout (package:flutter/src/rendering/object.dart:2907:7)
#108    _RenderTheaterMixin.layoutChild (package:flutter/src/widgets/overlay.dart:1124:13)
#109    _RenderTheater.performLayout (package:flutter/src/widgets/overlay.dart:1481:9)
#110    RenderObject.layout (package:flutter/src/rendering/object.dart:2907:7)
#111    RenderProxyBoxMixin.performLayout (package:flutter/src/rendering/proxy_box.dart:118:18)
#112    RenderObject.layout (package:flutter/src/rendering/object.dart:2907:7)
#113    RenderProxyBoxMixin.performLayout (package:flutter/src/rendering/proxy_box.dart:118:18)
#114    RenderObject.layout (package:flutter/src/rendering/object.dart:2907:7)
#115    RenderProxyBoxMixin.performLayout (package:flutter/src/rendering/proxy_box.dart:118:18)
#116    RenderObject.layout (package:flutter/src/rendering/object.dart:2907:7)
#117    RenderProxyBoxMixin.performLayout (package:flutter/src/rendering/proxy_box.dart:118:18)
#118    RenderCustomPaint.performLayout (package:flutter/src/rendering/custom_paint.dart:574:11)
#119    RenderObject.layout (package:flutter/src/rendering/object.dart:2907:7)
#120    RenderProxyBoxMixin.performLayout (package:flutter/src/rendering/proxy_box.dart:118:18)
#121    RenderObject.layout (package:flutter/src/rendering/object.dart:2907:7)
#122    RenderProxyBoxMixin.performLayout (package:flutter/src/rendering/proxy_box.dart:118:18)
#123    RenderObject.layout (package:flutter/src/rendering/object.dart:2907:7)
#124    RenderProxyBoxMixin.performLayout (package:flutter/src/rendering/proxy_box.dart:118:18)
#125    RenderObject.layout (package:flutter/src/rendering/object.dart:2907:7)
#126    RenderProxyBoxMixin.performLayout (package:flutter/src/rendering/proxy_box.dart:118:18)
#127    RenderObject.layout (package:flutter/src/rendering/object.dart:2907:7)
#128    RenderProxyBoxMixin.performLayout (package:flutter/src/rendering/proxy_box.dart:118:18)
#129    RenderObject.layout (package:flutter/src/rendering/object.dart:2907:7)
#130    RenderProxyBoxMixin.performLayout (package:flutter/src/rendering/proxy_box.dart:118:18)
#131    RenderObject.layout (package:flutter/src/rendering/object.dart:2907:7)
#132    RenderView.performLayout (package:flutter/src/rendering/view.dart:292:12)
#133    RenderObject._layoutWithoutResize (package:flutter/src/rendering/object.dart:2755:7)
#134    PipelineOwner.flushLayout (package:flutter/src/rendering/object.dart:1174:18)
#135    PipelineOwner.flushLayout (package:flutter/src/rendering/object.dart:1187:15)
#136    AutomatedTestWidgetsFlutterBinding.drawFrame (package:flutter_test/src/binding.dart:2433:27)
#137    RendererBinding._handlePersistentFrameCallback (package:flutter/src/rendering/binding.dart:509:5)
#138    SchedulerBinding._invokeFrameCallback (package:flutter/src/scheduler/binding.dart:1430:15)
#139    SchedulerBinding.handleDrawFrame (package:flutter/src/scheduler/binding.dart:1345:9)
#140    AutomatedTestWidgetsFlutterBinding.pump.<anonymous closure> (package:flutter_test/src/binding.dart:2260:9)
#143    TestAsyncUtils.guard (package:flutter_test/src/test_async_utils.dart:74:41)
#144    AutomatedTestWidgetsFlutterBinding.pump (package:flutter_test/src/binding.dart:2249:27)
#145    WidgetTester.pumpWidget.<anonymous closure> (package:flutter_test/src/widget_tester.dart:598:22)
#148    TestAsyncUtils.guard (package:flutter_test/src/test_async_utils.dart:74:41)
#149    WidgetTester.pumpWidget (package:flutter_test/src/widget_tester.dart:595:27)
#150    main.<anonymous closure> (file:///C:/Users/adrie/Documents/Coelo.worktrees/e2-r02-d04-acessos/apps/superadmin/test/features/safety/presentation/safety_pages_test.dart:452:22)
<asynchronous suspension>
#151    testWidgets.<anonymous closure>.<anonymous closure> (package:flutter_test/src/widget_tester.dart:192:15)
<asynchronous suspension>
#152    TestWidgetsFlutterBinding._runTestBody (package:flutter_test/src/binding.dart:1952:5)
<asynchronous suspension>
<asynchronous suspension>
(elided 7 frames from class _AssertionError, dart:async, and package:stack_trace)

The following RenderObject was being processed when the exception was fired: RenderFlex#4499c relayoutBoundary=up7 NEEDS-LAYOUT NEEDS-PAINT NEEDS-COMPOSITING-BITS-UPDATE:
  creator: Column ← LayoutBuilder ← Column ← RepaintBoundary ← IndexedSemantics ← _SelectionKeepAlive
    ← NotificationListener<KeepAliveNotification> ← KeepAlive ← AutomaticKeepAlive ← KeyedSubtree ←
    SliverList ← SliverPadding ← ⋯
  parentData: offset=Offset(0.0, 0.0) (can use size)
  constraints: BoxConstraints(0.0<=w<=343.0, 0.0<=h<=Infinity)
  size: MISSING
  direction: vertical
  mainAxisAlignment: start
  mainAxisSize: max
  crossAxisAlignment: center
  verticalDirection: down
  spacing: 0.0
This RenderObject had the following descendants (showing up to depth 5):
    child 1: RenderIntrinsicHeight#93eae relayoutBoundary=up8 NEEDS-PAINT NEEDS-COMPOSITING-BITS-UPDATE
      child: RenderFlex#714e7 relayoutBoundary=up9 NEEDS-PAINT NEEDS-COMPOSITING-BITS-UPDATE
        child 1: RenderConstrainedBox#e7f30 NEEDS-PAINT NEEDS-COMPOSITING-BITS-UPDATE
          child: RenderSemanticsAnnotations#05615 NEEDS-PAINT NEEDS-COMPOSITING-BITS-UPDATE
            child: RenderDecoratedBox#0b426 NEEDS-PAINT NEEDS-COMPOSITING-BITS-UPDATE
    child 2: RenderConstrainedBox#1a8b0 relayoutBoundary=up8 NEEDS-PAINT
    child 3: RenderIntrinsicHeight#8803c relayoutBoundary=up8 NEEDS-PAINT NEEDS-COMPOSITING-BITS-UPDATE
      child: RenderFlex#a3632 NEEDS-LAYOUT NEEDS-PAINT NEEDS-COMPOSITING-BITS-UPDATE
        child 1: RenderConstrainedBox#b0419 NEEDS-LAYOUT NEEDS-PAINT NEEDS-COMPOSITING-BITS-UPDATE
          child: RenderMouseRegion#cc791 NEEDS-LAYOUT NEEDS-PAINT NEEDS-COMPOSITING-BITS-UPDATE
            child: RenderSemanticsAnnotations#3148a NEEDS-LAYOUT NEEDS-PAINT NEEDS-COMPOSITING-BITS-UPDATE
    child 4: RenderConstrainedBox#eda08 NEEDS-LAYOUT NEEDS-PAINT
    child 5: RenderIntrinsicHeight#ba78c NEEDS-LAYOUT NEEDS-PAINT NEEDS-COMPOSITING-BITS-UPDATE
      child: RenderFlex#a9217 NEEDS-LAYOUT NEEDS-PAINT NEEDS-COMPOSITING-BITS-UPDATE
        child 1: RenderConstrainedBox#99800 NEEDS-LAYOUT NEEDS-PAINT NEEDS-COMPOSITING-BITS-UPDATE
          child: RenderMouseRegion#71cb2 NEEDS-LAYOUT NEEDS-PAINT NEEDS-COMPOSITING-BITS-UPDATE
            child: RenderSemanticsAnnotations#8fb42 NEEDS-LAYOUT NEEDS-PAINT NEEDS-COMPOSITING-BITS-UPDATE
    child 6: RenderConstrainedBox#4ffd3 NEEDS-LAYOUT NEEDS-PAINT
    child 7: RenderIntrinsicHeight#78451 NEEDS-LAYOUT NEEDS-PAINT NEEDS-COMPOSITING-BITS-UPDATE
      child: RenderFlex#66e48 NEEDS-LAYOUT NEEDS-PAINT NEEDS-COMPOSITING-BITS-UPDATE
        child 1: RenderConstrainedBox#7686b NEEDS-LAYOUT NEEDS-PAINT NEEDS-COMPOSITING-BITS-UPDATE
          child: RenderMouseRegion#211e0 NEEDS-LAYOUT NEEDS-PAINT NEEDS-COMPOSITING-BITS-UPDATE
            child: RenderSemanticsAnnotations#8dc7b NEEDS-LAYOUT NEEDS-PAINT NEEDS-COMPOSITING-BITS-UPDATE
════════════════════════════════════════════════════════════════════════════════════════════════════
══╡ EXCEPTION CAUGHT BY RENDERING LIBRARY ╞═════════════════════════════════════════════════════════
The following assertion was thrown during performLayout():
RenderBox was not laid out: RenderFlex#4499c relayoutBoundary=up7 NEEDS-PAINT
NEEDS-COMPOSITING-BITS-UPDATE
'package:flutter/src/rendering/box.dart':
Failed assertion: line 2251 pos 12: 'hasSize'

Either the assertion indicates an error in the framework itself, or we should provide substantially
more information in this error message to help you determine and fix the underlying cause.
In either case, please report this assertion by filing a bug on GitHub:
  https://github.com/flutter/flutter/issues/new?template=02_bug.yml

The relevant error-causing widget was:
  LayoutBuilder
  LayoutBuilder:file:///C:/Users/adrie/Documents/Coelo.worktrees/e2-r02-d04-acessos/apps/superadmin/lib/features/safety/presentation/safety_pages.dart:274:11

When the exception was thrown, this was the stack:
#2      RenderBox.size (package:flutter/src/rendering/box.dart:2251:12)
#3      _RenderLayoutBuilder.performLayout (package:flutter/src/widgets/layout_builder.dart:450:43)
#4      RenderObject.layout (package:flutter/src/rendering/object.dart:2907:7)
#5      ChildLayoutHelper.layoutChild (package:flutter/src/rendering/layout_helper.dart:62:11)
#6      RenderFlex._computeSizes (package:flutter/src/rendering/flex.dart:1237:28)
#7      RenderFlex.performLayout (package:flutter/src/rendering/flex.dart:1329:32)
#8      RenderObject.layout (package:flutter/src/rendering/object.dart:2907:7)
#9      RenderProxyBoxMixin.performLayout (package:flutter/src/rendering/proxy_box.dart:118:18)
#10     RenderObject.layout (package:flutter/src/rendering/object.dart:2907:7)
#11     RenderProxyBoxMixin.performLayout (package:flutter/src/rendering/proxy_box.dart:118:18)
#12     RenderObject.layout (package:flutter/src/rendering/object.dart:2907:7)
#13     RenderSliverMultiBoxAdaptor.insertAndLayoutChild (package:flutter/src/rendering/sliver_multi_box_adaptor.dart:520:13)
#14     RenderSliverList.performLayout.advance (package:flutter/src/rendering/sliver_list.dart:238:19)
#15     RenderSliverList.performLayout (package:flutter/src/rendering/sliver_list.dart:278:12)
#16     RenderObject.layout (package:flutter/src/rendering/object.dart:2907:7)
#17     RenderSliverEdgeInsetsPadding.performLayout (package:flutter/src/rendering/sliver_padding.dart:133:12)
#18     RenderSliverPadding.performLayout (package:flutter/src/rendering/sliver_padding.dart:368:11)
#19     RenderObject.layout (package:flutter/src/rendering/object.dart:2907:7)
#20     RenderViewportBase.layoutChildSequence (package:flutter/src/rendering/viewport.dart:821:13)
#21     RenderViewport._attemptLayout (package:flutter/src/rendering/viewport.dart:1831:12)
#22     RenderViewport.performLayout (package:flutter/src/rendering/viewport.dart:1724:20)
#23     RenderObject.layout (package:flutter/src/rendering/object.dart:2907:7)
#24     RenderProxyBoxMixin.performLayout (package:flutter/src/rendering/proxy_box.dart:118:18)
#25     RenderObject.layout (package:flutter/src/rendering/object.dart:2907:7)
#26     RenderProxyBoxMixin.performLayout (package:flutter/src/rendering/proxy_box.dart:118:18)
#27     RenderObject.layout (package:flutter/src/rendering/object.dart:2907:7)
#28     RenderProxyBoxMixin.performLayout (package:flutter/src/rendering/proxy_box.dart:118:18)
#29     RenderObject.layout (package:flutter/src/rendering/object.dart:2907:7)
#30     RenderProxyBoxMixin.performLayout (package:flutter/src/rendering/proxy_box.dart:118:18)
#31     RenderObject.layout (package:flutter/src/rendering/object.dart:2907:7)
#32     RenderProxyBoxMixin.performLayout (package:flutter/src/rendering/proxy_box.dart:118:18)
#33     RenderObject.layout (package:flutter/src/rendering/object.dart:2907:7)
#34     RenderProxyBoxMixin.performLayout (package:flutter/src/rendering/proxy_box.dart:118:18)
#35     RenderObject.layout (package:flutter/src/rendering/object.dart:2907:7)
#36     RenderProxyBoxMixin.performLayout (package:flutter/src/rendering/proxy_box.dart:118:18)
#37     RenderObject.layout (package:flutter/src/rendering/object.dart:2907:7)
#38     RenderProxyBoxMixin.performLayout (package:flutter/src/rendering/proxy_box.dart:118:18)
#39     _RenderCustomClip.performLayout (package:flutter/src/rendering/proxy_box.dart:1549:11)
#40     RenderObject.layout (package:flutter/src/rendering/object.dart:2907:7)
#41     ChildLayoutHelper.layoutChild (package:flutter/src/rendering/layout_helper.dart:62:11)
#42     RenderStack._computeSize (package:flutter/src/rendering/stack.dart:647:43)
#43     RenderStack.performLayout (package:flutter/src/rendering/stack.dart:682:12)
#44     RenderObject.layout (package:flutter/src/rendering/object.dart:2907:7)
#45     RenderProxyBoxMixin.performLayout (package:flutter/src/rendering/proxy_box.dart:118:18)
#46     RenderObject.layout (package:flutter/src/rendering/object.dart:2907:7)
#47     _RenderLayoutBuilder.performLayout (package:flutter/src/widgets/layout_builder.dart:449:14)
#48     RenderObject.layout (package:flutter/src/rendering/object.dart:2907:7)
#49     ChildLayoutHelper.layoutChild (package:flutter/src/rendering/layout_helper.dart:62:11)
#50     RenderFlex._computeSizes (package:flutter/src/rendering/flex.dart:1275:26)
#51     RenderFlex.performLayout (package:flutter/src/rendering/flex.dart:1329:32)
#52     RenderObject.layout (package:flutter/src/rendering/object.dart:2907:7)
#53     ChildLayoutHelper.layoutChild (package:flutter/src/rendering/layout_helper.dart:62:11)
#54     RenderStack._computeSize (package:flutter/src/rendering/stack.dart:647:43)
#55     RenderStack.performLayout (package:flutter/src/rendering/stack.dart:682:12)
#56     RenderObject.layout (package:flutter/src/rendering/object.dart:2907:7)
#57     MultiChildLayoutDelegate.layoutChild (package:flutter/src/rendering/custom_layout.dart:180:12)
#58     _ScaffoldLayout.performLayout (package:flutter/src/material/scaffold.dart:1113:7)
#59     MultiChildLayoutDelegate._callPerformLayout (package:flutter/src/rendering/custom_layout.dart:246:7)
#60     RenderCustomMultiChildLayoutBox.performLayout (package:flutter/src/rendering/custom_layout.dart:417:14)
#61     RenderObject.layout (package:flutter/src/rendering/object.dart:2907:7)
#62     RenderProxyBoxMixin.performLayout (package:flutter/src/rendering/proxy_box.dart:118:18)
#63     RenderObject.layout (package:flutter/src/rendering/object.dart:2907:7)
#64     RenderProxyBoxMixin.performLayout (package:flutter/src/rendering/proxy_box.dart:118:18)
#65     _RenderCustomClip.performLayout (package:flutter/src/rendering/proxy_box.dart:1549:11)
#66     RenderObject.layout (package:flutter/src/rendering/object.dart:2907:7)
#67     _RenderLayoutBuilder.performLayout (package:flutter/src/widgets/layout_builder.dart:449:14)
#68     RenderObject.layout (package:flutter/src/rendering/object.dart:2907:7)
#69     RenderProxyBoxMixin.performLayout (package:flutter/src/rendering/proxy_box.dart:118:18)
#70     RenderObject.layout (package:flutter/src/rendering/object.dart:2907:7)
#71     RenderProxyBoxMixin.performLayout (package:flutter/src/rendering/proxy_box.dart:118:18)
#72     RenderObject.layout (package:flutter/src/rendering/object.dart:2907:7)
#73     RenderProxyBoxMixin.performLayout (package:flutter/src/rendering/proxy_box.dart:118:18)
#74     RenderObject.layout (package:flutter/src/rendering/object.dart:2907:7)
#75     RenderProxyBoxMixin.performLayout (package:flutter/src/rendering/proxy_box.dart:118:18)
#76     RenderObject.layout (package:flutter/src/rendering/object.dart:2907:7)
#77     RenderProxyBoxMixin.performLayout (package:flutter/src/rendering/proxy_box.dart:118:18)
#78     RenderObject.layout (package:flutter/src/rendering/object.dart:2907:7)
#79     RenderProxyBoxMixin.performLayout (package:flutter/src/rendering/proxy_box.dart:118:18)
#80     RenderObject.layout (package:flutter/src/rendering/object.dart:2907:7)
#81     RenderProxyBoxMixin.performLayout (package:flutter/src/rendering/proxy_box.dart:118:18)
#82     RenderObject.layout (package:flutter/src/rendering/object.dart:2907:7)
#83     RenderProxyBoxMixin.performLayout (package:flutter/src/rendering/proxy_box.dart:118:18)
#84     RenderObject.layout (package:flutter/src/rendering/object.dart:2907:7)
#85     RenderProxyBoxMixin.performLayout (package:flutter/src/rendering/proxy_box.dart:118:18)
#86     RenderObject.layout (package:flutter/src/rendering/object.dart:2907:7)
#87     RenderProxyBoxMixin.performLayout (package:flutter/src/rendering/proxy_box.dart:118:18)
#88     RenderObject.layout (package:flutter/src/rendering/object.dart:2907:7)
#89     RenderProxyBoxMixin.performLayout (package:flutter/src/rendering/proxy_box.dart:118:18)
#90     RenderObject.layout (package:flutter/src/rendering/object.dart:2907:7)
#91     RenderProxyBoxMixin.performLayout (package:flutter/src/rendering/proxy_box.dart:118:18)
#92     RenderObject.layout (package:flutter/src/rendering/object.dart:2907:7)
#93     RenderProxyBoxMixin.performLayout (package:flutter/src/rendering/proxy_box.dart:118:18)
#94     RenderObject.layout (package:flutter/src/rendering/object.dart:2907:7)
#95     RenderProxyBoxMixin.performLayout (package:flutter/src/rendering/proxy_box.dart:118:18)
#96     RenderObject.layout (package:flutter/src/rendering/object.dart:2907:7)
#97     RenderProxyBoxMixin.performLayout (package:flutter/src/rendering/proxy_box.dart:118:18)
#98     RenderObject.layout (package:flutter/src/rendering/object.dart:2907:7)
#99     RenderProxyBoxMixin.performLayout (package:flutter/src/rendering/proxy_box.dart:118:18)
#100    RenderOffstage.performLayout (package:flutter/src/rendering/proxy_box.dart:3923:13)
#101    RenderObject.layout (package:flutter/src/rendering/object.dart:2907:7)
#102    RenderProxyBoxMixin.performLayout (package:flutter/src/rendering/proxy_box.dart:118:18)
#103    RenderObject.layout (package:flutter/src/rendering/object.dart:2907:7)
#104    _RenderTheaterMixin.layoutChild (package:flutter/src/widgets/overlay.dart:1124:13)
#105    _RenderTheater.performLayout (package:flutter/src/widgets/overlay.dart:1481:9)
#106    RenderObject.layout (package:flutter/src/rendering/object.dart:2907:7)
#107    RenderProxyBoxMixin.performLayout (package:flutter/src/rendering/proxy_box.dart:118:18)
#108    RenderObject.layout (package:flutter/src/rendering/object.dart:2907:7)
#109    RenderProxyBoxMixin.performLayout (package:flutter/src/rendering/proxy_box.dart:118:18)
#110    RenderObject.layout (package:flutter/src/rendering/object.dart:2907:7)
#111    RenderProxyBoxMixin.performLayout (package:flutter/src/rendering/proxy_box.dart:118:18)
#112    RenderObject.layout (package:flutter/src/rendering/object.dart:2907:7)
#113    RenderProxyBoxMixin.performLayout (package:flutter/src/rendering/proxy_box.dart:118:18)
#114    RenderCustomPaint.performLayout (package:flutter/src/rendering/custom_paint.dart:574:11)
#115    RenderObject.layout (package:flutter/src/rendering/object.dart:2907:7)
#116    RenderProxyBoxMixin.performLayout (package:flutter/src/rendering/proxy_box.dart:118:18)
#117    RenderObject.layout (package:flutter/src/rendering/object.dart:2907:7)
#118    RenderProxyBoxMixin.performLayout (package:flutter/src/rendering/proxy_box.dart:118:18)
#119    RenderObject.layout (package:flutter/src/rendering/object.dart:2907:7)
#120    RenderProxyBoxMixin.performLayout (package:flutter/src/rendering/proxy_box.dart:118:18)
#121    RenderObject.layout (package:flutter/src/rendering/object.dart:2907:7)
#122    RenderProxyBoxMixin.performLayout (package:flutter/src/rendering/proxy_box.dart:118:18)
#123    RenderObject.layout (package:flutter/src/rendering/object.dart:2907:7)
#124    RenderProxyBoxMixin.performLayout (package:flutter/src/rendering/proxy_box.dart:118:18)
#125    RenderObject.layout (package:flutter/src/rendering/object.dart:2907:7)
#126    RenderProxyBoxMixin.performLayout (package:flutter/src/rendering/proxy_box.dart:118:18)
#127    RenderObject.layout (package:flutter/src/rendering/object.dart:2907:7)
#128    RenderView.performLayout (package:flutter/src/rendering/view.dart:292:12)
#129    RenderObject._layoutWithoutResize (package:flutter/src/rendering/object.dart:2755:7)
#130    PipelineOwner.flushLayout (package:flutter/src/rendering/object.dart:1174:18)
#131    PipelineOwner.flushLayout (package:flutter/src/rendering/object.dart:1187:15)
#132    AutomatedTestWidgetsFlutterBinding.drawFrame (package:flutter_test/src/binding.dart:2433:27)
#133    RendererBinding._handlePersistentFrameCallback (package:flutter/src/rendering/binding.dart:509:5)
#134    SchedulerBinding._invokeFrameCallback (package:flutter/src/scheduler/binding.dart:1430:15)
#135    SchedulerBinding.handleDrawFrame (package:flutter/src/scheduler/binding.dart:1345:9)
#136    AutomatedTestWidgetsFlutterBinding.pump.<anonymous closure> (package:flutter_test/src/binding.dart:2260:9)
#139    TestAsyncUtils.guard (package:flutter_test/src/test_async_utils.dart:74:41)
#140    AutomatedTestWidgetsFlutterBinding.pump (package:flutter_test/src/binding.dart:2249:27)
#141    WidgetTester.pumpWidget.<anonymous closure> (package:flutter_test/src/widget_tester.dart:598:22)
#144    TestAsyncUtils.guard (package:flutter_test/src/test_async_utils.dart:74:41)
#145    WidgetTester.pumpWidget (package:flutter_test/src/widget_tester.dart:595:27)
#146    main.<anonymous closure> (file:///C:/Users/adrie/Documents/Coelo.worktrees/e2-r02-d04-acessos/apps/superadmin/test/features/safety/presentation/safety_pages_test.dart:452:22)
<asynchronous suspension>
#147    testWidgets.<anonymous closure>.<anonymous closure> (package:flutter_test/src/widget_tester.dart:192:15)
<asynchronous suspension>
#148    TestWidgetsFlutterBinding._runTestBody (package:flutter_test/src/binding.dart:1952:5)
<asynchronous suspension>
<asynchronous suspension>
(elided 7 frames from class _AssertionError, dart:async, and package:stack_trace)

The following RenderObject was being processed when the exception was fired: _RenderLayoutBuilder#6891d relayoutBoundary=up6 NEEDS-LAYOUT NEEDS-PAINT NEEDS-COMPOSITING-BITS-UPDATE:
  creator: LayoutBuilder ← Column ← RepaintBoundary ← IndexedSemantics ← _SelectionKeepAlive ←
    NotificationListener<KeepAliveNotification> ← KeepAlive ← AutomaticKeepAlive ← KeyedSubtree ←
    SliverList ← SliverPadding ← Viewport ← ⋯
  parentData: offset=Offset(0.0, 0.0); flex=null; fit=null (can use size)
  constraints: BoxConstraints(0.0<=w<=343.0, 0.0<=h<=Infinity)
  size: MISSING
This RenderObject had the following descendants (showing up to depth 5):
    child: RenderFlex#4499c relayoutBoundary=up7 NEEDS-PAINT NEEDS-COMPOSITING-BITS-UPDATE
      child 1: RenderIntrinsicHeight#93eae relayoutBoundary=up8 NEEDS-PAINT NEEDS-COMPOSITING-BITS-UPDATE
        child: RenderFlex#714e7 relayoutBoundary=up9 NEEDS-PAINT NEEDS-COMPOSITING-BITS-UPDATE
          child 1: RenderConstrainedBox#e7f30 NEEDS-PAINT NEEDS-COMPOSITING-BITS-UPDATE
            child: RenderSemanticsAnnotations#05615 NEEDS-PAINT NEEDS-COMPOSITING-BITS-UPDATE
      child 2: RenderConstrainedBox#1a8b0 relayoutBoundary=up8 NEEDS-PAINT
      child 3: RenderIntrinsicHeight#8803c relayoutBoundary=up8 NEEDS-PAINT NEEDS-COMPOSITING-BITS-UPDATE
        child: RenderFlex#a3632 NEEDS-LAYOUT NEEDS-PAINT NEEDS-COMPOSITING-BITS-UPDATE
          child 1: RenderConstrainedBox#b0419 NEEDS-LAYOUT NEEDS-PAINT NEEDS-COMPOSITING-BITS-UPDATE
            child: RenderMouseRegion#cc791 NEEDS-LAYOUT NEEDS-PAINT NEEDS-COMPOSITING-BITS-UPDATE
      child 4: RenderConstrainedBox#eda08 NEEDS-LAYOUT NEEDS-PAINT
      child 5: RenderIntrinsicHeight#ba78c NEEDS-LAYOUT NEEDS-PAINT NEEDS-COMPOSITING-BITS-UPDATE
        child: RenderFlex#a9217 NEEDS-LAYOUT NEEDS-PAINT NEEDS-COMPOSITING-BITS-UPDATE
          child 1: RenderConstrainedBox#99800 NEEDS-LAYOUT NEEDS-PAINT NEEDS-COMPOSITING-BITS-UPDATE
            child: RenderMouseRegion#71cb2 NEEDS-LAYOUT NEEDS-PAINT NEEDS-COMPOSITING-BITS-UPDATE
      child 6: RenderConstrainedBox#4ffd3 NEEDS-LAYOUT NEEDS-PAINT
      child 7: RenderIntrinsicHeight#78451 NEEDS-LAYOUT NEEDS-PAINT NEEDS-COMPOSITING-BITS-UPDATE
        child: RenderFlex#66e48 NEEDS-LAYOUT NEEDS-PAINT NEEDS-COMPOSITING-BITS-UPDATE
          child 1: RenderConstrainedBox#7686b NEEDS-LAYOUT NEEDS-PAINT NEEDS-COMPOSITING-BITS-UPDATE
            child: RenderMouseRegion#211e0 NEEDS-LAYOUT NEEDS-PAINT NEEDS-COMPOSITING-BITS-UPDATE
════════════════════════════════════════════════════════════════════════════════════════════════════
══╡ EXCEPTION CAUGHT BY RENDERING LIBRARY ╞═════════════════════════════════════════════════════════
The following assertion was thrown during performLayout():
RenderBox was not laid out: _RenderLayoutBuilder#6891d relayoutBoundary=up6 NEEDS-PAINT
NEEDS-COMPOSITING-BITS-UPDATE
'package:flutter/src/rendering/box.dart':
Failed assertion: line 2251 pos 12: 'hasSize'

Either the assertion indicates an error in the framework itself, or we should provide substantially
more information in this error message to help you determine and fix the underlying cause.
In either case, please report this assertion by filing a bug on GitHub:
  https://github.com/flutter/flutter/issues/new?template=02_bug.yml

The relevant error-causing widget was:
  Column
  Column:file:///C:/Users/adrie/Documents/Coelo.worktrees/e2-r02-d04-acessos/apps/superadmin/lib/features/safety/presentation/safety_pages.dart:271:12

When the exception was thrown, this was the stack:
#2      RenderBox.size (package:flutter/src/rendering/box.dart:2251:12)
#3      ChildLayoutHelper.layoutChild (package:flutter/src/rendering/layout_helper.dart:63:18)
#4      RenderFlex._computeSizes (package:flutter/src/rendering/flex.dart:1237:28)
#5      RenderFlex.performLayout (package:flutter/src/rendering/flex.dart:1329:32)
#6      RenderObject.layout (package:flutter/src/rendering/object.dart:2907:7)
#7      RenderProxyBoxMixin.performLayout (package:flutter/src/rendering/proxy_box.dart:118:18)
#8      RenderObject.layout (package:flutter/src/rendering/object.dart:2907:7)
#9      RenderProxyBoxMixin.performLayout (package:flutter/src/rendering/proxy_box.dart:118:18)
#10     RenderObject.layout (package:flutter/src/rendering/object.dart:2907:7)
#11     RenderSliverMultiBoxAdaptor.insertAndLayoutChild (package:flutter/src/rendering/sliver_multi_box_adaptor.dart:520:13)
#12     RenderSliverList.performLayout.advance (package:flutter/src/rendering/sliver_list.dart:238:19)
#13     RenderSliverList.performLayout (package:flutter/src/rendering/sliver_list.dart:278:12)
#14     RenderObject.layout (package:flutter/src/rendering/object.dart:2907:7)
#15     RenderSliverEdgeInsetsPadding.performLayout (package:flutter/src/rendering/sliver_padding.dart:133:12)
#16     RenderSliverPadding.performLayout (package:flutter/src/rendering/sliver_padding.dart:368:11)
#17     RenderObject.layout (package:flutter/src/rendering/object.dart:2907:7)
#18     RenderViewportBase.layoutChildSequence (package:flutter/src/rendering/viewport.dart:821:13)
#19     RenderViewport._attemptLayout (package:flutter/src/rendering/viewport.dart:1831:12)
#20     RenderViewport.performLayout (package:flutter/src/rendering/viewport.dart:1724:20)
#21     RenderObject.layout (package:flutter/src/rendering/object.dart:2907:7)
#22     RenderProxyBoxMixin.performLayout (package:flutter/src/rendering/proxy_box.dart:118:18)
#23     RenderObject.layout (package:flutter/src/rendering/object.dart:2907:7)
#24     RenderProxyBoxMixin.performLayout (package:flutter/src/rendering/proxy_box.dart:118:18)
#25     RenderObject.layout (package:flutter/src/rendering/object.dart:2907:7)
#26     RenderProxyBoxMixin.performLayout (package:flutter/src/rendering/proxy_box.dart:118:18)
#27     RenderObject.layout (package:flutter/src/rendering/object.dart:2907:7)
#28     RenderProxyBoxMixin.performLayout (package:flutter/src/rendering/proxy_box.dart:118:18)
#29     RenderObject.layout (package:flutter/src/rendering/object.dart:2907:7)
#30     RenderProxyBoxMixin.performLayout (package:flutter/src/rendering/proxy_box.dart:118:18)
#31     RenderObject.layout (package:flutter/src/rendering/object.dart:2907:7)
#32     RenderProxyBoxMixin.performLayout (package:flutter/src/rendering/proxy_box.dart:118:18)
#33     RenderObject.layout (package:flutter/src/rendering/object.dart:2907:7)
#34     RenderProxyBoxMixin.performLayout (package:flutter/src/rendering/proxy_box.dart:118:18)
#35     RenderObject.layout (package:flutter/src/rendering/object.dart:2907:7)
#36     RenderProxyBoxMixin.performLayout (package:flutter/src/rendering/proxy_box.dart:118:18)
#37     _RenderCustomClip.performLayout (package:flutter/src/rendering/proxy_box.dart:1549:11)
#38     RenderObject.layout (package:flutter/src/rendering/object.dart:2907:7)
#39     ChildLayoutHelper.layoutChild (package:flutter/src/rendering/layout_helper.dart:62:11)
#40     RenderStack._computeSize (package:flutter/src/rendering/stack.dart:647:43)
#41     RenderStack.performLayout (package:flutter/src/rendering/stack.dart:682:12)
#42     RenderObject.layout (package:flutter/src/rendering/object.dart:2907:7)
#43     RenderProxyBoxMixin.performLayout (package:flutter/src/rendering/proxy_box.dart:118:18)
#44     RenderObject.layout (package:flutter/src/rendering/object.dart:2907:7)
#45     _RenderLayoutBuilder.performLayout (package:flutter/src/widgets/layout_builder.dart:449:14)
#46     RenderObject.layout (package:flutter/src/rendering/object.dart:2907:7)
#47     ChildLayoutHelper.layoutChild (package:flutter/src/rendering/layout_helper.dart:62:11)
#48     RenderFlex._computeSizes (package:flutter/src/rendering/flex.dart:1275:26)
#49     RenderFlex.performLayout (package:flutter/src/rendering/flex.dart:1329:32)
#50     RenderObject.layout (package:flutter/src/rendering/object.dart:2907:7)
#51     ChildLayoutHelper.layoutChild (package:flutter/src/rendering/layout_helper.dart:62:11)
#52     RenderStack._computeSize (package:flutter/src/rendering/stack.dart:647:43)
#53     RenderStack.performLayout (package:flutter/src/rendering/stack.dart:682:12)
#54     RenderObject.layout (package:flutter/src/rendering/object.dart:2907:7)
#55     MultiChildLayoutDelegate.layoutChild (package:flutter/src/rendering/custom_layout.dart:180:12)
#56     _ScaffoldLayout.performLayout (package:flutter/src/material/scaffold.dart:1113:7)
#57     MultiChildLayoutDelegate._callPerformLayout (package:flutter/src/rendering/custom_layout.dart:246:7)
#58     RenderCustomMultiChildLayoutBox.performLayout (package:flutter/src/rendering/custom_layout.dart:417:14)
#59     RenderObject.layout (package:flutter/src/rendering/object.dart:2907:7)
#60     RenderProxyBoxMixin.performLayout (package:flutter/src/rendering/proxy_box.dart:118:18)
#61     RenderObject.layout (package:flutter/src/rendering/object.dart:2907:7)
#62     RenderProxyBoxMixin.performLayout (package:flutter/src/rendering/proxy_box.dart:118:18)
#63     _RenderCustomClip.performLayout (package:flutter/src/rendering/proxy_box.dart:1549:11)
#64     RenderObject.layout (package:flutter/src/rendering/object.dart:2907:7)
#65     _RenderLayoutBuilder.performLayout (package:flutter/src/widgets/layout_builder.dart:449:14)
#66     RenderObject.layout (package:flutter/src/rendering/object.dart:2907:7)
#67     RenderProxyBoxMixin.performLayout (package:flutter/src/rendering/proxy_box.dart:118:18)
#68     RenderObject.layout (package:flutter/src/rendering/object.dart:2907:7)
#69     RenderProxyBoxMixin.performLayout (package:flutter/src/rendering/proxy_box.dart:118:18)
#70     RenderObject.layout (package:flutter/src/rendering/object.dart:2907:7)
#71     RenderProxyBoxMixin.performLayout (package:flutter/src/rendering/proxy_box.dart:118:18)
#72     RenderObject.layout (package:flutter/src/rendering/object.dart:2907:7)
#73     RenderProxyBoxMixin.performLayout (package:flutter/src/rendering/proxy_box.dart:118:18)
#74     RenderObject.layout (package:flutter/src/rendering/object.dart:2907:7)
#75     RenderProxyBoxMixin.performLayout (package:flutter/src/rendering/proxy_box.dart:118:18)
#76     RenderObject.layout (package:flutter/src/rendering/object.dart:2907:7)
#77     RenderProxyBoxMixin.performLayout (package:flutter/src/rendering/proxy_box.dart:118:18)
#78     RenderObject.layout (package:flutter/src/rendering/object.dart:2907:7)
#79     RenderProxyBoxMixin.performLayout (package:flutter/src/rendering/proxy_box.dart:118:18)
#80     RenderObject.layout (package:flutter/src/rendering/object.dart:2907:7)
#81     RenderProxyBoxMixin.performLayout (package:flutter/src/rendering/proxy_box.dart:118:18)
#82     RenderObject.layout (package:flutter/src/rendering/object.dart:2907:7)
#83     RenderProxyBoxMixin.performLayout (package:flutter/src/rendering/proxy_box.dart:118:18)
#84     RenderObject.layout (package:flutter/src/rendering/object.dart:2907:7)
#85     RenderProxyBoxMixin.performLayout (package:flutter/src/rendering/proxy_box.dart:118:18)
#86     RenderObject.layout (package:flutter/src/rendering/object.dart:2907:7)
#87     RenderProxyBoxMixin.performLayout (package:flutter/src/rendering/proxy_box.dart:118:18)
#88     RenderObject.layout (package:flutter/src/rendering/object.dart:2907:7)
#89     RenderProxyBoxMixin.performLayout (package:flutter/src/rendering/proxy_box.dart:118:18)
#90     RenderObject.layout (package:flutter/src/rendering/object.dart:2907:7)
#91     RenderProxyBoxMixin.performLayout (package:flutter/src/rendering/proxy_box.dart:118:18)
#92     RenderObject.layout (package:flutter/src/rendering/object.dart:2907:7)
#93     RenderProxyBoxMixin.performLayout (package:flutter/src/rendering/proxy_box.dart:118:18)
#94     RenderObject.layout (package:flutter/src/rendering/object.dart:2907:7)
#95     RenderProxyBoxMixin.performLayout (package:flutter/src/rendering/proxy_box.dart:118:18)
#96     RenderObject.layout (package:flutter/src/rendering/object.dart:2907:7)
#97     RenderProxyBoxMixin.performLayout (package:flutter/src/rendering/proxy_box.dart:118:18)
#98     RenderOffstage.performLayout (package:flutter/src/rendering/proxy_box.dart:3923:13)
#99     RenderObject.layout (package:flutter/src/rendering/object.dart:2907:7)
#100    RenderProxyBoxMixin.performLayout (package:flutter/src/rendering/proxy_box.dart:118:18)
#101    RenderObject.layout (package:flutter/src/rendering/object.dart:2907:7)
#102    _RenderTheaterMixin.layoutChild (package:flutter/src/widgets/overlay.dart:1124:13)
#103    _RenderTheater.performLayout (package:flutter/src/widgets/overlay.dart:1481:9)
#104    RenderObject.layout (package:flutter/src/rendering/object.dart:2907:7)
#105    RenderProxyBoxMixin.performLayout (package:flutter/src/rendering/proxy_box.dart:118:18)
#106    RenderObject.layout (package:flutter/src/rendering/object.dart:2907:7)
#107    RenderProxyBoxMixin.performLayout (package:flutter/src/rendering/proxy_box.dart:118:18)
#108    RenderObject.layout (package:flutter/src/rendering/object.dart:2907:7)
#109    RenderProxyBoxMixin.performLayout (package:flutter/src/rendering/proxy_box.dart:118:18)
#110    RenderObject.layout (package:flutter/src/rendering/object.dart:2907:7)
#111    RenderProxyBoxMixin.performLayout (package:flutter/src/rendering/proxy_box.dart:118:18)
#112    RenderCustomPaint.performLayout (package:flutter/src/rendering/custom_paint.dart:574:11)
#113    RenderObject.layout (package:flutter/src/rendering/object.dart:2907:7)
#114    RenderProxyBoxMixin.performLayout (package:flutter/src/rendering/proxy_box.dart:118:18)
#115    RenderObject.layout (package:flutter/src/rendering/object.dart:2907:7)
#116    RenderProxyBoxMixin.performLayout (package:flutter/src/rendering/proxy_box.dart:118:18)
#117    RenderObject.layout (package:flutter/src/rendering/object.dart:2907:7)
#118    RenderProxyBoxMixin.performLayout (package:flutter/src/rendering/proxy_box.dart:118:18)
#119    RenderObject.layout (package:flutter/src/rendering/object.dart:2907:7)
#120    RenderProxyBoxMixin.performLayout (package:flutter/src/rendering/proxy_box.dart:118:18)
#121    RenderObject.layout (package:flutter/src/rendering/object.dart:2907:7)
#122    RenderProxyBoxMixin.performLayout (package:flutter/src/rendering/proxy_box.dart:118:18)
#123    RenderObject.layout (package:flutter/src/rendering/object.dart:2907:7)
#124    RenderProxyBoxMixin.performLayout (package:flutter/src/rendering/proxy_box.dart:118:18)
#125    RenderObject.layout (package:flutter/src/rendering/object.dart:2907:7)
#126    RenderView.performLayout (package:flutter/src/rendering/view.dart:292:12)
#127    RenderObject._layoutWithoutResize (package:flutter/src/rendering/object.dart:2755:7)
#128    PipelineOwner.flushLayout (package:flutter/src/rendering/object.dart:1174:18)
#129    PipelineOwner.flushLayout (package:flutter/src/rendering/object.dart:1187:15)
#130    AutomatedTestWidgetsFlutterBinding.drawFrame (package:flutter_test/src/binding.dart:2433:27)
#131    RendererBinding._handlePersistentFrameCallback (package:flutter/src/rendering/binding.dart:509:5)
#132    SchedulerBinding._invokeFrameCallback (package:flutter/src/scheduler/binding.dart:1430:15)
#133    SchedulerBinding.handleDrawFrame (package:flutter/src/scheduler/binding.dart:1345:9)
#134    AutomatedTestWidgetsFlutterBinding.pump.<anonymous closure> (package:flutter_test/src/binding.dart:2260:9)
#137    TestAsyncUtils.guard (package:flutter_test/src/test_async_utils.dart:74:41)
#138    AutomatedTestWidgetsFlutterBinding.pump (package:flutter_test/src/binding.dart:2249:27)
#139    WidgetTester.pumpWidget.<anonymous closure> (package:flutter_test/src/widget_tester.dart:598:22)
#142    TestAsyncUtils.guard (package:flutter_test/src/test_async_utils.dart:74:41)
#143    WidgetTester.pumpWidget (package:flutter_test/src/widget_tester.dart:595:27)
#144    main.<anonymous closure> (file:///C:/Users/adrie/Documents/Coelo.worktrees/e2-r02-d04-acessos/apps/superadmin/test/features/safety/presentation/safety_pages_test.dart:452:22)
<asynchronous suspension>
#145    testWidgets.<anonymous closure>.<anonymous closure> (package:flutter_test/src/widget_tester.dart:192:15)
<asynchronous suspension>
#146    TestWidgetsFlutterBinding._runTestBody (package:flutter_test/src/binding.dart:1952:5)
<asynchronous suspension>
<asynchronous suspension>
(elided 7 frames from class _AssertionError, dart:async, and package:stack_trace)

The following RenderObject was being processed when the exception was fired: RenderFlex#4c7fc relayoutBoundary=up5 NEEDS-LAYOUT NEEDS-PAINT NEEDS-COMPOSITING-BITS-UPDATE:
  creator: Column ← RepaintBoundary ← IndexedSemantics ← _SelectionKeepAlive ←
    NotificationListener<KeepAliveNotification> ← KeepAlive ← AutomaticKeepAlive ← KeyedSubtree ←
    SliverList ← SliverPadding ← Viewport ← IgnorePointer-[GlobalKey#1df5d] ← ⋯
  parentData: <none> (can use size)
  constraints: BoxConstraints(w=343.0, 0.0<=h<=Infinity)
  size: MISSING
  direction: vertical
  mainAxisAlignment: start
  mainAxisSize: max
  crossAxisAlignment: center
  verticalDirection: down
  spacing: 0.0
This RenderObject had the following descendants (showing up to depth 5):
    child 1: _RenderLayoutBuilder#6891d relayoutBoundary=up6 NEEDS-PAINT NEEDS-COMPOSITING-BITS-UPDATE
      child: RenderFlex#4499c relayoutBoundary=up7 NEEDS-PAINT NEEDS-COMPOSITING-BITS-UPDATE
        child 1: RenderIntrinsicHeight#93eae relayoutBoundary=up8 NEEDS-PAINT NEEDS-COMPOSITING-BITS-UPDATE
          child: RenderFlex#714e7 relayoutBoundary=up9 NEEDS-PAINT NEEDS-COMPOSITING-BITS-UPDATE
            child 1: RenderConstrainedBox#e7f30 NEEDS-PAINT NEEDS-COMPOSITING-BITS-UPDATE
        child 2: RenderConstrainedBox#1a8b0 relayoutBoundary=up8 NEEDS-PAINT
        child 3: RenderIntrinsicHeight#8803c relayoutBoundary=up8 NEEDS-PAINT NEEDS-COMPOSITING-BITS-UPDATE
          child: RenderFlex#a3632 NEEDS-LAYOUT NEEDS-PAINT NEEDS-COMPOSITING-BITS-UPDATE
            child 1: RenderConstrainedBox#b0419 NEEDS-LAYOUT NEEDS-PAINT NEEDS-COMPOSITING-BITS-UPDATE
        child 4: RenderConstrainedBox#eda08 NEEDS-LAYOUT NEEDS-PAINT
        child 5: RenderIntrinsicHeight#ba78c NEEDS-LAYOUT NEEDS-PAINT NEEDS-COMPOSITING-BITS-UPDATE
          child: RenderFlex#a9217 NEEDS-LAYOUT NEEDS-PAINT NEEDS-COMPOSITING-BITS-UPDATE
            child 1: RenderConstrainedBox#99800 NEEDS-LAYOUT NEEDS-PAINT NEEDS-COMPOSITING-BITS-UPDATE
        child 6: RenderConstrainedBox#4ffd3 NEEDS-LAYOUT NEEDS-PAINT
        child 7: RenderIntrinsicHeight#78451 NEEDS-LAYOUT NEEDS-PAINT NEEDS-COMPOSITING-BITS-UPDATE
          child: RenderFlex#66e48 NEEDS-LAYOUT NEEDS-PAINT NEEDS-COMPOSITING-BITS-UPDATE
            child 1: RenderConstrainedBox#7686b NEEDS-LAYOUT NEEDS-PAINT NEEDS-COMPOSITING-BITS-UPDATE
════════════════════════════════════════════════════════════════════════════════════════════════════
══╡ EXCEPTION CAUGHT BY RENDERING LIBRARY ╞═════════════════════════════════════════════════════════
The following assertion was thrown during performLayout():
RenderBox was not laid out: RenderFlex#4c7fc relayoutBoundary=up5 NEEDS-PAINT
NEEDS-COMPOSITING-BITS-UPDATE
'package:flutter/src/rendering/box.dart':
Failed assertion: line 2251 pos 12: 'hasSize'

Either the assertion indicates an error in the framework itself, or we should provide substantially
more information in this error message to help you determine and fix the underlying cause.
In either case, please report this assertion by filing a bug on GitHub:
  https://github.com/flutter/flutter/issues/new?template=02_bug.yml

The relevant error-causing widget was:
  ListView
  ListView:file:///C:/Users/adrie/Documents/Coelo.worktrees/e2-r02-d04-acessos/apps/superadmin/lib/features/safety/presentation/safety_pages.dart:132:17

When the exception was thrown, this was the stack:
#2      RenderBox.size (package:flutter/src/rendering/box.dart:2251:12)
#3      RenderProxyBoxMixin.performLayout (package:flutter/src/rendering/proxy_box.dart:118:62)
#4      RenderObject.layout (package:flutter/src/rendering/object.dart:2907:7)
#5      RenderProxyBoxMixin.performLayout (package:flutter/src/rendering/proxy_box.dart:118:18)
#6      RenderObject.layout (package:flutter/src/rendering/object.dart:2907:7)
#7      RenderSliverMultiBoxAdaptor.insertAndLayoutChild (package:flutter/src/rendering/sliver_multi_box_adaptor.dart:520:13)
#8      RenderSliverList.performLayout.advance (package:flutter/src/rendering/sliver_list.dart:238:19)
#9      RenderSliverList.performLayout (package:flutter/src/rendering/sliver_list.dart:278:12)
#10     RenderObject.layout (package:flutter/src/rendering/object.dart:2907:7)
#11     RenderSliverEdgeInsetsPadding.performLayout (package:flutter/src/rendering/sliver_padding.dart:133:12)
#12     RenderSliverPadding.performLayout (package:flutter/src/rendering/sliver_padding.dart:368:11)
#13     RenderObject.layout (package:flutter/src/rendering/object.dart:2907:7)
#14     RenderViewportBase.layoutChildSequence (package:flutter/src/rendering/viewport.dart:821:13)
#15     RenderViewport._attemptLayout (package:flutter/src/rendering/viewport.dart:1831:12)
#16     RenderViewport.performLayout (package:flutter/src/rendering/viewport.dart:1724:20)
#17     RenderObject.layout (package:flutter/src/rendering/object.dart:2907:7)
#18     RenderProxyBoxMixin.performLayout (package:flutter/src/rendering/proxy_box.dart:118:18)
#19     RenderObject.layout (package:flutter/src/rendering/object.dart:2907:7)
#20     RenderProxyBoxMixin.performLayout (package:flutter/src/rendering/proxy_box.dart:118:18)
#21     RenderObject.layout (package:flutter/src/rendering/object.dart:2907:7)
#22     RenderProxyBoxMixin.performLayout (package:flutter/src/rendering/proxy_box.dart:118:18)
#23     RenderObject.layout (package:flutter/src/rendering/object.dart:2907:7)
#24     RenderProxyBoxMixin.performLayout (package:flutter/src/rendering/proxy_box.dart:118:18)
#25     RenderObject.layout (package:flutter/src/rendering/object.dart:2907:7)
#26     RenderProxyBoxMixin.performLayout (package:flutter/src/rendering/proxy_box.dart:118:18)
#27     RenderObject.layout (package:flutter/src/rendering/object.dart:2907:7)
#28     RenderProxyBoxMixin.performLayout (package:flutter/src/rendering/proxy_box.dart:118:18)
#29     RenderObject.layout (package:flutter/src/rendering/object.dart:2907:7)
#30     RenderProxyBoxMixin.performLayout (package:flutter/src/rendering/proxy_box.dart:118:18)
#31     RenderObject.layout (package:flutter/src/rendering/object.dart:2907:7)
#32     RenderProxyBoxMixin.performLayout (package:flutter/src/rendering/proxy_box.dart:118:18)
#33     _RenderCustomClip.performLayout (package:flutter/src/rendering/proxy_box.dart:1549:11)
#34     RenderObject.layout (package:flutter/src/rendering/object.dart:2907:7)
#35     ChildLayoutHelper.layoutChild (package:flutter/src/rendering/layout_helper.dart:62:11)
#36     RenderStack._computeSize (package:flutter/src/rendering/stack.dart:647:43)
#37     RenderStack.performLayout (package:flutter/src/rendering/stack.dart:682:12)
#38     RenderObject.layout (package:flutter/src/rendering/object.dart:2907:7)
#39     RenderProxyBoxMixin.performLayout (package:flutter/src/rendering/proxy_box.dart:118:18)
#40     RenderObject.layout (package:flutter/src/rendering/object.dart:2907:7)
#41     _RenderLayoutBuilder.performLayout (package:flutter/src/widgets/layout_builder.dart:449:14)
#42     RenderObject.layout (package:flutter/src/rendering/object.dart:2907:7)
#43     ChildLayoutHelper.layoutChild (package:flutter/src/rendering/layout_helper.dart:62:11)
#44     RenderFlex._computeSizes (package:flutter/src/rendering/flex.dart:1275:26)
#45     RenderFlex.performLayout (package:flutter/src/rendering/flex.dart:1329:32)
#46     RenderObject.layout (package:flutter/src/rendering/object.dart:2907:7)
#47     ChildLayoutHelper.layoutChild (package:flutter/src/rendering/layout_helper.dart:62:11)
#48     RenderStack._computeSize (package:flutter/src/rendering/stack.dart:647:43)
#49     RenderStack.performLayout (package:flutter/src/rendering/stack.dart:682:12)
#50     RenderObject.layout (package:flutter/src/rendering/object.dart:2907:7)
#51     MultiChildLayoutDelegate.layoutChild (package:flutter/src/rendering/custom_layout.dart:180:12)
#52     _ScaffoldLayout.performLayout (package:flutter/src/material/scaffold.dart:1113:7)
#53     MultiChildLayoutDelegate._callPerformLayout (package:flutter/src/rendering/custom_layout.dart:246:7)
#54     RenderCustomMultiChildLayoutBox.performLayout (package:flutter/src/rendering/custom_layout.dart:417:14)
#55     RenderObject.layout (package:flutter/src/rendering/object.dart:2907:7)
#56     RenderProxyBoxMixin.performLayout (package:flutter/src/rendering/proxy_box.dart:118:18)
#57     RenderObject.layout (package:flutter/src/rendering/object.dart:2907:7)
#58     RenderProxyBoxMixin.performLayout (package:flutter/src/rendering/proxy_box.dart:118:18)
#59     _RenderCustomClip.performLayout (package:flutter/src/rendering/proxy_box.dart:1549:11)
#60     RenderObject.layout (package:flutter/src/rendering/object.dart:2907:7)
#61     _RenderLayoutBuilder.performLayout (package:flutter/src/widgets/layout_builder.dart:449:14)
#62     RenderObject.layout (package:flutter/src/rendering/object.dart:2907:7)
#63     RenderProxyBoxMixin.performLayout (package:flutter/src/rendering/proxy_box.dart:118:18)
#64     RenderObject.layout (package:flutter/src/rendering/object.dart:2907:7)
#65     RenderProxyBoxMixin.performLayout (package:flutter/src/rendering/proxy_box.dart:118:18)
#66     RenderObject.layout (package:flutter/src/rendering/object.dart:2907:7)
#67     RenderProxyBoxMixin.performLayout (package:flutter/src/rendering/proxy_box.dart:118:18)
#68     RenderObject.layout (package:flutter/src/rendering/object.dart:2907:7)
#69     RenderProxyBoxMixin.performLayout (package:flutter/src/rendering/proxy_box.dart:118:18)
#70     RenderObject.layout (package:flutter/src/rendering/object.dart:2907:7)
#71     RenderProxyBoxMixin.performLayout (package:flutter/src/rendering/proxy_box.dart:118:18)
#72     RenderObject.layout (package:flutter/src/rendering/object.dart:2907:7)
#73     RenderProxyBoxMixin.performLayout (package:flutter/src/rendering/proxy_box.dart:118:18)
#74     RenderObject.layout (package:flutter/src/rendering/object.dart:2907:7)
#75     RenderProxyBoxMixin.performLayout (package:flutter/src/rendering/proxy_box.dart:118:18)
#76     RenderObject.layout (package:flutter/src/rendering/object.dart:2907:7)
#77     RenderProxyBoxMixin.performLayout (package:flutter/src/rendering/proxy_box.dart:118:18)
#78     RenderObject.layout (package:flutter/src/rendering/object.dart:2907:7)
#79     RenderProxyBoxMixin.performLayout (package:flutter/src/rendering/proxy_box.dart:118:18)
#80     RenderObject.layout (package:flutter/src/rendering/object.dart:2907:7)
#81     RenderProxyBoxMixin.performLayout (package:flutter/src/rendering/proxy_box.dart:118:18)
#82     RenderObject.layout (package:flutter/src/rendering/object.dart:2907:7)
#83     RenderProxyBoxMixin.performLayout (package:flutter/src/rendering/proxy_box.dart:118:18)
#84     RenderObject.layout (package:flutter/src/rendering/object.dart:2907:7)
#85     RenderProxyBoxMixin.performLayout (package:flutter/src/rendering/proxy_box.dart:118:18)
#86     RenderObject.layout (package:flutter/src/rendering/object.dart:2907:7)
#87     RenderProxyBoxMixin.performLayout (package:flutter/src/rendering/proxy_box.dart:118:18)
#88     RenderObject.layout (package:flutter/src/rendering/object.dart:2907:7)
#89     RenderProxyBoxMixin.performLayout (package:flutter/src/rendering/proxy_box.dart:118:18)
#90     RenderObject.layout (package:flutter/src/rendering/object.dart:2907:7)
#91     RenderProxyBoxMixin.performLayout (package:flutter/src/rendering/proxy_box.dart:118:18)
#92     RenderObject.layout (package:flutter/src/rendering/object.dart:2907:7)
#93     RenderProxyBoxMixin.performLayout (package:flutter/src/rendering/proxy_box.dart:118:18)
#94     RenderOffstage.performLayout (package:flutter/src/rendering/proxy_box.dart:3923:13)
#95     RenderObject.layout (package:flutter/src/rendering/object.dart:2907:7)
#96     RenderProxyBoxMixin.performLayout (package:flutter/src/rendering/proxy_box.dart:118:18)
#97     RenderObject.layout (package:flutter/src/rendering/object.dart:2907:7)
#98     _RenderTheaterMixin.layoutChild (package:flutter/src/widgets/overlay.dart:1124:13)
#99     _RenderTheater.performLayout (package:flutter/src/widgets/overlay.dart:1481:9)
#100    RenderObject.layout (package:flutter/src/rendering/object.dart:2907:7)
#101    RenderProxyBoxMixin.performLayout (package:flutter/src/rendering/proxy_box.dart:118:18)
#102    RenderObject.layout (package:flutter/src/rendering/object.dart:2907:7)
#103    RenderProxyBoxMixin.performLayout (package:flutter/src/rendering/proxy_box.dart:118:18)
#104    RenderObject.layout (package:flutter/src/rendering/object.dart:2907:7)
#105    RenderProxyBoxMixin.performLayout (package:flutter/src/rendering/proxy_box.dart:118:18)
#106    RenderObject.layout (package:flutter/src/rendering/object.dart:2907:7)
#107    RenderProxyBoxMixin.performLayout (package:flutter/src/rendering/proxy_box.dart:118:18)
#108    RenderCustomPaint.performLayout (package:flutter/src/rendering/custom_paint.dart:574:11)
#109    RenderObject.layout (package:flutter/src/rendering/object.dart:2907:7)
#110    RenderProxyBoxMixin.performLayout (package:flutter/src/rendering/proxy_box.dart:118:18)
#111    RenderObject.layout (package:flutter/src/rendering/object.dart:2907:7)
#112    RenderProxyBoxMixin.performLayout (package:flutter/src/rendering/proxy_box.dart:118:18)
#113    RenderObject.layout (package:flutter/src/rendering/object.dart:2907:7)
#114    RenderProxyBoxMixin.performLayout (package:flutter/src/rendering/proxy_box.dart:118:18)
#115    RenderObject.layout (package:flutter/src/rendering/object.dart:2907:7)
#116    RenderProxyBoxMixin.performLayout (package:flutter/src/rendering/proxy_box.dart:118:18)
#117    RenderObject.layout (package:flutter/src/rendering/object.dart:2907:7)
#118    RenderProxyBoxMixin.performLayout (package:flutter/src/rendering/proxy_box.dart:118:18)
#119    RenderObject.layout (package:flutter/src/rendering/object.dart:2907:7)
#120    RenderProxyBoxMixin.performLayout (package:flutter/src/rendering/proxy_box.dart:118:18)
#121    RenderObject.layout (package:flutter/src/rendering/object.dart:2907:7)
#122    RenderView.performLayout (package:flutter/src/rendering/view.dart:292:12)
#123    RenderObject._layoutWithoutResize (package:flutter/src/rendering/object.dart:2755:7)
#124    PipelineOwner.flushLayout (package:flutter/src/rendering/object.dart:1174:18)
#125    PipelineOwner.flushLayout (package:flutter/src/rendering/object.dart:1187:15)
#126    AutomatedTestWidgetsFlutterBinding.drawFrame (package:flutter_test/src/binding.dart:2433:27)
#127    RendererBinding._handlePersistentFrameCallback (package:flutter/src/rendering/binding.dart:509:5)
#128    SchedulerBinding._invokeFrameCallback (package:flutter/src/scheduler/binding.dart:1430:15)
#129    SchedulerBinding.handleDrawFrame (package:flutter/src/scheduler/binding.dart:1345:9)
#130    AutomatedTestWidgetsFlutterBinding.pump.<anonymous closure> (package:flutter_test/src/binding.dart:2260:9)
#133    TestAsyncUtils.guard (package:flutter_test/src/test_async_utils.dart:74:41)
#134    AutomatedTestWidgetsFlutterBinding.pump (package:flutter_test/src/binding.dart:2249:27)
#135    WidgetTester.pumpWidget.<anonymous closure> (package:flutter_test/src/widget_tester.dart:598:22)
#138    TestAsyncUtils.guard (package:flutter_test/src/test_async_utils.dart:74:41)
#139    WidgetTester.pumpWidget (package:flutter_test/src/widget_tester.dart:595:27)
#140    main.<anonymous closure> (file:///C:/Users/adrie/Documents/Coelo.worktrees/e2-r02-d04-acessos/apps/superadmin/test/features/safety/presentation/safety_pages_test.dart:452:22)
<asynchronous suspension>
#141    testWidgets.<anonymous closure>.<anonymous closure> (package:flutter_test/src/widget_tester.dart:192:15)
<asynchronous suspension>
#142    TestWidgetsFlutterBinding._runTestBody (package:flutter_test/src/binding.dart:1952:5)
<asynchronous suspension>
<asynchronous suspension>
(elided 7 frames from class _AssertionError, dart:async, and package:stack_trace)

The following RenderObject was being processed when the exception was fired: RenderRepaintBoundary#646b2 relayoutBoundary=up4 NEEDS-LAYOUT NEEDS-PAINT NEEDS-COMPOSITING-BITS-UPDATE:
  needs compositing
  creator: RepaintBoundary ← IndexedSemantics ← _SelectionKeepAlive ←
    NotificationListener<KeepAliveNotification> ← KeepAlive ← AutomaticKeepAlive ← KeyedSubtree ←
    SliverList ← SliverPadding ← Viewport ← IgnorePointer-[GlobalKey#1df5d] ← Semantics ← ⋯
  parentData: <none> (can use size)
  constraints: BoxConstraints(w=343.0, 0.0<=h<=Infinity)
  size: MISSING
  usefulness ratio: no metrics collected yet (never painted)
This RenderObject had the following descendants (showing up to depth 5):
    child: RenderFlex#4c7fc relayoutBoundary=up5 NEEDS-PAINT NEEDS-COMPOSITING-BITS-UPDATE
      child 1: _RenderLayoutBuilder#6891d relayoutBoundary=up6 NEEDS-PAINT NEEDS-COMPOSITING-BITS-UPDATE
        child: RenderFlex#4499c relayoutBoundary=up7 NEEDS-PAINT NEEDS-COMPOSITING-BITS-UPDATE
          child 1: RenderIntrinsicHeight#93eae relayoutBoundary=up8 NEEDS-PAINT NEEDS-COMPOSITING-BITS-UPDATE
            child: RenderFlex#714e7 relayoutBoundary=up9 NEEDS-PAINT NEEDS-COMPOSITING-BITS-UPDATE
          child 2: RenderConstrainedBox#1a8b0 relayoutBoundary=up8 NEEDS-PAINT
          child 3: RenderIntrinsicHeight#8803c relayoutBoundary=up8 NEEDS-PAINT NEEDS-COMPOSITING-BITS-UPDATE
            child: RenderFlex#a3632 NEEDS-LAYOUT NEEDS-PAINT NEEDS-COMPOSITING-BITS-UPDATE
          child 4: RenderConstrainedBox#eda08 NEEDS-LAYOUT NEEDS-PAINT
          child 5: RenderIntrinsicHeight#ba78c NEEDS-LAYOUT NEEDS-PAINT NEEDS-COMPOSITING-BITS-UPDATE
            child: RenderFlex#a9217 NEEDS-LAYOUT NEEDS-PAINT NEEDS-COMPOSITING-BITS-UPDATE
          child 6: RenderConstrainedBox#4ffd3 NEEDS-LAYOUT NEEDS-PAINT
          child 7: RenderIntrinsicHeight#78451 NEEDS-LAYOUT NEEDS-PAINT NEEDS-COMPOSITING-BITS-UPDATE
            child: RenderFlex#66e48 NEEDS-LAYOUT NEEDS-PAINT NEEDS-COMPOSITING-BITS-UPDATE
════════════════════════════════════════════════════════════════════════════════════════════════════
══╡ EXCEPTION CAUGHT BY RENDERING LIBRARY ╞═════════════════════════════════════════════════════════
The following assertion was thrown during performLayout():
RenderBox was not laid out: RenderRepaintBoundary#646b2 relayoutBoundary=up4 NEEDS-PAINT
NEEDS-COMPOSITING-BITS-UPDATE
'package:flutter/src/rendering/box.dart':
Failed assertion: line 2251 pos 12: 'hasSize'

Either the assertion indicates an error in the framework itself, or we should provide substantially
more information in this error message to help you determine and fix the underlying cause.
In either case, please report this assertion by filing a bug on GitHub:
  https://github.com/flutter/flutter/issues/new?template=02_bug.yml

The relevant error-causing widget was:
  ListView
  ListView:file:///C:/Users/adrie/Documents/Coelo.worktrees/e2-r02-d04-acessos/apps/superadmin/lib/features/safety/presentation/safety_pages.dart:132:17

When the exception was thrown, this was the stack:
#2      RenderBox.size (package:flutter/src/rendering/box.dart:2251:12)
#3      RenderProxyBoxMixin.performLayout (package:flutter/src/rendering/proxy_box.dart:118:62)
#4      RenderObject.layout (package:flutter/src/rendering/object.dart:2907:7)
#5      RenderSliverMultiBoxAdaptor.insertAndLayoutChild (package:flutter/src/rendering/sliver_multi_box_adaptor.dart:520:13)
#6      RenderSliverList.performLayout.advance (package:flutter/src/rendering/sliver_list.dart:238:19)
#7      RenderSliverList.performLayout (package:flutter/src/rendering/sliver_list.dart:278:12)
#8      RenderObject.layout (package:flutter/src/rendering/object.dart:2907:7)
#9      RenderSliverEdgeInsetsPadding.performLayout (package:flutter/src/rendering/sliver_padding.dart:133:12)
#10     RenderSliverPadding.performLayout (package:flutter/src/rendering/sliver_padding.dart:368:11)
#11     RenderObject.layout (package:flutter/src/rendering/object.dart:2907:7)
#12     RenderViewportBase.layoutChildSequence (package:flutter/src/rendering/viewport.dart:821:13)
#13     RenderViewport._attemptLayout (package:flutter/src/rendering/viewport.dart:1831:12)
#14     RenderViewport.performLayout (package:flutter/src/rendering/viewport.dart:1724:20)
#15     RenderObject.layout (package:flutter/src/rendering/object.dart:2907:7)
#16     RenderProxyBoxMixin.performLayout (package:flutter/src/rendering/proxy_box.dart:118:18)
#17     RenderObject.layout (package:flutter/src/rendering/object.dart:2907:7)
#18     RenderProxyBoxMixin.performLayout (package:flutter/src/rendering/proxy_box.dart:118:18)
#19     RenderObject.layout (package:flutter/src/rendering/object.dart:2907:7)
#20     RenderProxyBoxMixin.performLayout (package:flutter/src/rendering/proxy_box.dart:118:18)
#21     RenderObject.layout (package:flutter/src/rendering/object.dart:2907:7)
#22     RenderProxyBoxMixin.performLayout (package:flutter/src/rendering/proxy_box.dart:118:18)
#23     RenderObject.layout (package:flutter/src/rendering/object.dart:2907:7)
#24     RenderProxyBoxMixin.performLayout (package:flutter/src/rendering/proxy_box.dart:118:18)
#25     RenderObject.layout (package:flutter/src/rendering/object.dart:2907:7)
#26     RenderProxyBoxMixin.performLayout (package:flutter/src/rendering/proxy_box.dart:118:18)
#27     RenderObject.layout (package:flutter/src/rendering/object.dart:2907:7)
#28     RenderProxyBoxMixin.performLayout (package:flutter/src/rendering/proxy_box.dart:118:18)
#29     RenderObject.layout (package:flutter/src/rendering/object.dart:2907:7)
#30     RenderProxyBoxMixin.performLayout (package:flutter/src/rendering/proxy_box.dart:118:18)
#31     _RenderCustomClip.performLayout (package:flutter/src/rendering/proxy_box.dart:1549:11)
#32     RenderObject.layout (package:flutter/src/rendering/object.dart:2907:7)
#33     ChildLayoutHelper.layoutChild (package:flutter/src/rendering/layout_helper.dart:62:11)
#34     RenderStack._computeSize (package:flutter/src/rendering/stack.dart:647:43)
#35     RenderStack.performLayout (package:flutter/src/rendering/stack.dart:682:12)
#36     RenderObject.layout (package:flutter/src/rendering/object.dart:2907:7)
#37     RenderProxyBoxMixin.performLayout (package:flutter/src/rendering/proxy_box.dart:118:18)
#38     RenderObject.layout (package:flutter/src/rendering/object.dart:2907:7)
#39     _RenderLayoutBuilder.performLayout (package:flutter/src/widgets/layout_builder.dart:449:14)
#40     RenderObject.layout (package:flutter/src/rendering/object.dart:2907:7)
#41     ChildLayoutHelper.layoutChild (package:flutter/src/rendering/layout_helper.dart:62:11)
#42     RenderFlex._computeSizes (package:flutter/src/rendering/flex.dart:1275:26)
#43     RenderFlex.performLayout (package:flutter/src/rendering/flex.dart:1329:32)
#44     RenderObject.layout (package:flutter/src/rendering/object.dart:2907:7)
#45     ChildLayoutHelper.layoutChild (package:flutter/src/rendering/layout_helper.dart:62:11)
#46     RenderStack._computeSize (package:flutter/src/rendering/stack.dart:647:43)
#47     RenderStack.performLayout (package:flutter/src/rendering/stack.dart:682:12)
#48     RenderObject.layout (package:flutter/src/rendering/object.dart:2907:7)
#49     MultiChildLayoutDelegate.layoutChild (package:flutter/src/rendering/custom_layout.dart:180:12)
#50     _ScaffoldLayout.performLayout (package:flutter/src/material/scaffold.dart:1113:7)
#51     MultiChildLayoutDelegate._callPerformLayout (package:flutter/src/rendering/custom_layout.dart:246:7)
#52     RenderCustomMultiChildLayoutBox.performLayout (package:flutter/src/rendering/custom_layout.dart:417:14)
#53     RenderObject.layout (package:flutter/src/rendering/object.dart:2907:7)
#54     RenderProxyBoxMixin.performLayout (package:flutter/src/rendering/proxy_box.dart:118:18)
#55     RenderObject.layout (package:flutter/src/rendering/object.dart:2907:7)
#56     RenderProxyBoxMixin.performLayout (package:flutter/src/rendering/proxy_box.dart:118:18)
#57     _RenderCustomClip.performLayout (package:flutter/src/rendering/proxy_box.dart:1549:11)
#58     RenderObject.layout (package:flutter/src/rendering/object.dart:2907:7)
#59     _RenderLayoutBuilder.performLayout (package:flutter/src/widgets/layout_builder.dart:449:14)
#60     RenderObject.layout (package:flutter/src/rendering/object.dart:2907:7)
#61     RenderProxyBoxMixin.performLayout (package:flutter/src/rendering/proxy_box.dart:118:18)
#62     RenderObject.layout (package:flutter/src/rendering/object.dart:2907:7)
#63     RenderProxyBoxMixin.performLayout (package:flutter/src/rendering/proxy_box.dart:118:18)
#64     RenderObject.layout (package:flutter/src/rendering/object.dart:2907:7)
#65     RenderProxyBoxMixin.performLayout (package:flutter/src/rendering/proxy_box.dart:118:18)
#66     RenderObject.layout (package:flutter/src/rendering/object.dart:2907:7)
#67     RenderProxyBoxMixin.performLayout (package:flutter/src/rendering/proxy_box.dart:118:18)
#68     RenderObject.layout (package:flutter/src/rendering/object.dart:2907:7)
#69     RenderProxyBoxMixin.performLayout (package:flutter/src/rendering/proxy_box.dart:118:18)
#70     RenderObject.layout (package:flutter/src/rendering/object.dart:2907:7)
#71     RenderProxyBoxMixin.performLayout (package:flutter/src/rendering/proxy_box.dart:118:18)
#72     RenderObject.layout (package:flutter/src/rendering/object.dart:2907:7)
#73     RenderProxyBoxMixin.performLayout (package:flutter/src/rendering/proxy_box.dart:118:18)
#74     RenderObject.layout (package:flutter/src/rendering/object.dart:2907:7)
#75     RenderProxyBoxMixin.performLayout (package:flutter/src/rendering/proxy_box.dart:118:18)
#76     RenderObject.layout (package:flutter/src/rendering/object.dart:2907:7)
#77     RenderProxyBoxMixin.performLayout (package:flutter/src/rendering/proxy_box.dart:118:18)
#78     RenderObject.layout (package:flutter/src/rendering/object.dart:2907:7)
#79     RenderProxyBoxMixin.performLayout (package:flutter/src/rendering/proxy_box.dart:118:18)
#80     RenderObject.layout (package:flutter/src/rendering/object.dart:2907:7)
#81     RenderProxyBoxMixin.performLayout (package:flutter/src/rendering/proxy_box.dart:118:18)
#82     RenderObject.layout (package:flutter/src/rendering/object.dart:2907:7)
#83     RenderProxyBoxMixin.performLayout (package:flutter/src/rendering/proxy_box.dart:118:18)
#84     RenderObject.layout (package:flutter/src/rendering/object.dart:2907:7)
#85     RenderProxyBoxMixin.performLayout (package:flutter/src/rendering/proxy_box.dart:118:18)
#86     RenderObject.layout (package:flutter/src/rendering/object.dart:2907:7)
#87     RenderProxyBoxMixin.performLayout (package:flutter/src/rendering/proxy_box.dart:118:18)
#88     RenderObject.layout (package:flutter/src/rendering/object.dart:2907:7)
#89     RenderProxyBoxMixin.performLayout (package:flutter/src/rendering/proxy_box.dart:118:18)
#90     RenderObject.layout (package:flutter/src/rendering/object.dart:2907:7)
#91     RenderProxyBoxMixin.performLayout (package:flutter/src/rendering/proxy_box.dart:118:18)
#92     RenderOffstage.performLayout (package:flutter/src/rendering/proxy_box.dart:3923:13)
#93     RenderObject.layout (package:flutter/src/rendering/object.dart:2907:7)
#94     RenderProxyBoxMixin.performLayout (package:flutter/src/rendering/proxy_box.dart:118:18)
#95     RenderObject.layout (package:flutter/src/rendering/object.dart:2907:7)
#96     _RenderTheaterMixin.layoutChild (package:flutter/src/widgets/overlay.dart:1124:13)
#97     _RenderTheater.performLayout (package:flutter/src/widgets/overlay.dart:1481:9)
#98     RenderObject.layout (package:flutter/src/rendering/object.dart:2907:7)
#99     RenderProxyBoxMixin.performLayout (package:flutter/src/rendering/proxy_box.dart:118:18)
#100    RenderObject.layout (package:flutter/src/rendering/object.dart:2907:7)
#101    RenderProxyBoxMixin.performLayout (package:flutter/src/rendering/proxy_box.dart:118:18)
#102    RenderObject.layout (package:flutter/src/rendering/object.dart:2907:7)
#103    RenderProxyBoxMixin.performLayout (package:flutter/src/rendering/proxy_box.dart:118:18)
#104    RenderObject.layout (package:flutter/src/rendering/object.dart:2907:7)
#105    RenderProxyBoxMixin.performLayout (package:flutter/src/rendering/proxy_box.dart:118:18)
#106    RenderCustomPaint.performLayout (package:flutter/src/rendering/custom_paint.dart:574:11)
#107    RenderObject.layout (package:flutter/src/rendering/object.dart:2907:7)
#108    RenderProxyBoxMixin.performLayout (package:flutter/src/rendering/proxy_box.dart:118:18)
#109    RenderObject.layout (package:flutter/src/rendering/object.dart:2907:7)
#110    RenderProxyBoxMixin.performLayout (package:flutter/src/rendering/proxy_box.dart:118:18)
#111    RenderObject.layout (package:flutter/src/rendering/object.dart:2907:7)
#112    RenderProxyBoxMixin.performLayout (package:flutter/src/rendering/proxy_box.dart:118:18)
#113    RenderObject.layout (package:flutter/src/rendering/object.dart:2907:7)
#114    RenderProxyBoxMixin.performLayout (package:flutter/src/rendering/proxy_box.dart:118:18)
#115    RenderObject.layout (package:flutter/src/rendering/object.dart:2907:7)
#116    RenderProxyBoxMixin.performLayout (package:flutter/src/rendering/proxy_box.dart:118:18)
#117    RenderObject.layout (package:flutter/src/rendering/object.dart:2907:7)
#118    RenderProxyBoxMixin.performLayout (package:flutter/src/rendering/proxy_box.dart:118:18)
#119    RenderObject.layout (package:flutter/src/rendering/object.dart:2907:7)
#120    RenderView.performLayout (package:flutter/src/rendering/view.dart:292:12)
#121    RenderObject._layoutWithoutResize (package:flutter/src/rendering/object.dart:2755:7)
#122    PipelineOwner.flushLayout (package:flutter/src/rendering/object.dart:1174:18)
#123    PipelineOwner.flushLayout (package:flutter/src/rendering/object.dart:1187:15)
#124    AutomatedTestWidgetsFlutterBinding.drawFrame (package:flutter_test/src/binding.dart:2433:27)
#125    RendererBinding._handlePersistentFrameCallback (package:flutter/src/rendering/binding.dart:509:5)
#126    SchedulerBinding._invokeFrameCallback (package:flutter/src/scheduler/binding.dart:1430:15)
#127    SchedulerBinding.handleDrawFrame (package:flutter/src/scheduler/binding.dart:1345:9)
#128    AutomatedTestWidgetsFlutterBinding.pump.<anonymous closure> (package:flutter_test/src/binding.dart:2260:9)
#131    TestAsyncUtils.guard (package:flutter_test/src/test_async_utils.dart:74:41)
#132    AutomatedTestWidgetsFlutterBinding.pump (package:flutter_test/src/binding.dart:2249:27)
#133    WidgetTester.pumpWidget.<anonymous closure> (package:flutter_test/src/widget_tester.dart:598:22)
#136    TestAsyncUtils.guard (package:flutter_test/src/test_async_utils.dart:74:41)
#137    WidgetTester.pumpWidget (package:flutter_test/src/widget_tester.dart:595:27)
#138    main.<anonymous closure> (file:///C:/Users/adrie/Documents/Coelo.worktrees/e2-r02-d04-acessos/apps/superadmin/test/features/safety/presentation/safety_pages_test.dart:452:22)
<asynchronous suspension>
#139    testWidgets.<anonymous closure>.<anonymous closure> (package:flutter_test/src/widget_tester.dart:192:15)
<asynchronous suspension>
#140    TestWidgetsFlutterBinding._runTestBody (package:flutter_test/src/binding.dart:1952:5)
<asynchronous suspension>
<asynchronous suspension>
(elided 7 frames from class _AssertionError, dart:async, and package:stack_trace)

The following RenderObject was being processed when the exception was fired: RenderIndexedSemantics#270ce relayoutBoundary=up3 NEEDS-LAYOUT NEEDS-PAINT NEEDS-COMPOSITING-BITS-UPDATE:
  creator: IndexedSemantics ← _SelectionKeepAlive ← NotificationListener<KeepAliveNotification> ←
    KeepAlive ← AutomaticKeepAlive ← KeyedSubtree ← SliverList ← SliverPadding ← Viewport ←
    IgnorePointer-[GlobalKey#1df5d] ← Semantics ← Listener ← ⋯
  parentData: index=4; layoutOffset=None (can use size)
  constraints: BoxConstraints(w=343.0, 0.0<=h<=Infinity)
  size: MISSING
  index: 4
This RenderObject had the following descendants (showing up to depth 5):
    child: RenderRepaintBoundary#646b2 relayoutBoundary=up4 NEEDS-PAINT NEEDS-COMPOSITING-BITS-UPDATE
      child: RenderFlex#4c7fc relayoutBoundary=up5 NEEDS-PAINT NEEDS-COMPOSITING-BITS-UPDATE
        child 1: _RenderLayoutBuilder#6891d relayoutBoundary=up6 NEEDS-PAINT NEEDS-COMPOSITING-BITS-UPDATE
          child: RenderFlex#4499c relayoutBoundary=up7 NEEDS-PAINT NEEDS-COMPOSITING-BITS-UPDATE
            child 1: RenderIntrinsicHeight#93eae relayoutBoundary=up8 NEEDS-PAINT NEEDS-COMPOSITING-BITS-UPDATE
            child 2: RenderConstrainedBox#1a8b0 relayoutBoundary=up8 NEEDS-PAINT
            child 3: RenderIntrinsicHeight#8803c relayoutBoundary=up8 NEEDS-PAINT NEEDS-COMPOSITING-BITS-UPDATE
            child 4: RenderConstrainedBox#eda08 NEEDS-LAYOUT NEEDS-PAINT
            child 5: RenderIntrinsicHeight#ba78c NEEDS-LAYOUT NEEDS-PAINT NEEDS-COMPOSITING-BITS-UPDATE
            child 6: RenderConstrainedBox#4ffd3 NEEDS-LAYOUT NEEDS-PAINT
            child 7: RenderIntrinsicHeight#78451 NEEDS-LAYOUT NEEDS-PAINT NEEDS-COMPOSITING-BITS-UPDATE
════════════════════════════════════════════════════════════════════════════════════════════════════
══╡ EXCEPTION CAUGHT BY RENDERING LIBRARY ╞═════════════════════════════════════════════════════════
The following assertion was thrown during performLayout():
'package:flutter/src/rendering/sliver_multi_box_adaptor.dart': Failed assertion: line 629 pos 12:
'child.hasSize': is not true.

Either the assertion indicates an error in the framework itself, or we should provide substantially
more information in this error message to help you determine and fix the underlying cause.
In either case, please report this assertion by filing a bug on GitHub:
  https://github.com/flutter/flutter/issues/new?template=02_bug.yml

The relevant error-causing widget was:
  ListView
  ListView:file:///C:/Users/adrie/Documents/Coelo.worktrees/e2-r02-d04-acessos/apps/superadmin/lib/features/safety/presentation/safety_pages.dart:132:17

When the exception was thrown, this was the stack:
#2      RenderSliverMultiBoxAdaptor.paintExtentOf (package:flutter/src/rendering/sliver_multi_box_adaptor.dart:629:12)
#3      RenderSliverList.performLayout.advance (package:flutter/src/rendering/sliver_list.dart:257:54)
#4      RenderSliverList.performLayout (package:flutter/src/rendering/sliver_list.dart:278:12)
#5      RenderObject.layout (package:flutter/src/rendering/object.dart:2907:7)
#6      RenderSliverEdgeInsetsPadding.performLayout (package:flutter/src/rendering/sliver_padding.dart:133:12)
#7      RenderSliverPadding.performLayout (package:flutter/src/rendering/sliver_padding.dart:368:11)
#8      RenderObject.layout (package:flutter/src/rendering/object.dart:2907:7)
#9      RenderViewportBase.layoutChildSequence (package:flutter/src/rendering/viewport.dart:821:13)
#10     RenderViewport._attemptLayout (package:flutter/src/rendering/viewport.dart:1831:12)
#11     RenderViewport.performLayout (package:flutter/src/rendering/viewport.dart:1724:20)
#12     RenderObject.layout (package:flutter/src/rendering/object.dart:2907:7)
#13     RenderProxyBoxMixin.performLayout (package:flutter/src/rendering/proxy_box.dart:118:18)
#14     RenderObject.layout (package:flutter/src/rendering/object.dart:2907:7)
#15     RenderProxyBoxMixin.performLayout (package:flutter/src/rendering/proxy_box.dart:118:18)
#16     RenderObject.layout (package:flutter/src/rendering/object.dart:2907:7)
#17     RenderProxyBoxMixin.performLayout (package:flutter/src/rendering/proxy_box.dart:118:18)
#18     RenderObject.layout (package:flutter/src/rendering/object.dart:2907:7)
#19     RenderProxyBoxMixin.performLayout (package:flutter/src/rendering/proxy_box.dart:118:18)
#20     RenderObject.layout (package:flutter/src/rendering/object.dart:2907:7)
#21     RenderProxyBoxMixin.performLayout (package:flutter/src/rendering/proxy_box.dart:118:18)
#22     RenderObject.layout (package:flutter/src/rendering/object.dart:2907:7)
#23     RenderProxyBoxMixin.performLayout (package:flutter/src/rendering/proxy_box.dart:118:18)
#24     RenderObject.layout (package:flutter/src/rendering/object.dart:2907:7)
#25     RenderProxyBoxMixin.performLayout (package:flutter/src/rendering/proxy_box.dart:118:18)
#26     RenderObject.layout (package:flutter/src/rendering/object.dart:2907:7)
#27     RenderProxyBoxMixin.performLayout (package:flutter/src/rendering/proxy_box.dart:118:18)
#28     _RenderCustomClip.performLayout (package:flutter/src/rendering/proxy_box.dart:1549:11)
#29     RenderObject.layout (package:flutter/src/rendering/object.dart:2907:7)
#30     ChildLayoutHelper.layoutChild (package:flutter/src/rendering/layout_helper.dart:62:11)
#31     RenderStack._computeSize (package:flutter/src/rendering/stack.dart:647:43)
#32     RenderStack.performLayout (package:flutter/src/rendering/stack.dart:682:12)
#33     RenderObject.layout (package:flutter/src/rendering/object.dart:2907:7)
#34     RenderProxyBoxMixin.performLayout (package:flutter/src/rendering/proxy_box.dart:118:18)
#35     RenderObject.layout (package:flutter/src/rendering/object.dart:2907:7)
#36     _RenderLayoutBuilder.performLayout (package:flutter/src/widgets/layout_builder.dart:449:14)
#37     RenderObject.layout (package:flutter/src/rendering/object.dart:2907:7)
#38     ChildLayoutHelper.layoutChild (package:flutter/src/rendering/layout_helper.dart:62:11)
#39     RenderFlex._computeSizes (package:flutter/src/rendering/flex.dart:1275:26)
#40     RenderFlex.performLayout (package:flutter/src/rendering/flex.dart:1329:32)
#41     RenderObject.layout (package:flutter/src/rendering/object.dart:2907:7)
#42     ChildLayoutHelper.layoutChild (package:flutter/src/rendering/layout_helper.dart:62:11)
#43     RenderStack._computeSize (package:flutter/src/rendering/stack.dart:647:43)
#44     RenderStack.performLayout (package:flutter/src/rendering/stack.dart:682:12)
#45     RenderObject.layout (package:flutter/src/rendering/object.dart:2907:7)
#46     MultiChildLayoutDelegate.layoutChild (package:flutter/src/rendering/custom_layout.dart:180:12)
#47     _ScaffoldLayout.performLayout (package:flutter/src/material/scaffold.dart:1113:7)
#48     MultiChildLayoutDelegate._callPerformLayout (package:flutter/src/rendering/custom_layout.dart:246:7)
#49     RenderCustomMultiChildLayoutBox.performLayout (package:flutter/src/rendering/custom_layout.dart:417:14)
#50     RenderObject.layout (package:flutter/src/rendering/object.dart:2907:7)
#51     RenderProxyBoxMixin.performLayout (package:flutter/src/rendering/proxy_box.dart:118:18)
#52     RenderObject.layout (package:flutter/src/rendering/object.dart:2907:7)
#53     RenderProxyBoxMixin.performLayout (package:flutter/src/rendering/proxy_box.dart:118:18)
#54     _RenderCustomClip.performLayout (package:flutter/src/rendering/proxy_box.dart:1549:11)
#55     RenderObject.layout (package:flutter/src/rendering/object.dart:2907:7)
#56     _RenderLayoutBuilder.performLayout (package:flutter/src/widgets/layout_builder.dart:449:14)
#57     RenderObject.layout (package:flutter/src/rendering/object.dart:2907:7)
#58     RenderProxyBoxMixin.performLayout (package:flutter/src/rendering/proxy_box.dart:118:18)
#59     RenderObject.layout (package:flutter/src/rendering/object.dart:2907:7)
#60     RenderProxyBoxMixin.performLayout (package:flutter/src/rendering/proxy_box.dart:118:18)
#61     RenderObject.layout (package:flutter/src/rendering/object.dart:2907:7)
#62     RenderProxyBoxMixin.performLayout (package:flutter/src/rendering/proxy_box.dart:118:18)
#63     RenderObject.layout (package:flutter/src/rendering/object.dart:2907:7)
#64     RenderProxyBoxMixin.performLayout (package:flutter/src/rendering/proxy_box.dart:118:18)
#65     RenderObject.layout (package:flutter/src/rendering/object.dart:2907:7)
#66     RenderProxyBoxMixin.performLayout (package:flutter/src/rendering/proxy_box.dart:118:18)
#67     RenderObject.layout (package:flutter/src/rendering/object.dart:2907:7)
#68     RenderProxyBoxMixin.performLayout (package:flutter/src/rendering/proxy_box.dart:118:18)
#69     RenderObject.layout (package:flutter/src/rendering/object.dart:2907:7)
#70     RenderProxyBoxMixin.performLayout (package:flutter/src/rendering/proxy_box.dart:118:18)
#71     RenderObject.layout (package:flutter/src/rendering/object.dart:2907:7)
#72     RenderProxyBoxMixin.performLayout (package:flutter/src/rendering/proxy_box.dart:118:18)
#73     RenderObject.layout (package:flutter/src/rendering/object.dart:2907:7)
#74     RenderProxyBoxMixin.performLayout (package:flutter/src/rendering/proxy_box.dart:118:18)
#75     RenderObject.layout (package:flutter/src/rendering/object.dart:2907:7)
#76     RenderProxyBoxMixin.performLayout (package:flutter/src/rendering/proxy_box.dart:118:18)
#77     RenderObject.layout (package:flutter/src/rendering/object.dart:2907:7)
#78     RenderProxyBoxMixin.performLayout (package:flutter/src/rendering/proxy_box.dart:118:18)
#79     RenderObject.layout (package:flutter/src/rendering/object.dart:2907:7)
#80     RenderProxyBoxMixin.performLayout (package:flutter/src/rendering/proxy_box.dart:118:18)
#81     RenderObject.layout (package:flutter/src/rendering/object.dart:2907:7)
#82     RenderProxyBoxMixin.performLayout (package:flutter/src/rendering/proxy_box.dart:118:18)
#83     RenderObject.layout (package:flutter/src/rendering/object.dart:2907:7)
#84     RenderProxyBoxMixin.performLayout (package:flutter/src/rendering/proxy_box.dart:118:18)
#85     RenderObject.layout (package:flutter/src/rendering/object.dart:2907:7)
#86     RenderProxyBoxMixin.performLayout (package:flutter/src/rendering/proxy_box.dart:118:18)
#87     RenderObject.layout (package:flutter/src/rendering/object.dart:2907:7)
#88     RenderProxyBoxMixin.performLayout (package:flutter/src/rendering/proxy_box.dart:118:18)
#89     RenderOffstage.performLayout (package:flutter/src/rendering/proxy_box.dart:3923:13)
#90     RenderObject.layout (package:flutter/src/rendering/object.dart:2907:7)
#91     RenderProxyBoxMixin.performLayout (package:flutter/src/rendering/proxy_box.dart:118:18)
#92     RenderObject.layout (package:flutter/src/rendering/object.dart:2907:7)
#93     _RenderTheaterMixin.layoutChild (package:flutter/src/widgets/overlay.dart:1124:13)
#94     _RenderTheater.performLayout (package:flutter/src/widgets/overlay.dart:1481:9)
#95     RenderObject.layout (package:flutter/src/rendering/object.dart:2907:7)
#96     RenderProxyBoxMixin.performLayout (package:flutter/src/rendering/proxy_box.dart:118:18)
#97     RenderObject.layout (package:flutter/src/rendering/object.dart:2907:7)
#98     RenderProxyBoxMixin.performLayout (package:flutter/src/rendering/proxy_box.dart:118:18)
#99     RenderObject.layout (package:flutter/src/rendering/object.dart:2907:7)
#100    RenderProxyBoxMixin.performLayout (package:flutter/src/rendering/proxy_box.dart:118:18)
#101    RenderObject.layout (package:flutter/src/rendering/object.dart:2907:7)
#102    RenderProxyBoxMixin.performLayout (package:flutter/src/rendering/proxy_box.dart:118:18)
#103    RenderCustomPaint.performLayout (package:flutter/src/rendering/custom_paint.dart:574:11)
#104    RenderObject.layout (package:flutter/src/rendering/object.dart:2907:7)
#105    RenderProxyBoxMixin.performLayout (package:flutter/src/rendering/proxy_box.dart:118:18)
#106    RenderObject.layout (package:flutter/src/rendering/object.dart:2907:7)
#107    RenderProxyBoxMixin.performLayout (package:flutter/src/rendering/proxy_box.dart:118:18)
#108    RenderObject.layout (package:flutter/src/rendering/object.dart:2907:7)
#109    RenderProxyBoxMixin.performLayout (package:flutter/src/rendering/proxy_box.dart:118:18)
#110    RenderObject.layout (package:flutter/src/rendering/object.dart:2907:7)
#111    RenderProxyBoxMixin.performLayout (package:flutter/src/rendering/proxy_box.dart:118:18)
#112    RenderObject.layout (package:flutter/src/rendering/object.dart:2907:7)
#113    RenderProxyBoxMixin.performLayout (package:flutter/src/rendering/proxy_box.dart:118:18)
#114    RenderObject.layout (package:flutter/src/rendering/object.dart:2907:7)
#115    RenderProxyBoxMixin.performLayout (package:flutter/src/rendering/proxy_box.dart:118:18)
#116    RenderObject.layout (package:flutter/src/rendering/object.dart:2907:7)
#117    RenderView.performLayout (package:flutter/src/rendering/view.dart:292:12)
#118    RenderObject._layoutWithoutResize (package:flutter/src/rendering/object.dart:2755:7)
#119    PipelineOwner.flushLayout (package:flutter/src/rendering/object.dart:1174:18)
#120    PipelineOwner.flushLayout (package:flutter/src/rendering/object.dart:1187:15)
#121    AutomatedTestWidgetsFlutterBinding.drawFrame (package:flutter_test/src/binding.dart:2433:27)
#122    RendererBinding._handlePersistentFrameCallback (package:flutter/src/rendering/binding.dart:509:5)
#123    SchedulerBinding._invokeFrameCallback (package:flutter/src/scheduler/binding.dart:1430:15)
#124    SchedulerBinding.handleDrawFrame (package:flutter/src/scheduler/binding.dart:1345:9)
#125    AutomatedTestWidgetsFlutterBinding.pump.<anonymous closure> (package:flutter_test/src/binding.dart:2260:9)
#128    TestAsyncUtils.guard (package:flutter_test/src/test_async_utils.dart:74:41)
#129    AutomatedTestWidgetsFlutterBinding.pump (package:flutter_test/src/binding.dart:2249:27)
#130    WidgetTester.pumpWidget.<anonymous closure> (package:flutter_test/src/widget_tester.dart:598:22)
#133    TestAsyncUtils.guard (package:flutter_test/src/test_async_utils.dart:74:41)
#134    WidgetTester.pumpWidget (package:flutter_test/src/widget_tester.dart:595:27)
#135    main.<anonymous closure> (file:///C:/Users/adrie/Documents/Coelo.worktrees/e2-r02-d04-acessos/apps/superadmin/test/features/safety/presentation/safety_pages_test.dart:452:22)
<asynchronous suspension>
#136    testWidgets.<anonymous closure>.<anonymous closure> (package:flutter_test/src/widget_tester.dart:192:15)
<asynchronous suspension>
#137    TestWidgetsFlutterBinding._runTestBody (package:flutter_test/src/binding.dart:1952:5)
<asynchronous suspension>
<asynchronous suspension>
(elided 7 frames from class _AssertionError, dart:async, and package:stack_trace)

The following RenderObject was being processed when the exception was fired: RenderSliverList#e4359 relayoutBoundary=up2 NEEDS-LAYOUT NEEDS-PAINT NEEDS-COMPOSITING-BITS-UPDATE:
  creator: SliverList ← SliverPadding ← Viewport ← IgnorePointer-[GlobalKey#1df5d] ← Semantics ←
    Listener ← _GestureSemantics ←
    RawGestureDetector-[LabeledGlobalKey<RawGestureDetectorState>#25476] ← Listener ← _ScrollableScope
    ← _ScrollSemantics-[GlobalKey#e436e] ← NotificationListener<ScrollMetricsNotification> ← ⋯
  parentData: paintOffset=Offset(0.0, 0.0) (can use size)
  constraints: SliverConstraints(AxisDirection.down, GrowthDirection.forward, ScrollDirection.idle,
    scrollOffset: 0.0, precedingScrollExtent: 16.0, remainingPaintExtent: 539.0, crossAxisExtent:
    343.0, crossAxisDirection: AxisDirection.right, viewportMainAxisExtent: 555.0,
    remainingCacheExtent: 789.0, cacheOrigin: 0.0)
  geometry: null
  currently live children: 0 to 4
This RenderObject had the following descendants (showing up to depth 5):
    child with index 0: RenderIndexedSemantics#93361 relayoutBoundary=up3 NEEDS-PAINT NEEDS-COMPOSITING-BITS-UPDATE
      child: RenderRepaintBoundary#a32ce relayoutBoundary=up4 NEEDS-PAINT NEEDS-COMPOSITING-BITS-UPDATE
        child: _RenderLayoutBuilder#aa379 relayoutBoundary=up5 NEEDS-PAINT NEEDS-COMPOSITING-BITS-UPDATE
          child: RenderFlex#fac02 relayoutBoundary=up6 NEEDS-PAINT NEEDS-COMPOSITING-BITS-UPDATE
            child 1: RenderConstrainedBox#27b0c relayoutBoundary=up7 NEEDS-PAINT NEEDS-COMPOSITING-BITS-UPDATE
            child 2: RenderConstrainedBox#48be1 relayoutBoundary=up7 NEEDS-PAINT
            child 3: RenderDecoratedBox#f778e relayoutBoundary=up7 NEEDS-PAINT NEEDS-COMPOSITING-BITS-UPDATE
    child with index 1: RenderIndexedSemantics#21bc4 relayoutBoundary=up3 NEEDS-PAINT NEEDS-COMPOSITING-BITS-UPDATE
      child: RenderRepaintBoundary#6f58d relayoutBoundary=up4 NEEDS-PAINT NEEDS-COMPOSITING-BITS-UPDATE
        child: RenderConstrainedBox#22064 relayoutBoundary=up5 NEEDS-PAINT
    child with index 2: RenderIndexedSemantics#64d05 relayoutBoundary=up3 NEEDS-PAINT NEEDS-COMPOSITING-BITS-UPDATE
      child: RenderRepaintBoundary#d8f87 relayoutBoundary=up4 NEEDS-PAINT NEEDS-COMPOSITING-BITS-UPDATE
        child: _RenderLayoutBuilder#aec03 relayoutBoundary=up5 NEEDS-PAINT NEEDS-COMPOSITING-BITS-UPDATE
          child: RenderDecoratedBox#b72bf relayoutBoundary=up6 NEEDS-PAINT NEEDS-COMPOSITING-BITS-UPDATE
            child: RenderStack#a9556 relayoutBoundary=up7 NEEDS-PAINT NEEDS-COMPOSITING-BITS-UPDATE
    child with index 3: RenderIndexedSemantics#cc4e9 relayoutBoundary=up3 NEEDS-PAINT NEEDS-COMPOSITING-BITS-UPDATE
      child: RenderRepaintBoundary#3fdac relayoutBoundary=up4 NEEDS-PAINT NEEDS-COMPOSITING-BITS-UPDATE
        child: RenderConstrainedBox#8371d relayoutBoundary=up5 NEEDS-PAINT
    child with index 4: RenderIndexedSemantics#270ce relayoutBoundary=up3 NEEDS-PAINT NEEDS-COMPOSITING-BITS-UPDATE
      child: RenderRepaintBoundary#646b2 relayoutBoundary=up4 NEEDS-PAINT NEEDS-COMPOSITING-BITS-UPDATE
        child: RenderFlex#4c7fc relayoutBoundary=up5 NEEDS-PAINT NEEDS-COMPOSITING-BITS-UPDATE
          child 1: _RenderLayoutBuilder#6891d relayoutBoundary=up6 NEEDS-PAINT NEEDS-COMPOSITING-BITS-UPDATE
            child: RenderFlex#4499c relayoutBoundary=up7 NEEDS-PAINT NEEDS-COMPOSITING-BITS-UPDATE
════════════════════════════════════════════════════════════════════════════════════════════════════
══╡ EXCEPTION CAUGHT BY RENDERING LIBRARY ╞═════════════════════════════════════════════════════════
The following _TypeError was thrown during performLayout():
Null check operator used on a null value

The relevant error-causing widget was:
  ListView
  ListView:file:///C:/Users/adrie/Documents/Coelo.worktrees/e2-r02-d04-acessos/apps/superadmin/lib/features/safety/presentation/safety_pages.dart:132:17

When the exception was thrown, this was the stack:
#0      RenderSliverEdgeInsetsPadding.performLayout (package:flutter/src/rendering/sliver_padding.dart:147:63)
#1      RenderSliverPadding.performLayout (package:flutter/src/rendering/sliver_padding.dart:368:11)
#2      RenderObject.layout (package:flutter/src/rendering/object.dart:2907:7)
#3      RenderViewportBase.layoutChildSequence (package:flutter/src/rendering/viewport.dart:821:13)
#4      RenderViewport._attemptLayout (package:flutter/src/rendering/viewport.dart:1831:12)
#5      RenderViewport.performLayout (package:flutter/src/rendering/viewport.dart:1724:20)
#6      RenderObject.layout (package:flutter/src/rendering/object.dart:2907:7)
#7      RenderProxyBoxMixin.performLayout (package:flutter/src/rendering/proxy_box.dart:118:18)
#8      RenderObject.layout (package:flutter/src/rendering/object.dart:2907:7)
#9      RenderProxyBoxMixin.performLayout (package:flutter/src/rendering/proxy_box.dart:118:18)
#10     RenderObject.layout (package:flutter/src/rendering/object.dart:2907:7)
#11     RenderProxyBoxMixin.performLayout (package:flutter/src/rendering/proxy_box.dart:118:18)
#12     RenderObject.layout (package:flutter/src/rendering/object.dart:2907:7)
#13     RenderProxyBoxMixin.performLayout (package:flutter/src/rendering/proxy_box.dart:118:18)
#14     RenderObject.layout (package:flutter/src/rendering/object.dart:2907:7)
#15     RenderProxyBoxMixin.performLayout (package:flutter/src/rendering/proxy_box.dart:118:18)
#16     RenderObject.layout (package:flutter/src/rendering/object.dart:2907:7)
#17     RenderProxyBoxMixin.performLayout (package:flutter/src/rendering/proxy_box.dart:118:18)
#18     RenderObject.layout (package:flutter/src/rendering/object.dart:2907:7)
#19     RenderProxyBoxMixin.performLayout (package:flutter/src/rendering/proxy_box.dart:118:18)
#20     RenderObject.layout (package:flutter/src/rendering/object.dart:2907:7)
#21     RenderProxyBoxMixin.performLayout (package:flutter/src/rendering/proxy_box.dart:118:18)
#22     _RenderCustomClip.performLayout (package:flutter/src/rendering/proxy_box.dart:1549:11)
#23     RenderObject.layout (package:flutter/src/rendering/object.dart:2907:7)
#24     ChildLayoutHelper.layoutChild (package:flutter/src/rendering/layout_helper.dart:62:11)
#25     RenderStack._computeSize (package:flutter/src/rendering/stack.dart:647:43)
#26     RenderStack.performLayout (package:flutter/src/rendering/stack.dart:682:12)
#27     RenderObject.layout (package:flutter/src/rendering/object.dart:2907:7)
#28     RenderProxyBoxMixin.performLayout (package:flutter/src/rendering/proxy_box.dart:118:18)
#29     RenderObject.layout (package:flutter/src/rendering/object.dart:2907:7)
#30     _RenderLayoutBuilder.performLayout (package:flutter/src/widgets/layout_builder.dart:449:14)
#31     RenderObject.layout (package:flutter/src/rendering/object.dart:2907:7)
#32     ChildLayoutHelper.layoutChild (package:flutter/src/rendering/layout_helper.dart:62:11)
#33     RenderFlex._computeSizes (package:flutter/src/rendering/flex.dart:1275:26)
#34     RenderFlex.performLayout (package:flutter/src/rendering/flex.dart:1329:32)
#35     RenderObject.layout (package:flutter/src/rendering/object.dart:2907:7)
#36     ChildLayoutHelper.layoutChild (package:flutter/src/rendering/layout_helper.dart:62:11)
#37     RenderStack._computeSize (package:flutter/src/rendering/stack.dart:647:43)
#38     RenderStack.performLayout (package:flutter/src/rendering/stack.dart:682:12)
#39     RenderObject.layout (package:flutter/src/rendering/object.dart:2907:7)
#40     MultiChildLayoutDelegate.layoutChild (package:flutter/src/rendering/custom_layout.dart:180:12)
#41     _ScaffoldLayout.performLayout (package:flutter/src/material/scaffold.dart:1113:7)
#42     MultiChildLayoutDelegate._callPerformLayout (package:flutter/src/rendering/custom_layout.dart:246:7)
#43     RenderCustomMultiChildLayoutBox.performLayout (package:flutter/src/rendering/custom_layout.dart:417:14)
#44     RenderObject.layout (package:flutter/src/rendering/object.dart:2907:7)
#45     RenderProxyBoxMixin.performLayout (package:flutter/src/rendering/proxy_box.dart:118:18)
#46     RenderObject.layout (package:flutter/src/rendering/object.dart:2907:7)
#47     RenderProxyBoxMixin.performLayout (package:flutter/src/rendering/proxy_box.dart:118:18)
#48     _RenderCustomClip.performLayout (package:flutter/src/rendering/proxy_box.dart:1549:11)
#49     RenderObject.layout (package:flutter/src/rendering/object.dart:2907:7)
#50     _RenderLayoutBuilder.performLayout (package:flutter/src/widgets/layout_builder.dart:449:14)
#51     RenderObject.layout (package:flutter/src/rendering/object.dart:2907:7)
#52     RenderProxyBoxMixin.performLayout (package:flutter/src/rendering/proxy_box.dart:118:18)
#53     RenderObject.layout (package:flutter/src/rendering/object.dart:2907:7)
#54     RenderProxyBoxMixin.performLayout (package:flutter/src/rendering/proxy_box.dart:118:18)
#55     RenderObject.layout (package:flutter/src/rendering/object.dart:2907:7)
#56     RenderProxyBoxMixin.performLayout (package:flutter/src/rendering/proxy_box.dart:118:18)
#57     RenderObject.layout (package:flutter/src/rendering/object.dart:2907:7)
#58     RenderProxyBoxMixin.performLayout (package:flutter/src/rendering/proxy_box.dart:118:18)
#59     RenderObject.layout (package:flutter/src/rendering/object.dart:2907:7)
#60     RenderProxyBoxMixin.performLayout (package:flutter/src/rendering/proxy_box.dart:118:18)
#61     RenderObject.layout (package:flutter/src/rendering/object.dart:2907:7)
#62     RenderProxyBoxMixin.performLayout (package:flutter/src/rendering/proxy_box.dart:118:18)
#63     RenderObject.layout (package:flutter/src/rendering/object.dart:2907:7)
#64     RenderProxyBoxMixin.performLayout (package:flutter/src/rendering/proxy_box.dart:118:18)
#65     RenderObject.layout (package:flutter/src/rendering/object.dart:2907:7)
#66     RenderProxyBoxMixin.performLayout (package:flutter/src/rendering/proxy_box.dart:118:18)
#67     RenderObject.layout (package:flutter/src/rendering/object.dart:2907:7)
#68     RenderProxyBoxMixin.performLayout (package:flutter/src/rendering/proxy_box.dart:118:18)
#69     RenderObject.layout (package:flutter/src/rendering/object.dart:2907:7)
#70     RenderProxyBoxMixin.performLayout (package:flutter/src/rendering/proxy_box.dart:118:18)
#71     RenderObject.layout (package:flutter/src/rendering/object.dart:2907:7)
#72     RenderProxyBoxMixin.performLayout (package:flutter/src/rendering/proxy_box.dart:118:18)
#73     RenderObject.layout (package:flutter/src/rendering/object.dart:2907:7)
#74     RenderProxyBoxMixin.performLayout (package:flutter/src/rendering/proxy_box.dart:118:18)
#75     RenderObject.layout (package:flutter/src/rendering/object.dart:2907:7)
#76     RenderProxyBoxMixin.performLayout (package:flutter/src/rendering/proxy_box.dart:118:18)
#77     RenderObject.layout (package:flutter/src/rendering/object.dart:2907:7)
#78     RenderProxyBoxMixin.performLayout (package:flutter/src/rendering/proxy_box.dart:118:18)
#79     RenderObject.layout (package:flutter/src/rendering/object.dart:2907:7)
#80     RenderProxyBoxMixin.performLayout (package:flutter/src/rendering/proxy_box.dart:118:18)
#81     RenderObject.layout (package:flutter/src/rendering/object.dart:2907:7)
#82     RenderProxyBoxMixin.performLayout (package:flutter/src/rendering/proxy_box.dart:118:18)
#83     RenderOffstage.performLayout (package:flutter/src/rendering/proxy_box.dart:3923:13)
#84     RenderObject.layout (package:flutter/src/rendering/object.dart:2907:7)
#85     RenderProxyBoxMixin.performLayout (package:flutter/src/rendering/proxy_box.dart:118:18)
#86     RenderObject.layout (package:flutter/src/rendering/object.dart:2907:7)
#87     _RenderTheaterMixin.layoutChild (package:flutter/src/widgets/overlay.dart:1124:13)
#88     _RenderTheater.performLayout (package:flutter/src/widgets/overlay.dart:1481:9)
#89     RenderObject.layout (package:flutter/src/rendering/object.dart:2907:7)
#90     RenderProxyBoxMixin.performLayout (package:flutter/src/rendering/proxy_box.dart:118:18)
#91     RenderObject.layout (package:flutter/src/rendering/object.dart:2907:7)
#92     RenderProxyBoxMixin.performLayout (package:flutter/src/rendering/proxy_box.dart:118:18)
#93     RenderObject.layout (package:flutter/src/rendering/object.dart:2907:7)
#94     RenderProxyBoxMixin.performLayout (package:flutter/src/rendering/proxy_box.dart:118:18)
#95     RenderObject.layout (package:flutter/src/rendering/object.dart:2907:7)
#96     RenderProxyBoxMixin.performLayout (package:flutter/src/rendering/proxy_box.dart:118:18)
#97     RenderCustomPaint.performLayout (package:flutter/src/rendering/custom_paint.dart:574:11)
#98     RenderObject.layout (package:flutter/src/rendering/object.dart:2907:7)
#99     RenderProxyBoxMixin.performLayout (package:flutter/src/rendering/proxy_box.dart:118:18)
#100    RenderObject.layout (package:flutter/src/rendering/object.dart:2907:7)
#101    RenderProxyBoxMixin.performLayout (package:flutter/src/rendering/proxy_box.dart:118:18)
#102    RenderObject.layout (package:flutter/src/rendering/object.dart:2907:7)
#103    RenderProxyBoxMixin.performLayout (package:flutter/src/rendering/proxy_box.dart:118:18)
#104    RenderObject.layout (package:flutter/src/rendering/object.dart:2907:7)
#105    RenderProxyBoxMixin.performLayout (package:flutter/src/rendering/proxy_box.dart:118:18)
#106    RenderObject.layout (package:flutter/src/rendering/object.dart:2907:7)
#107    RenderProxyBoxMixin.performLayout (package:flutter/src/rendering/proxy_box.dart:118:18)
#108    RenderObject.layout (package:flutter/src/rendering/object.dart:2907:7)
#109    RenderProxyBoxMixin.performLayout (package:flutter/src/rendering/proxy_box.dart:118:18)
#110    RenderObject.layout (package:flutter/src/rendering/object.dart:2907:7)
#111    RenderView.performLayout (package:flutter/src/rendering/view.dart:292:12)
#112    RenderObject._layoutWithoutResize (package:flutter/src/rendering/object.dart:2755:7)
#113    PipelineOwner.flushLayout (package:flutter/src/rendering/object.dart:1174:18)
#114    PipelineOwner.flushLayout (package:flutter/src/rendering/object.dart:1187:15)
#115    AutomatedTestWidgetsFlutterBinding.drawFrame (package:flutter_test/src/binding.dart:2433:27)
#116    RendererBinding._handlePersistentFrameCallback (package:flutter/src/rendering/binding.dart:509:5)
#117    SchedulerBinding._invokeFrameCallback (package:flutter/src/scheduler/binding.dart:1430:15)
#118    SchedulerBinding.handleDrawFrame (package:flutter/src/scheduler/binding.dart:1345:9)
#119    AutomatedTestWidgetsFlutterBinding.pump.<anonymous closure> (package:flutter_test/src/binding.dart:2260:9)
#122    TestAsyncUtils.guard (package:flutter_test/src/test_async_utils.dart:74:41)
#123    AutomatedTestWidgetsFlutterBinding.pump (package:flutter_test/src/binding.dart:2249:27)
#124    WidgetTester.pumpWidget.<anonymous closure> (package:flutter_test/src/widget_tester.dart:598:22)
#127    TestAsyncUtils.guard (package:flutter_test/src/test_async_utils.dart:74:41)
#128    WidgetTester.pumpWidget (package:flutter_test/src/widget_tester.dart:595:27)
#129    main.<anonymous closure> (file:///C:/Users/adrie/Documents/Coelo.worktrees/e2-r02-d04-acessos/apps/superadmin/test/features/safety/presentation/safety_pages_test.dart:452:22)
<asynchronous suspension>
#130    testWidgets.<anonymous closure>.<anonymous closure> (package:flutter_test/src/widget_tester.dart:192:15)
<asynchronous suspension>
#131    TestWidgetsFlutterBinding._runTestBody (package:flutter_test/src/binding.dart:1952:5)
<asynchronous suspension>
<asynchronous suspension>
(elided 5 frames from dart:async and package:stack_trace)

The following RenderObject was being processed when the exception was fired: RenderSliverPadding#1dcf9 relayoutBoundary=up1 NEEDS-LAYOUT NEEDS-PAINT NEEDS-COMPOSITING-BITS-UPDATE:
  creator: SliverPadding ← Viewport ← IgnorePointer-[GlobalKey#1df5d] ← Semantics ← Listener ←
    _GestureSemantics ← RawGestureDetector-[LabeledGlobalKey<RawGestureDetectorState>#25476] ←
    Listener ← _ScrollableScope ← _ScrollSemantics-[GlobalKey#e436e] ←
    NotificationListener<ScrollMetricsNotification> ← Transform ← ⋯
  parentData: paintOffset=Offset(0.0, 0.0) (can use size)
  constraints: SliverConstraints(AxisDirection.down, GrowthDirection.forward, ScrollDirection.idle,
    scrollOffset: 0.0, precedingScrollExtent: 0.0, remainingPaintExtent: 555.0, crossAxisExtent:
    375.0, crossAxisDirection: AxisDirection.right, viewportMainAxisExtent: 555.0,
    remainingCacheExtent: 805.0, cacheOrigin: 0.0)
  geometry: null
  padding: EdgeInsets.all(16.0)
  textDirection: ltr
This RenderObject had the following descendants (showing up to depth 5):
    child: RenderSliverList#e4359 relayoutBoundary=up2 NEEDS-PAINT NEEDS-COMPOSITING-BITS-UPDATE
      child with index 0: RenderIndexedSemantics#93361 relayoutBoundary=up3 NEEDS-PAINT NEEDS-COMPOSITING-BITS-UPDATE
        child: RenderRepaintBoundary#a32ce relayoutBoundary=up4 NEEDS-PAINT NEEDS-COMPOSITING-BITS-UPDATE
          child: _RenderLayoutBuilder#aa379 relayoutBoundary=up5 NEEDS-PAINT NEEDS-COMPOSITING-BITS-UPDATE
            child: RenderFlex#fac02 relayoutBoundary=up6 NEEDS-PAINT NEEDS-COMPOSITING-BITS-UPDATE
      child with index 1: RenderIndexedSemantics#21bc4 relayoutBoundary=up3 NEEDS-PAINT NEEDS-COMPOSITING-BITS-UPDATE
        child: RenderRepaintBoundary#6f58d relayoutBoundary=up4 NEEDS-PAINT NEEDS-COMPOSITING-BITS-UPDATE
          child: RenderConstrainedBox#22064 relayoutBoundary=up5 NEEDS-PAINT
      child with index 2: RenderIndexedSemantics#64d05 relayoutBoundary=up3 NEEDS-PAINT NEEDS-COMPOSITING-BITS-UPDATE
        child: RenderRepaintBoundary#d8f87 relayoutBoundary=up4 NEEDS-PAINT NEEDS-COMPOSITING-BITS-UPDATE
          child: _RenderLayoutBuilder#aec03 relayoutBoundary=up5 NEEDS-PAINT NEEDS-COMPOSITING-BITS-UPDATE
            child: RenderDecoratedBox#b72bf relayoutBoundary=up6 NEEDS-PAINT NEEDS-COMPOSITING-BITS-UPDATE
      child with index 3: RenderIndexedSemantics#cc4e9 relayoutBoundary=up3 NEEDS-PAINT NEEDS-COMPOSITING-BITS-UPDATE
        child: RenderRepaintBoundary#3fdac relayoutBoundary=up4 NEEDS-PAINT NEEDS-COMPOSITING-BITS-UPDATE
          child: RenderConstrainedBox#8371d relayoutBoundary=up5 NEEDS-PAINT
      child with index 4: RenderIndexedSemantics#270ce relayoutBoundary=up3 NEEDS-PAINT NEEDS-COMPOSITING-BITS-UPDATE
        child: RenderRepaintBoundary#646b2 relayoutBoundary=up4 NEEDS-PAINT NEEDS-COMPOSITING-BITS-UPDATE
          child: RenderFlex#4c7fc relayoutBoundary=up5 NEEDS-PAINT NEEDS-COMPOSITING-BITS-UPDATE
            child 1: _RenderLayoutBuilder#6891d relayoutBoundary=up6 NEEDS-PAINT NEEDS-COMPOSITING-BITS-UPDATE
════════════════════════════════════════════════════════════════════════════════════════════════════
══╡ EXCEPTION CAUGHT BY RENDERING LIBRARY ╞═════════════════════════════════════════════════════════
The following _TypeError was thrown during performLayout():
Null check operator used on a null value

The relevant error-causing widget was:
  ListView
  ListView:file:///C:/Users/adrie/Documents/Coelo.worktrees/e2-r02-d04-acessos/apps/superadmin/lib/features/safety/presentation/safety_pages.dart:132:17

When the exception was thrown, this was the stack:
#0      RenderViewportBase.layoutChildSequence (package:flutter/src/rendering/viewport.dart:842:64)
#1      RenderViewport._attemptLayout (package:flutter/src/rendering/viewport.dart:1831:12)
#2      RenderViewport.performLayout (package:flutter/src/rendering/viewport.dart:1724:20)
#3      RenderObject.layout (package:flutter/src/rendering/object.dart:2907:7)
#4      RenderProxyBoxMixin.performLayout (package:flutter/src/rendering/proxy_box.dart:118:18)
#5      RenderObject.layout (package:flutter/src/rendering/object.dart:2907:7)
#6      RenderProxyBoxMixin.performLayout (package:flutter/src/rendering/proxy_box.dart:118:18)
#7      RenderObject.layout (package:flutter/src/rendering/object.dart:2907:7)
#8      RenderProxyBoxMixin.performLayout (package:flutter/src/rendering/proxy_box.dart:118:18)
#9      RenderObject.layout (package:flutter/src/rendering/object.dart:2907:7)
#10     RenderProxyBoxMixin.performLayout (package:flutter/src/rendering/proxy_box.dart:118:18)
#11     RenderObject.layout (package:flutter/src/rendering/object.dart:2907:7)
#12     RenderProxyBoxMixin.performLayout (package:flutter/src/rendering/proxy_box.dart:118:18)
#13     RenderObject.layout (package:flutter/src/rendering/object.dart:2907:7)
#14     RenderProxyBoxMixin.performLayout (package:flutter/src/rendering/proxy_box.dart:118:18)
#15     RenderObject.layout (package:flutter/src/rendering/object.dart:2907:7)
#16     RenderProxyBoxMixin.performLayout (package:flutter/src/rendering/proxy_box.dart:118:18)
#17     RenderObject.layout (package:flutter/src/rendering/object.dart:2907:7)
#18     RenderProxyBoxMixin.performLayout (package:flutter/src/rendering/proxy_box.dart:118:18)
#19     _RenderCustomClip.performLayout (package:flutter/src/rendering/proxy_box.dart:1549:11)
#20     RenderObject.layout (package:flutter/src/rendering/object.dart:2907:7)
#21     ChildLayoutHelper.layoutChild (package:flutter/src/rendering/layout_helper.dart:62:11)
#22     RenderStack._computeSize (package:flutter/src/rendering/stack.dart:647:43)
#23     RenderStack.performLayout (package:flutter/src/rendering/stack.dart:682:12)
#24     RenderObject.layout (package:flutter/src/rendering/object.dart:2907:7)
#25     RenderProxyBoxMixin.performLayout (package:flutter/src/rendering/proxy_box.dart:118:18)
#26     RenderObject.layout (package:flutter/src/rendering/object.dart:2907:7)
#27     _RenderLayoutBuilder.performLayout (package:flutter/src/widgets/layout_builder.dart:449:14)
#28     RenderObject.layout (package:flutter/src/rendering/object.dart:2907:7)
#29     ChildLayoutHelper.layoutChild (package:flutter/src/rendering/layout_helper.dart:62:11)
#30     RenderFlex._computeSizes (package:flutter/src/rendering/flex.dart:1275:26)
#31     RenderFlex.performLayout (package:flutter/src/rendering/flex.dart:1329:32)
#32     RenderObject.layout (package:flutter/src/rendering/object.dart:2907:7)
#33     ChildLayoutHelper.layoutChild (package:flutter/src/rendering/layout_helper.dart:62:11)
#34     RenderStack._computeSize (package:flutter/src/rendering/stack.dart:647:43)
#35     RenderStack.performLayout (package:flutter/src/rendering/stack.dart:682:12)
#36     RenderObject.layout (package:flutter/src/rendering/object.dart:2907:7)
#37     MultiChildLayoutDelegate.layoutChild (package:flutter/src/rendering/custom_layout.dart:180:12)
#38     _ScaffoldLayout.performLayout (package:flutter/src/material/scaffold.dart:1113:7)
#39     MultiChildLayoutDelegate._callPerformLayout (package:flutter/src/rendering/custom_layout.dart:246:7)
#40     RenderCustomMultiChildLayoutBox.performLayout (package:flutter/src/rendering/custom_layout.dart:417:14)
#41     RenderObject.layout (package:flutter/src/rendering/object.dart:2907:7)
#42     RenderProxyBoxMixin.performLayout (package:flutter/src/rendering/proxy_box.dart:118:18)
#43     RenderObject.layout (package:flutter/src/rendering/object.dart:2907:7)
#44     RenderProxyBoxMixin.performLayout (package:flutter/src/rendering/proxy_box.dart:118:18)
#45     _RenderCustomClip.performLayout (package:flutter/src/rendering/proxy_box.dart:1549:11)
#46     RenderObject.layout (package:flutter/src/rendering/object.dart:2907:7)
#47     _RenderLayoutBuilder.performLayout (package:flutter/src/widgets/layout_builder.dart:449:14)
#48     RenderObject.layout (package:flutter/src/rendering/object.dart:2907:7)
#49     RenderProxyBoxMixin.performLayout (package:flutter/src/rendering/proxy_box.dart:118:18)
#50     RenderObject.layout (package:flutter/src/rendering/object.dart:2907:7)
#51     RenderProxyBoxMixin.performLayout (package:flutter/src/rendering/proxy_box.dart:118:18)
#52     RenderObject.layout (package:flutter/src/rendering/object.dart:2907:7)
#53     RenderProxyBoxMixin.performLayout (package:flutter/src/rendering/proxy_box.dart:118:18)
#54     RenderObject.layout (package:flutter/src/rendering/object.dart:2907:7)
#55     RenderProxyBoxMixin.performLayout (package:flutter/src/rendering/proxy_box.dart:118:18)
#56     RenderObject.layout (package:flutter/src/rendering/object.dart:2907:7)
#57     RenderProxyBoxMixin.performLayout (package:flutter/src/rendering/proxy_box.dart:118:18)
#58     RenderObject.layout (package:flutter/src/rendering/object.dart:2907:7)
#59     RenderProxyBoxMixin.performLayout (package:flutter/src/rendering/proxy_box.dart:118:18)
#60     RenderObject.layout (package:flutter/src/rendering/object.dart:2907:7)
#61     RenderProxyBoxMixin.performLayout (package:flutter/src/rendering/proxy_box.dart:118:18)
#62     RenderObject.layout (package:flutter/src/rendering/object.dart:2907:7)
#63     RenderProxyBoxMixin.performLayout (package:flutter/src/rendering/proxy_box.dart:118:18)
#64     RenderObject.layout (package:flutter/src/rendering/object.dart:2907:7)
#65     RenderProxyBoxMixin.performLayout (package:flutter/src/rendering/proxy_box.dart:118:18)
#66     RenderObject.layout (package:flutter/src/rendering/object.dart:2907:7)
#67     RenderProxyBoxMixin.performLayout (package:flutter/src/rendering/proxy_box.dart:118:18)
#68     RenderObject.layout (package:flutter/src/rendering/object.dart:2907:7)
#69     RenderProxyBoxMixin.performLayout (package:flutter/src/rendering/proxy_box.dart:118:18)
#70     RenderObject.layout (package:flutter/src/rendering/object.dart:2907:7)
#71     RenderProxyBoxMixin.performLayout (package:flutter/src/rendering/proxy_box.dart:118:18)
#72     RenderObject.layout (package:flutter/src/rendering/object.dart:2907:7)
#73     RenderProxyBoxMixin.performLayout (package:flutter/src/rendering/proxy_box.dart:118:18)
#74     RenderObject.layout (package:flutter/src/rendering/object.dart:2907:7)
#75     RenderProxyBoxMixin.performLayout (package:flutter/src/rendering/proxy_box.dart:118:18)
#76     RenderObject.layout (package:flutter/src/rendering/object.dart:2907:7)
#77     RenderProxyBoxMixin.performLayout (package:flutter/src/rendering/proxy_box.dart:118:18)
#78     RenderObject.layout (package:flutter/src/rendering/object.dart:2907:7)
#79     RenderProxyBoxMixin.performLayout (package:flutter/src/rendering/proxy_box.dart:118:18)
#80     RenderOffstage.performLayout (package:flutter/src/rendering/proxy_box.dart:3923:13)
#81     RenderObject.layout (package:flutter/src/rendering/object.dart:2907:7)
#82     RenderProxyBoxMixin.performLayout (package:flutter/src/rendering/proxy_box.dart:118:18)
#83     RenderObject.layout (package:flutter/src/rendering/object.dart:2907:7)
#84     _RenderTheaterMixin.layoutChild (package:flutter/src/widgets/overlay.dart:1124:13)
#85     _RenderTheater.performLayout (package:flutter/src/widgets/overlay.dart:1481:9)
#86     RenderObject.layout (package:flutter/src/rendering/object.dart:2907:7)
#87     RenderProxyBoxMixin.performLayout (package:flutter/src/rendering/proxy_box.dart:118:18)
#88     RenderObject.layout (package:flutter/src/rendering/object.dart:2907:7)
#89     RenderProxyBoxMixin.performLayout (package:flutter/src/rendering/proxy_box.dart:118:18)
#90     RenderObject.layout (package:flutter/src/rendering/object.dart:2907:7)
#91     RenderProxyBoxMixin.performLayout (package:flutter/src/rendering/proxy_box.dart:118:18)
#92     RenderObject.layout (package:flutter/src/rendering/object.dart:2907:7)
#93     RenderProxyBoxMixin.performLayout (package:flutter/src/rendering/proxy_box.dart:118:18)
#94     RenderCustomPaint.performLayout (package:flutter/src/rendering/custom_paint.dart:574:11)
#95     RenderObject.layout (package:flutter/src/rendering/object.dart:2907:7)
#96     RenderProxyBoxMixin.performLayout (package:flutter/src/rendering/proxy_box.dart:118:18)
#97     RenderObject.layout (package:flutter/src/rendering/object.dart:2907:7)
#98     RenderProxyBoxMixin.performLayout (package:flutter/src/rendering/proxy_box.dart:118:18)
#99     RenderObject.layout (package:flutter/src/rendering/object.dart:2907:7)
#100    RenderProxyBoxMixin.performLayout (package:flutter/src/rendering/proxy_box.dart:118:18)
#101    RenderObject.layout (package:flutter/src/rendering/object.dart:2907:7)
#102    RenderProxyBoxMixin.performLayout (package:flutter/src/rendering/proxy_box.dart:118:18)
#103    RenderObject.layout (package:flutter/src/rendering/object.dart:2907:7)
#104    RenderProxyBoxMixin.performLayout (package:flutter/src/rendering/proxy_box.dart:118:18)
#105    RenderObject.layout (package:flutter/src/rendering/object.dart:2907:7)
#106    RenderProxyBoxMixin.performLayout (package:flutter/src/rendering/proxy_box.dart:118:18)
#107    RenderObject.layout (package:flutter/src/rendering/object.dart:2907:7)
#108    RenderView.performLayout (package:flutter/src/rendering/view.dart:292:12)
#109    RenderObject._layoutWithoutResize (package:flutter/src/rendering/object.dart:2755:7)
#110    PipelineOwner.flushLayout (package:flutter/src/rendering/object.dart:1174:18)
#111    PipelineOwner.flushLayout (package:flutter/src/rendering/object.dart:1187:15)
#112    AutomatedTestWidgetsFlutterBinding.drawFrame (package:flutter_test/src/binding.dart:2433:27)
#113    RendererBinding._handlePersistentFrameCallback (package:flutter/src/rendering/binding.dart:509:5)
#114    SchedulerBinding._invokeFrameCallback (package:flutter/src/scheduler/binding.dart:1430:15)
#115    SchedulerBinding.handleDrawFrame (package:flutter/src/scheduler/binding.dart:1345:9)
#116    AutomatedTestWidgetsFlutterBinding.pump.<anonymous closure> (package:flutter_test/src/binding.dart:2260:9)
#119    TestAsyncUtils.guard (package:flutter_test/src/test_async_utils.dart:74:41)
#120    AutomatedTestWidgetsFlutterBinding.pump (package:flutter_test/src/binding.dart:2249:27)
#121    WidgetTester.pumpWidget.<anonymous closure> (package:flutter_test/src/widget_tester.dart:598:22)
#124    TestAsyncUtils.guard (package:flutter_test/src/test_async_utils.dart:74:41)
#125    WidgetTester.pumpWidget (package:flutter_test/src/widget_tester.dart:595:27)
#126    main.<anonymous closure> (file:///C:/Users/adrie/Documents/Coelo.worktrees/e2-r02-d04-acessos/apps/superadmin/test/features/safety/presentation/safety_pages_test.dart:452:22)
<asynchronous suspension>
#127    testWidgets.<anonymous closure>.<anonymous closure> (package:flutter_test/src/widget_tester.dart:192:15)
<asynchronous suspension>
#128    TestWidgetsFlutterBinding._runTestBody (package:flutter_test/src/binding.dart:1952:5)
<asynchronous suspension>
<asynchronous suspension>
(elided 5 frames from dart:async and package:stack_trace)

The following RenderObject was being processed when the exception was fired: RenderViewport#0960b NEEDS-LAYOUT NEEDS-PAINT NEEDS-COMPOSITING-BITS-UPDATE:
  needs compositing
  creator: Viewport ← IgnorePointer-[GlobalKey#1df5d] ← Semantics ← Listener ← _GestureSemantics ←
    RawGestureDetector-[LabeledGlobalKey<RawGestureDetectorState>#25476] ← Listener ← _ScrollableScope
    ← _ScrollSemantics-[GlobalKey#e436e] ← NotificationListener<ScrollMetricsNotification> ← Transform
    ← StretchEffect ← ⋯
  parentData: <none> (can use size)
  constraints: BoxConstraints(w=375.0, h=555.0)
  size: Size(375.0, 555.0)
  axisDirection: down
  crossAxisDirection: right
  offset: ScrollPositionWithSingleContext#6a308(offset: 0.0, range: null..null, viewport: 555.0,
    ScrollableState, AlwaysScrollableScrollPhysics -> ClampingScrollPhysics ->
    RangeMaintainingScrollPhysics, IdleScrollActivity#a71c6, ScrollDirection.idle)
  anchor: 0.0
This RenderObject had the following descendants (showing up to depth 5):
    center child: RenderSliverPadding#1dcf9 relayoutBoundary=up1 NEEDS-PAINT NEEDS-COMPOSITING-BITS-UPDATE
      child: RenderSliverList#e4359 relayoutBoundary=up2 NEEDS-PAINT NEEDS-COMPOSITING-BITS-UPDATE
        child with index 0: RenderIndexedSemantics#93361 relayoutBoundary=up3 NEEDS-PAINT NEEDS-COMPOSITING-BITS-UPDATE
          child: RenderRepaintBoundary#a32ce relayoutBoundary=up4 NEEDS-PAINT NEEDS-COMPOSITING-BITS-UPDATE
            child: _RenderLayoutBuilder#aa379 relayoutBoundary=up5 NEEDS-PAINT NEEDS-COMPOSITING-BITS-UPDATE
        child with index 1: RenderIndexedSemantics#21bc4 relayoutBoundary=up3 NEEDS-PAINT NEEDS-COMPOSITING-BITS-UPDATE
          child: RenderRepaintBoundary#6f58d relayoutBoundary=up4 NEEDS-PAINT NEEDS-COMPOSITING-BITS-UPDATE
            child: RenderConstrainedBox#22064 relayoutBoundary=up5 NEEDS-PAINT
        child with index 2: RenderIndexedSemantics#64d05 relayoutBoundary=up3 NEEDS-PAINT NEEDS-COMPOSITING-BITS-UPDATE
          child: RenderRepaintBoundary#d8f87 relayoutBoundary=up4 NEEDS-PAINT NEEDS-COMPOSITING-BITS-UPDATE
            child: _RenderLayoutBuilder#aec03 relayoutBoundary=up5 NEEDS-PAINT NEEDS-COMPOSITING-BITS-UPDATE
        child with index 3: RenderIndexedSemantics#cc4e9 relayoutBoundary=up3 NEEDS-PAINT NEEDS-COMPOSITING-BITS-UPDATE
          child: RenderRepaintBoundary#3fdac relayoutBoundary=up4 NEEDS-PAINT NEEDS-COMPOSITING-BITS-UPDATE
            child: RenderConstrainedBox#8371d relayoutBoundary=up5 NEEDS-PAINT
        child with index 4: RenderIndexedSemantics#270ce relayoutBoundary=up3 NEEDS-PAINT NEEDS-COMPOSITING-BITS-UPDATE
          child: RenderRepaintBoundary#646b2 relayoutBoundary=up4 NEEDS-PAINT NEEDS-COMPOSITING-BITS-UPDATE
            child: RenderFlex#4c7fc relayoutBoundary=up5 NEEDS-PAINT NEEDS-COMPOSITING-BITS-UPDATE
════════════════════════════════════════════════════════════════════════════════════════════════════
══╡ EXCEPTION CAUGHT BY RENDERING LIBRARY ╞═════════════════════════════════════════════════════════
The following _TypeError was thrown during paint():
Null check operator used on a null value

The relevant error-causing widget was:
  ListView
  ListView:file:///C:/Users/adrie/Documents/Coelo.worktrees/e2-r02-d04-acessos/apps/superadmin/lib/features/safety/presentation/safety_pages.dart:132:17

When the exception was thrown, this was the stack:
#0      RenderViewportBase._paintContents (package:flutter/src/rendering/viewport.dart:998:25)
#1      RenderViewportBase.paint (package:flutter/src/rendering/viewport.dart:984:7)
#2      RenderObject._paintWithContext (package:flutter/src/rendering/object.dart:3568:7)
#3      PaintingContext._repaintCompositedChild (package:flutter/src/rendering/object.dart:180:11)
#4      PaintingContext.repaintCompositedChild (package:flutter/src/rendering/object.dart:125:5)
#5      PaintingContext._compositeChild (package:flutter/src/rendering/object.dart:276:7)
#6      PaintingContext.paintChild (package:flutter/src/rendering/object.dart:257:7)
#7      RenderProxyBoxMixin.paint (package:flutter/src/rendering/proxy_box.dart:143:13)
#8      RenderObject._paintWithContext (package:flutter/src/rendering/object.dart:3568:7)
#9      PaintingContext.paintChild (package:flutter/src/rendering/object.dart:265:13)
#10     RenderProxyBoxMixin.paint (package:flutter/src/rendering/proxy_box.dart:143:13)
#11     RenderObject._paintWithContext (package:flutter/src/rendering/object.dart:3568:7)
#12     PaintingContext.paintChild (package:flutter/src/rendering/object.dart:265:13)
#13     RenderProxyBoxMixin.paint (package:flutter/src/rendering/proxy_box.dart:143:13)
#14     RenderObject._paintWithContext (package:flutter/src/rendering/object.dart:3568:7)
#15     PaintingContext.paintChild (package:flutter/src/rendering/object.dart:265:13)
#16     RenderProxyBoxMixin.paint (package:flutter/src/rendering/proxy_box.dart:143:13)
#17     RenderObject._paintWithContext (package:flutter/src/rendering/object.dart:3568:7)
#18     PaintingContext.paintChild (package:flutter/src/rendering/object.dart:265:13)
#19     RenderProxyBoxMixin.paint (package:flutter/src/rendering/proxy_box.dart:143:13)
#20     RenderObject._paintWithContext (package:flutter/src/rendering/object.dart:3568:7)
#21     PaintingContext.paintChild (package:flutter/src/rendering/object.dart:265:13)
#22     RenderProxyBoxMixin.paint (package:flutter/src/rendering/proxy_box.dart:143:13)
#23     RenderObject._paintWithContext (package:flutter/src/rendering/object.dart:3568:7)
#24     PaintingContext.paintChild (package:flutter/src/rendering/object.dart:265:13)
#25     RenderProxyBoxMixin.paint (package:flutter/src/rendering/proxy_box.dart:143:13)
#26     RenderTransform.paint (package:flutter/src/rendering/proxy_box.dart:2756:17)
#27     RenderObject._paintWithContext (package:flutter/src/rendering/object.dart:3568:7)
#28     PaintingContext.paintChild (package:flutter/src/rendering/object.dart:265:13)
#29     RenderClipRect.paint (package:flutter/src/rendering/proxy_box.dart:1653:17)
#30     RenderObject._paintWithContext (package:flutter/src/rendering/object.dart:3568:7)
#31     PaintingContext.paintChild (package:flutter/src/rendering/object.dart:265:13)
#32     RenderBoxContainerDefaultsMixin.defaultPaint (package:flutter/src/rendering/box.dart:3368:15)
#33     RenderStack.paintStack (package:flutter/src/rendering/stack.dart:713:5)
#34     RenderStack.paint (package:flutter/src/rendering/stack.dart:729:7)
#35     RenderObject._paintWithContext (package:flutter/src/rendering/object.dart:3568:7)
#36     PaintingContext.paintChild (package:flutter/src/rendering/object.dart:265:13)
#37     _RenderColoredBox.paint (package:flutter/src/widgets/basic.dart:8570:15)
#38     RenderObject._paintWithContext (package:flutter/src/rendering/object.dart:3568:7)
#39     PaintingContext.paintChild (package:flutter/src/rendering/object.dart:265:13)
#40     _RenderLayoutBuilder.paint (package:flutter/src/widgets/layout_builder.dart:470:15)
#41     RenderObject._paintWithContext (package:flutter/src/rendering/object.dart:3568:7)
#42     PaintingContext.paintChild (package:flutter/src/rendering/object.dart:265:13)
#43     RenderBoxContainerDefaultsMixin.defaultPaint (package:flutter/src/rendering/box.dart:3368:15)
#44     RenderFlex.paint (package:flutter/src/rendering/flex.dart:1402:7)
#45     RenderObject._paintWithContext (package:flutter/src/rendering/object.dart:3568:7)
#46     PaintingContext.paintChild (package:flutter/src/rendering/object.dart:265:13)
#47     RenderBoxContainerDefaultsMixin.defaultPaint (package:flutter/src/rendering/box.dart:3368:15)
#48     RenderStack.paintStack (package:flutter/src/rendering/stack.dart:713:5)
#49     RenderStack.paint (package:flutter/src/rendering/stack.dart:729:7)
#50     RenderObject._paintWithContext (package:flutter/src/rendering/object.dart:3568:7)
#51     PaintingContext.paintChild (package:flutter/src/rendering/object.dart:265:13)
#52     RenderBoxContainerDefaultsMixin.defaultPaint (package:flutter/src/rendering/box.dart:3368:15)
#53     RenderCustomMultiChildLayoutBox.paint (package:flutter/src/rendering/custom_layout.dart:422:5)
#54     RenderObject._paintWithContext (package:flutter/src/rendering/object.dart:3568:7)
#55     PaintingContext.paintChild (package:flutter/src/rendering/object.dart:265:13)
#56     RenderProxyBoxMixin.paint (package:flutter/src/rendering/proxy_box.dart:143:13)
#57     _RenderInkFeatures.paint (package:flutter/src/material/material.dart:634:11)
#58     RenderObject._paintWithContext (package:flutter/src/rendering/object.dart:3568:7)
#59     PaintingContext.paintChild (package:flutter/src/rendering/object.dart:265:13)
#60     RenderProxyBoxMixin.paint (package:flutter/src/rendering/proxy_box.dart:143:13)
#61     RenderPhysicalModel.paint.<anonymous closure> (package:flutter/src/rendering/proxy_box.dart:2252:15)
#62     PaintingContext.pushClipRRect (package:flutter/src/rendering/object.dart:626:14)
#63     RenderPhysicalModel.paint (package:flutter/src/rendering/proxy_box.dart:2239:21)
#64     RenderObject._paintWithContext (package:flutter/src/rendering/object.dart:3568:7)
#65     PaintingContext.paintChild (package:flutter/src/rendering/object.dart:265:13)
#66     _RenderLayoutBuilder.paint (package:flutter/src/widgets/layout_builder.dart:470:15)
#67     RenderObject._paintWithContext (package:flutter/src/rendering/object.dart:3568:7)
#68     PaintingContext.paintChild (package:flutter/src/rendering/object.dart:265:13)
#69     RenderProxyBoxMixin.paint (package:flutter/src/rendering/proxy_box.dart:143:13)
#70     RenderObject._paintWithContext (package:flutter/src/rendering/object.dart:3568:7)
#71     PaintingContext.paintChild (package:flutter/src/rendering/object.dart:265:13)
#72     RenderProxyBoxMixin.paint (package:flutter/src/rendering/proxy_box.dart:143:13)
#73     RenderObject._paintWithContext (package:flutter/src/rendering/object.dart:3568:7)
#74     PaintingContext._repaintCompositedChild (package:flutter/src/rendering/object.dart:180:11)
#75     PaintingContext.repaintCompositedChild (package:flutter/src/rendering/object.dart:125:5)
#76     PaintingContext._compositeChild (package:flutter/src/rendering/object.dart:276:7)
#77     PaintingContext.paintChild (package:flutter/src/rendering/object.dart:257:7)
#78     RenderProxyBoxMixin.paint (package:flutter/src/rendering/proxy_box.dart:143:13)
#79     RenderObject._paintWithContext (package:flutter/src/rendering/object.dart:3568:7)
#80     PaintingContext.paintChild (package:flutter/src/rendering/object.dart:265:13)
#81     RenderProxyBoxMixin.paint (package:flutter/src/rendering/proxy_box.dart:143:13)
#82     RenderFractionalTranslation.paint (package:flutter/src/rendering/proxy_box.dart:3138:13)
#83     RenderObject._paintWithContext (package:flutter/src/rendering/object.dart:3568:7)
#84     PaintingContext.paintChild (package:flutter/src/rendering/object.dart:265:13)
#85     RenderProxyBoxMixin.paint (package:flutter/src/rendering/proxy_box.dart:143:13)
#86     RenderAnimatedOpacityMixin.paint (package:flutter/src/rendering/proxy_box.dart:1079:11)
#87     RenderObject._paintWithContext (package:flutter/src/rendering/object.dart:3568:7)
#88     PaintingContext._repaintCompositedChild (package:flutter/src/rendering/object.dart:180:11)
#89     PaintingContext.repaintCompositedChild (package:flutter/src/rendering/object.dart:125:5)
#90     PaintingContext._compositeChild (package:flutter/src/rendering/object.dart:276:7)
#91     PaintingContext.paintChild (package:flutter/src/rendering/object.dart:257:7)
#92     RenderProxyBoxMixin.paint (package:flutter/src/rendering/proxy_box.dart:143:13)
#93     RenderFractionalTranslation.paint (package:flutter/src/rendering/proxy_box.dart:3138:13)
#94     RenderObject._paintWithContext (package:flutter/src/rendering/object.dart:3568:7)
#95     PaintingContext.paintChild (package:flutter/src/rendering/object.dart:265:13)
#96     RenderProxyBoxMixin.paint (package:flutter/src/rendering/proxy_box.dart:143:13)
#97     RenderAnimatedOpacityMixin.paint (package:flutter/src/rendering/proxy_box.dart:1079:11)
#98     RenderObject._paintWithContext (package:flutter/src/rendering/object.dart:3568:7)
#99     PaintingContext._repaintCompositedChild (package:flutter/src/rendering/object.dart:180:11)
#100    PaintingContext.repaintCompositedChild (package:flutter/src/rendering/object.dart:125:5)
#101    PaintingContext._compositeChild (package:flutter/src/rendering/object.dart:276:7)
#102    PaintingContext.paintChild (package:flutter/src/rendering/object.dart:257:7)
#103    _RenderColoredBox.paint (package:flutter/src/widgets/basic.dart:8570:15)
#104    RenderObject._paintWithContext (package:flutter/src/rendering/object.dart:3568:7)
#105    PaintingContext.paintChild (package:flutter/src/rendering/object.dart:265:13)
#106    RenderProxyBoxMixin.paint (package:flutter/src/rendering/proxy_box.dart:143:13)
#107    RenderFractionalTranslation.paint (package:flutter/src/rendering/proxy_box.dart:3138:13)
#108    RenderObject._paintWithContext (package:flutter/src/rendering/object.dart:3568:7)
#109    PaintingContext.paintChild (package:flutter/src/rendering/object.dart:265:13)
#110    RenderProxyBoxMixin.paint (package:flutter/src/rendering/proxy_box.dart:143:13)
#111    RenderAnimatedOpacityMixin.paint (package:flutter/src/rendering/proxy_box.dart:1079:11)
#112    RenderObject._paintWithContext (package:flutter/src/rendering/object.dart:3568:7)
#113    PaintingContext._repaintCompositedChild (package:flutter/src/rendering/object.dart:180:11)
#114    PaintingContext.repaintCompositedChild (package:flutter/src/rendering/object.dart:125:5)
#115    PaintingContext._compositeChild (package:flutter/src/rendering/object.dart:276:7)
#116    PaintingContext.paintChild (package:flutter/src/rendering/object.dart:257:7)
#117    RenderProxyBoxMixin.paint (package:flutter/src/rendering/proxy_box.dart:143:13)
#118    RenderObject._paintWithContext (package:flutter/src/rendering/object.dart:3568:7)
#119    PaintingContext.paintChild (package:flutter/src/rendering/object.dart:265:13)
#120    RenderProxyBoxMixin.paint (package:flutter/src/rendering/proxy_box.dart:143:13)
#121    RenderFractionalTranslation.paint (package:flutter/src/rendering/proxy_box.dart:3138:13)
#122    RenderObject._paintWithContext (package:flutter/src/rendering/object.dart:3568:7)
#123    PaintingContext.paintChild (package:flutter/src/rendering/object.dart:265:13)
#124    RenderProxyBoxMixin.paint (package:flutter/src/rendering/proxy_box.dart:143:13)
#125    RenderAnimatedOpacityMixin.paint (package:flutter/src/rendering/proxy_box.dart:1079:11)
#126    RenderObject._paintWithContext (package:flutter/src/rendering/object.dart:3568:7)
#127    PaintingContext._repaintCompositedChild (package:flutter/src/rendering/object.dart:180:11)
#128    PaintingContext.repaintCompositedChild (package:flutter/src/rendering/object.dart:125:5)
#129    PaintingContext._compositeChild (package:flutter/src/rendering/object.dart:276:7)
#130    PaintingContext.paintChild (package:flutter/src/rendering/object.dart:257:7)
#131    RenderProxyBoxMixin.paint (package:flutter/src/rendering/proxy_box.dart:143:13)
#132    RenderObject._paintWithContext (package:flutter/src/rendering/object.dart:3568:7)
#133    PaintingContext._repaintCompositedChild (package:flutter/src/rendering/object.dart:180:11)
#134    PaintingContext.repaintCompositedChild (package:flutter/src/rendering/object.dart:125:5)
#135    PaintingContext._compositeChild (package:flutter/src/rendering/object.dart:276:7)
#136    PaintingContext.paintChild (package:flutter/src/rendering/object.dart:257:7)
#137    RenderProxyBoxMixin.paint (package:flutter/src/rendering/proxy_box.dart:143:13)
#138    RenderObject._paintWithContext (package:flutter/src/rendering/object.dart:3568:7)
#139    PaintingContext.paintChild (package:flutter/src/rendering/object.dart:265:13)
#140    RenderProxyBoxMixin.paint (package:flutter/src/rendering/proxy_box.dart:143:13)
#141    RenderOffstage.paint (package:flutter/src/rendering/proxy_box.dart:3943:11)
#142    RenderObject._paintWithContext (package:flutter/src/rendering/object.dart:3568:7)
#143    PaintingContext.paintChild (package:flutter/src/rendering/object.dart:265:13)
#144    RenderProxyBoxMixin.paint (package:flutter/src/rendering/proxy_box.dart:143:13)
#145    RenderObject._paintWithContext (package:flutter/src/rendering/object.dart:3568:7)
#146    PaintingContext.paintChild (package:flutter/src/rendering/object.dart:265:13)
#147    _RenderTheaterMixin.paint (package:flutter/src/widgets/overlay.dart:1159:15)
#148    _RenderTheater.paint (package:flutter/src/widgets/overlay.dart:1542:13)
#149    RenderObject._paintWithContext (package:flutter/src/rendering/object.dart:3568:7)
#150    PaintingContext.paintChild (package:flutter/src/rendering/object.dart:265:13)
#151    RenderProxyBoxMixin.paint (package:flutter/src/rendering/proxy_box.dart:143:13)
#152    RenderObject._paintWithContext (package:flutter/src/rendering/object.dart:3568:7)
#153    PaintingContext.paintChild (package:flutter/src/rendering/object.dart:265:13)
#154    RenderProxyBoxMixin.paint (package:flutter/src/rendering/proxy_box.dart:143:13)
#155    RenderObject._paintWithContext (package:flutter/src/rendering/object.dart:3568:7)
#156    PaintingContext.paintChild (package:flutter/src/rendering/object.dart:265:13)
#157    RenderProxyBoxMixin.paint (package:flutter/src/rendering/proxy_box.dart:143:13)
#158    RenderObject._paintWithContext (package:flutter/src/rendering/object.dart:3568:7)
#159    PaintingContext.paintChild (package:flutter/src/rendering/object.dart:265:13)
#160    RenderProxyBoxMixin.paint (package:flutter/src/rendering/proxy_box.dart:143:13)
#161    RenderCustomPaint.paint (package:flutter/src/rendering/custom_paint.dart:644:11)
#162    RenderObject._paintWithContext (package:flutter/src/rendering/object.dart:3568:7)
#163    PaintingContext.paintChild (package:flutter/src/rendering/object.dart:265:13)
#164    RenderProxyBoxMixin.paint (package:flutter/src/rendering/proxy_box.dart:143:13)
#165    RenderObject._paintWithContext (package:flutter/src/rendering/object.dart:3568:7)
#166    PaintingContext.paintChild (package:flutter/src/rendering/object.dart:265:13)
#167    RenderProxyBoxMixin.paint (package:flutter/src/rendering/proxy_box.dart:143:13)
#168    RenderObject._paintWithContext (package:flutter/src/rendering/object.dart:3568:7)
#169    PaintingContext.paintChild (package:flutter/src/rendering/object.dart:265:13)
#170    RenderProxyBoxMixin.paint (package:flutter/src/rendering/proxy_box.dart:143:13)
#171    RenderObject._paintWithContext (package:flutter/src/rendering/object.dart:3568:7)
#172    PaintingContext.paintChild (package:flutter/src/rendering/object.dart:265:13)
#173    RenderProxyBoxMixin.paint (package:flutter/src/rendering/proxy_box.dart:143:13)
#174    RenderObject._paintWithContext (package:flutter/src/rendering/object.dart:3568:7)
#175    PaintingContext.paintChild (package:flutter/src/rendering/object.dart:265:13)
#176    RenderProxyBoxMixin.paint (package:flutter/src/rendering/proxy_box.dart:143:13)
#177    RenderObject._paintWithContext (package:flutter/src/rendering/object.dart:3568:7)
#178    PaintingContext.paintChild (package:flutter/src/rendering/object.dart:265:13)
#179    RenderProxyBoxMixin.paint (package:flutter/src/rendering/proxy_box.dart:143:13)
#180    RenderObject._paintWithContext (package:flutter/src/rendering/object.dart:3568:7)
#181    PaintingContext.paintChild (package:flutter/src/rendering/object.dart:265:13)
#182    RenderView.paint (package:flutter/src/rendering/view.dart:320:15)
#183    RenderObject._paintWithContext (package:flutter/src/rendering/object.dart:3568:7)
#184    PaintingContext._repaintCompositedChild (package:flutter/src/rendering/object.dart:180:11)
#185    PaintingContext.repaintCompositedChild (package:flutter/src/rendering/object.dart:125:5)
#186    PipelineOwner.flushPaint (package:flutter/src/rendering/object.dart:1325:31)
#187    PipelineOwner.flushPaint (package:flutter/src/rendering/object.dart:1335:15)
#188    AutomatedTestWidgetsFlutterBinding.drawFrame (package:flutter_test/src/binding.dart:2437:31)
#189    RendererBinding._handlePersistentFrameCallback (package:flutter/src/rendering/binding.dart:509:5)
#190    SchedulerBinding._invokeFrameCallback (package:flutter/src/scheduler/binding.dart:1430:15)
#191    SchedulerBinding.handleDrawFrame (package:flutter/src/scheduler/binding.dart:1345:9)
#192    AutomatedTestWidgetsFlutterBinding.pump.<anonymous closure> (package:flutter_test/src/binding.dart:2260:9)
#195    TestAsyncUtils.guard (package:flutter_test/src/test_async_utils.dart:74:41)
#196    AutomatedTestWidgetsFlutterBinding.pump (package:flutter_test/src/binding.dart:2249:27)
#197    WidgetTester.pumpWidget.<anonymous closure> (package:flutter_test/src/widget_tester.dart:598:22)
#200    TestAsyncUtils.guard (package:flutter_test/src/test_async_utils.dart:74:41)
#201    WidgetTester.pumpWidget (package:flutter_test/src/widget_tester.dart:595:27)
#202    main.<anonymous closure> (file:///C:/Users/adrie/Documents/Coelo.worktrees/e2-r02-d04-acessos/apps/superadmin/test/features/safety/presentation/safety_pages_test.dart:452:22)
<asynchronous suspension>
#203    testWidgets.<anonymous closure>.<anonymous closure> (package:flutter_test/src/widget_tester.dart:192:15)
<asynchronous suspension>
#204    TestWidgetsFlutterBinding._runTestBody (package:flutter_test/src/binding.dart:1952:5)
<asynchronous suspension>
<asynchronous suspension>
(elided 5 frames from dart:async and package:stack_trace)

The following RenderObject was being processed when the exception was fired: RenderViewport#0960b:
  needs compositing
  creator: Viewport ← IgnorePointer-[GlobalKey#1df5d] ← Semantics ← Listener ← _GestureSemantics ←
    RawGestureDetector-[LabeledGlobalKey<RawGestureDetectorState>#25476] ← Listener ← _ScrollableScope
    ← _ScrollSemantics-[GlobalKey#e436e] ← NotificationListener<ScrollMetricsNotification> ← Transform
    ← StretchEffect ← ⋯
  parentData: <none> (can use size)
  constraints: BoxConstraints(w=375.0, h=555.0)
  layer: OffsetLayer#8859e DETACHED
  size: Size(375.0, 555.0)
  axisDirection: down
  crossAxisDirection: right
  offset: ScrollPositionWithSingleContext#6a308(offset: 0.0, range: null..null, viewport: 555.0,
    ScrollableState, AlwaysScrollableScrollPhysics -> ClampingScrollPhysics ->
    RangeMaintainingScrollPhysics, IdleScrollActivity#a71c6, ScrollDirection.idle)
  anchor: 0.0
This RenderObject had the following descendants (showing up to depth 5):
    center child: RenderSliverPadding#1dcf9 relayoutBoundary=up1 NEEDS-PAINT
      child: RenderSliverList#e4359 relayoutBoundary=up2 NEEDS-PAINT
        child with index 0: RenderIndexedSemantics#93361 relayoutBoundary=up3 NEEDS-PAINT
          child: RenderRepaintBoundary#a32ce relayoutBoundary=up4 NEEDS-PAINT
            child: _RenderLayoutBuilder#aa379 relayoutBoundary=up5 NEEDS-PAINT
        child with index 1: RenderIndexedSemantics#21bc4 relayoutBoundary=up3 NEEDS-PAINT
          child: RenderRepaintBoundary#6f58d relayoutBoundary=up4 NEEDS-PAINT
            child: RenderConstrainedBox#22064 relayoutBoundary=up5 NEEDS-PAINT
        child with index 2: RenderIndexedSemantics#64d05 relayoutBoundary=up3 NEEDS-PAINT
          child: RenderRepaintBoundary#d8f87 relayoutBoundary=up4 NEEDS-PAINT
            child: _RenderLayoutBuilder#aec03 relayoutBoundary=up5 NEEDS-PAINT
        child with index 3: RenderIndexedSemantics#cc4e9 relayoutBoundary=up3 NEEDS-PAINT
          child: RenderRepaintBoundary#3fdac relayoutBoundary=up4 NEEDS-PAINT
            child: RenderConstrainedBox#8371d relayoutBoundary=up5 NEEDS-PAINT
        child with index 4: RenderIndexedSemantics#270ce relayoutBoundary=up3 NEEDS-PAINT
          child: RenderRepaintBoundary#646b2 relayoutBoundary=up4 NEEDS-PAINT
            child: RenderFlex#4c7fc relayoutBoundary=up5 NEEDS-PAINT
════════════════════════════════════════════════════════════════════════════════════════════════════
══╡ EXCEPTION CAUGHT BY SCHEDULER LIBRARY ╞═════════════════════════════════════════════════════════
The following _TypeError was thrown during a scheduler callback:
Null check operator used on a null value

When the exception was thrown, this was the stack:
#0      RenderViewportBase.visitChildrenForSemantics.<anonymous closure> (package:flutter/src/rendering/viewport.dart:478:30)
#1      WhereIterator.moveNext (dart:_internal/iterable.dart:468:13)
#2      Iterable.forEach (dart:core/iterable.dart:366:23)
#3      RenderViewportBase.visitChildrenForSemantics (package:flutter/src/rendering/viewport.dart:482:10)
#4      _RenderObjectSemantics.isBlockingPreviousSibling (package:flutter/src/rendering/object.dart:5737:18)
#5      _RenderObjectSemantics.isBlockingPreviousSibling.<anonymous closure> (package:flutter/src/rendering/object.dart:5739:26)
#6      RenderObjectWithChildMixin.visitChildren (package:flutter/src/rendering/object.dart:4244:14)
#7      RenderObject.visitChildrenForSemantics (package:flutter/src/rendering/object.dart:3929:5)
#8      RenderIgnorePointer.visitChildrenForSemantics (package:flutter/src/rendering/proxy_box.dart:3806:11)
#9      _RenderObjectSemantics.isBlockingPreviousSibling (package:flutter/src/rendering/object.dart:5737:18)
#10     _RenderObjectSemantics.isBlockingPreviousSibling.<anonymous closure> (package:flutter/src/rendering/object.dart:5739:26)
#11     RenderObjectWithChildMixin.visitChildren (package:flutter/src/rendering/object.dart:4244:14)
#12     RenderObject.visitChildrenForSemantics (package:flutter/src/rendering/object.dart:3929:5)
#13     SemanticsAnnotationsMixin.visitChildrenForSemantics (package:flutter/src/rendering/object.dart:4923:11)
#14     _RenderObjectSemantics.isBlockingPreviousSibling (package:flutter/src/rendering/object.dart:5737:18)
#15     _RenderObjectSemantics.isBlockingPreviousSibling.<anonymous closure> (package:flutter/src/rendering/object.dart:5739:26)
#16     RenderObjectWithChildMixin.visitChildren (package:flutter/src/rendering/object.dart:4244:14)
#17     RenderObject.visitChildrenForSemantics (package:flutter/src/rendering/object.dart:3929:5)
#18     _RenderObjectSemantics.isBlockingPreviousSibling (package:flutter/src/rendering/object.dart:5737:18)
#19     _RenderObjectSemantics.isBlockingPreviousSibling.<anonymous closure> (package:flutter/src/rendering/object.dart:5739:26)
#20     RenderObjectWithChildMixin.visitChildren (package:flutter/src/rendering/object.dart:4244:14)
#21     RenderObject.visitChildrenForSemantics (package:flutter/src/rendering/object.dart:3929:5)
#22     _RenderObjectSemantics.isBlockingPreviousSibling (package:flutter/src/rendering/object.dart:5737:18)
#23     _RenderObjectSemantics.isBlockingPreviousSibling.<anonymous closure> (package:flutter/src/rendering/object.dart:5739:26)
#24     RenderObjectWithChildMixin.visitChildren (package:flutter/src/rendering/object.dart:4244:14)
#25     RenderObject.visitChildrenForSemantics (package:flutter/src/rendering/object.dart:3929:5)
#26     _RenderObjectSemantics.isBlockingPreviousSibling (package:flutter/src/rendering/object.dart:5737:18)
#27     _RenderObjectSemantics._getNonBlockedChildren.<anonymous closure> (package:flutter/src/rendering/object.dart:5926:34)
#28     RenderObjectWithChildMixin.visitChildren (package:flutter/src/rendering/object.dart:4244:14)
#29     RenderObject.visitChildrenForSemantics (package:flutter/src/rendering/object.dart:3929:5)
#30     _RenderObjectSemantics._getNonBlockedChildren (package:flutter/src/rendering/object.dart:5925:18)
#31     _RenderObjectSemantics._collectChildMergeUpAndSiblingGroup (package:flutter/src/rendering/object.dart:5993:57)
#32     _RenderObjectSemantics.updateChildren (package:flutter/src/rendering/object.dart:5825:50)
#33     _RenderObjectSemantics._didUpdateParentData (package:flutter/src/rendering/object.dart:6071:5)
#34     _RenderObjectSemantics._collectChildMergeUpAndSiblingGroup (package:flutter/src/rendering/object.dart:5995:22)
#35     _RenderObjectSemantics.updateChildren (package:flutter/src/rendering/object.dart:5825:50)
#36     _RenderObjectSemantics._didUpdateParentData (package:flutter/src/rendering/object.dart:6071:5)
#37     _RenderObjectSemantics._collectChildMergeUpAndSiblingGroup (package:flutter/src/rendering/object.dart:5995:22)
#38     _RenderObjectSemantics.updateChildren (package:flutter/src/rendering/object.dart:5825:50)
#39     _RenderObjectSemantics._didUpdateParentData (package:flutter/src/rendering/object.dart:6071:5)
#40     _RenderObjectSemantics._collectChildMergeUpAndSiblingGroup (package:flutter/src/rendering/object.dart:5995:22)
#41     _RenderObjectSemantics.updateChildren (package:flutter/src/rendering/object.dart:5825:50)
#42     _RenderObjectSemantics._didUpdateParentData (package:flutter/src/rendering/object.dart:6071:5)
#43     _RenderObjectSemantics._collectChildMergeUpAndSiblingGroup (package:flutter/src/rendering/object.dart:5995:22)
#44     _RenderObjectSemantics.updateChildren (package:flutter/src/rendering/object.dart:5825:50)
#45     _RenderObjectSemantics._didUpdateParentData (package:flutter/src/rendering/object.dart:6071:5)
#46     _RenderObjectSemantics._collectChildMergeUpAndSiblingGroup (package:flutter/src/rendering/object.dart:5995:22)
#47     _RenderObjectSemantics.updateChildren (package:flutter/src/rendering/object.dart:5825:50)
#48     _RenderObjectSemantics._didUpdateParentData (package:flutter/src/rendering/object.dart:6071:5)
#49     _RenderObjectSemantics._collectChildMergeUpAndSiblingGroup (package:flutter/src/rendering/object.dart:5995:22)
#50     _RenderObjectSemantics.updateChildren (package:flutter/src/rendering/object.dart:5825:50)
#51     _RenderObjectSemantics._didUpdateParentData (package:flutter/src/rendering/object.dart:6071:5)
#52     _RenderObjectSemantics._collectChildMergeUpAndSiblingGroup (package:flutter/src/rendering/object.dart:5995:22)
#53     _RenderObjectSemantics.updateChildren (package:flutter/src/rendering/object.dart:5825:50)
#54     _RenderObjectSemantics._didUpdateParentData (package:flutter/src/rendering/object.dart:6071:5)
#55     _RenderObjectSemantics._collectChildMergeUpAndSiblingGroup (package:flutter/src/rendering/object.dart:5995:22)
#56     _RenderObjectSemantics.updateChildren (package:flutter/src/rendering/object.dart:5825:50)
#57     _RenderObjectSemantics._didUpdateParentData (package:flutter/src/rendering/object.dart:6071:5)
#58     _RenderObjectSemantics._collectChildMergeUpAndSiblingGroup (package:flutter/src/rendering/object.dart:5995:22)
#59     _RenderObjectSemantics.updateChildren (package:flutter/src/rendering/object.dart:5825:50)
#60     _RenderObjectSemantics._didUpdateParentData (package:flutter/src/rendering/object.dart:6071:5)
#61     _RenderObjectSemantics._collectChildMergeUpAndSiblingGroup (package:flutter/src/rendering/object.dart:5995:22)
#62     _RenderObjectSemantics.updateChildren (package:flutter/src/rendering/object.dart:5825:50)
#63     _RenderObjectSemantics._didUpdateParentData (package:flutter/src/rendering/object.dart:6071:5)
#64     _RenderObjectSemantics._collectChildMergeUpAndSiblingGroup (package:flutter/src/rendering/object.dart:5995:22)
#65     _RenderObjectSemantics.updateChildren (package:flutter/src/rendering/object.dart:5825:50)
#66     _RenderObjectSemantics._didUpdateParentData (package:flutter/src/rendering/object.dart:6071:5)
#67     _RenderObjectSemantics._collectChildMergeUpAndSiblingGroup (package:flutter/src/rendering/object.dart:5995:22)
#68     _RenderObjectSemantics.updateChildren (package:flutter/src/rendering/object.dart:5825:50)
#69     _RenderObjectSemantics._didUpdateParentData (package:flutter/src/rendering/object.dart:6071:5)
#70     _RenderObjectSemantics._collectChildMergeUpAndSiblingGroup (package:flutter/src/rendering/object.dart:5995:22)
#71     _RenderObjectSemantics.updateChildren (package:flutter/src/rendering/object.dart:5825:50)
#72     _RenderObjectSemantics._didUpdateParentData (package:flutter/src/rendering/object.dart:6071:5)
#73     _RenderObjectSemantics._collectChildMergeUpAndSiblingGroup (package:flutter/src/rendering/object.dart:5995:22)
#74     _RenderObjectSemantics.updateChildren (package:flutter/src/rendering/object.dart:5825:50)
#75     _RenderObjectSemantics._didUpdateParentData (package:flutter/src/rendering/object.dart:6071:5)
#76     _RenderObjectSemantics._collectChildMergeUpAndSiblingGroup (package:flutter/src/rendering/object.dart:5995:22)
#77     _RenderObjectSemantics.updateChildren (package:flutter/src/rendering/object.dart:5825:50)
#78     _RenderObjectSemantics._didUpdateParentData (package:flutter/src/rendering/object.dart:6071:5)
#79     _RenderObjectSemantics._collectChildMergeUpAndSiblingGroup (package:flutter/src/rendering/object.dart:5995:22)
#80     _RenderObjectSemantics.updateChildren (package:flutter/src/rendering/object.dart:5825:50)
#81     _RenderObjectSemantics._didUpdateParentData (package:flutter/src/rendering/object.dart:6071:5)
#82     _RenderObjectSemantics._collectChildMergeUpAndSiblingGroup (package:flutter/src/rendering/object.dart:5995:22)
#83     _RenderObjectSemantics.updateChildren (package:flutter/src/rendering/object.dart:5825:50)
#84     _RenderObjectSemantics._didUpdateParentData (package:flutter/src/rendering/object.dart:6071:5)
#85     _RenderObjectSemantics._collectChildMergeUpAndSiblingGroup (package:flutter/src/rendering/object.dart:5995:22)
#86     _RenderObjectSemantics.updateChildren (package:flutter/src/rendering/object.dart:5825:50)
#87     _RenderObjectSemantics._didUpdateParentData (package:flutter/src/rendering/object.dart:6071:5)
#88     _RenderObjectSemantics._collectChildMergeUpAndSiblingGroup (package:flutter/src/rendering/object.dart:5995:22)
#89     _RenderObjectSemantics.updateChildren (package:flutter/src/rendering/object.dart:5825:50)
#90     _RenderObjectSemantics._didUpdateParentData (package:flutter/src/rendering/object.dart:6071:5)
#91     _RenderObjectSemantics._collectChildMergeUpAndSiblingGroup (package:flutter/src/rendering/object.dart:5995:22)
#92     _RenderObjectSemantics.updateChildren (package:flutter/src/rendering/object.dart:5825:50)
#93     _RenderObjectSemantics._didUpdateParentData (package:flutter/src/rendering/object.dart:6071:5)
#94     _RenderObjectSemantics._collectChildMergeUpAndSiblingGroup (package:flutter/src/rendering/object.dart:5995:22)
#95     _RenderObjectSemantics.updateChildren (package:flutter/src/rendering/object.dart:5825:50)
#96     _RenderObjectSemantics._didUpdateParentData (package:flutter/src/rendering/object.dart:6071:5)
#97     _RenderObjectSemantics._collectChildMergeUpAndSiblingGroup (package:flutter/src/rendering/object.dart:5995:22)
#98     _RenderObjectSemantics.updateChildren (package:flutter/src/rendering/object.dart:5825:50)
#99     _RenderObjectSemantics._didUpdateParentData (package:flutter/src/rendering/object.dart:6071:5)
#100    _RenderObjectSemantics._collectChildMergeUpAndSiblingGroup (package:flutter/src/rendering/object.dart:5995:22)
#101    _RenderObjectSemantics.updateChildren (package:flutter/src/rendering/object.dart:5825:50)
#102    _RenderObjectSemantics._didUpdateParentData (package:flutter/src/rendering/object.dart:6071:5)
#103    _RenderObjectSemantics._collectChildMergeUpAndSiblingGroup (package:flutter/src/rendering/object.dart:5995:22)
#104    _RenderObjectSemantics.updateChildren (package:flutter/src/rendering/object.dart:5825:50)
#105    _RenderObjectSemantics._didUpdateParentData (package:flutter/src/rendering/object.dart:6071:5)
#106    _RenderObjectSemantics._collectChildMergeUpAndSiblingGroup (package:flutter/src/rendering/object.dart:5995:22)
#107    _RenderObjectSemantics.updateChildren (package:flutter/src/rendering/object.dart:5825:50)
#108    _RenderObjectSemantics._didUpdateParentData (package:flutter/src/rendering/object.dart:6071:5)
#109    _RenderObjectSemantics._collectChildMergeUpAndSiblingGroup (package:flutter/src/rendering/object.dart:5995:22)
#110    _RenderObjectSemantics.updateChildren (package:flutter/src/rendering/object.dart:5825:50)
#111    _RenderObjectSemantics._didUpdateParentData (package:flutter/src/rendering/object.dart:6071:5)
#112    _RenderObjectSemantics._collectChildMergeUpAndSiblingGroup (package:flutter/src/rendering/object.dart:5995:22)
#113    _RenderObjectSemantics.updateChildren (package:flutter/src/rendering/object.dart:5825:50)
#114    _RenderObjectSemantics._didUpdateParentData (package:flutter/src/rendering/object.dart:6071:5)
#115    _RenderObjectSemantics._collectChildMergeUpAndSiblingGroup (package:flutter/src/rendering/object.dart:5995:22)
#116    _RenderObjectSemantics.updateChildren (package:flutter/src/rendering/object.dart:5825:50)
#117    _RenderObjectSemantics._didUpdateParentData (package:flutter/src/rendering/object.dart:6071:5)
#118    _RenderObjectSemantics._collectChildMergeUpAndSiblingGroup (package:flutter/src/rendering/object.dart:5995:22)
#119    _RenderObjectSemantics.updateChildren (package:flutter/src/rendering/object.dart:5825:50)
#120    _RenderObjectSemantics._didUpdateParentData (package:flutter/src/rendering/object.dart:6071:5)
#121    _RenderObjectSemantics._collectChildMergeUpAndSiblingGroup (package:flutter/src/rendering/object.dart:5995:22)
#122    _RenderObjectSemantics.updateChildren (package:flutter/src/rendering/object.dart:5825:50)
#123    _RenderObjectSemantics._didUpdateParentData (package:flutter/src/rendering/object.dart:6071:5)
#124    _RenderObjectSemantics._collectChildMergeUpAndSiblingGroup (package:flutter/src/rendering/object.dart:5995:22)
#125    _RenderObjectSemantics.updateChildren (package:flutter/src/rendering/object.dart:5825:50)
#126    _RenderObjectSemantics._didUpdateParentData (package:flutter/src/rendering/object.dart:6071:5)
#127    _RenderObjectSemantics._collectChildMergeUpAndSiblingGroup (package:flutter/src/rendering/object.dart:5995:22)
#128    _RenderObjectSemantics.updateChildren (package:flutter/src/rendering/object.dart:5825:50)
#129    _RenderObjectSemantics._didUpdateParentData (package:flutter/src/rendering/object.dart:6071:5)
#130    _RenderObjectSemantics._collectChildMergeUpAndSiblingGroup (package:flutter/src/rendering/object.dart:5995:22)
#131    _RenderObjectSemantics.updateChildren (package:flutter/src/rendering/object.dart:5825:50)
#132    _RenderObjectSemantics._didUpdateParentData (package:flutter/src/rendering/object.dart:6071:5)
#133    _RenderObjectSemantics._collectChildMergeUpAndSiblingGroup (package:flutter/src/rendering/object.dart:5995:22)
#134    _RenderObjectSemantics.updateChildren (package:flutter/src/rendering/object.dart:5825:50)
#135    _RenderObjectSemantics._didUpdateParentData (package:flutter/src/rendering/object.dart:6071:5)
#136    _RenderObjectSemantics._collectChildMergeUpAndSiblingGroup (package:flutter/src/rendering/object.dart:5995:22)
#137    _RenderObjectSemantics.updateChildren (package:flutter/src/rendering/object.dart:5825:50)
#138    _RenderObjectSemantics._didUpdateParentData (package:flutter/src/rendering/object.dart:6071:5)
#139    _RenderObjectSemantics._collectChildMergeUpAndSiblingGroup (package:flutter/src/rendering/object.dart:5995:22)
#140    _RenderObjectSemantics.updateChildren (package:flutter/src/rendering/object.dart:5825:50)
#141    _RenderObjectSemantics._didUpdateParentData (package:flutter/src/rendering/object.dart:6071:5)
#142    _RenderObjectSemantics._collectChildMergeUpAndSiblingGroup (package:flutter/src/rendering/object.dart:5995:22)
#143    _RenderObjectSemantics.updateChildren (package:flutter/src/rendering/object.dart:5825:50)
#144    _RenderObjectSemantics._didUpdateParentData (package:flutter/src/rendering/object.dart:6071:5)
#145    _RenderObjectSemantics._collectChildMergeUpAndSiblingGroup (package:flutter/src/rendering/object.dart:5995:22)
#146    _RenderObjectSemantics.updateChildren (package:flutter/src/rendering/object.dart:5825:50)
#147    _RenderObjectSemantics._didUpdateParentData (package:flutter/src/rendering/object.dart:6071:5)
#148    _RenderObjectSemantics._collectChildMergeUpAndSiblingGroup (package:flutter/src/rendering/object.dart:5995:22)
#149    _RenderObjectSemantics.updateChildren (package:flutter/src/rendering/object.dart:5825:50)
#150    _RenderObjectSemantics._didUpdateParentData (package:flutter/src/rendering/object.dart:6071:5)
#151    _RenderObjectSemantics._collectChildMergeUpAndSiblingGroup (package:flutter/src/rendering/object.dart:5995:22)
#152    _RenderObjectSemantics.updateChildren (package:flutter/src/rendering/object.dart:5825:50)
#153    PipelineOwner.flushSemantics (package:flutter/src/rendering/object.dart:1489:25)
#154    PipelineOwner.flushSemantics (package:flutter/src/rendering/object.dart:1653:15)
#155    AutomatedTestWidgetsFlutterBinding.drawFrame (package:flutter_test/src/binding.dart:2444:35)
#156    RendererBinding._handlePersistentFrameCallback (package:flutter/src/rendering/binding.dart:509:5)
#157    SchedulerBinding._invokeFrameCallback (package:flutter/src/scheduler/binding.dart:1430:15)
#158    SchedulerBinding.handleDrawFrame (package:flutter/src/scheduler/binding.dart:1345:9)
#159    AutomatedTestWidgetsFlutterBinding.pump.<anonymous closure> (package:flutter_test/src/binding.dart:2260:9)
#162    TestAsyncUtils.guard (package:flutter_test/src/test_async_utils.dart:74:41)
#163    AutomatedTestWidgetsFlutterBinding.pump (package:flutter_test/src/binding.dart:2249:27)
#164    WidgetTester.pumpWidget.<anonymous closure> (package:flutter_test/src/widget_tester.dart:598:22)
#167    TestAsyncUtils.guard (package:flutter_test/src/test_async_utils.dart:74:41)
#168    WidgetTester.pumpWidget (package:flutter_test/src/widget_tester.dart:595:27)
#169    main.<anonymous closure> (file:///C:/Users/adrie/Documents/Coelo.worktrees/e2-r02-d04-acessos/apps/superadmin/test/features/safety/presentation/safety_pages_test.dart:452:22)
<asynchronous suspension>
#170    testWidgets.<anonymous closure>.<anonymous closure> (package:flutter_test/src/widget_tester.dart:192:15)
<asynchronous suspension>
#171    TestWidgetsFlutterBinding._runTestBody (package:flutter_test/src/binding.dart:1952:5)
<asynchronous suspension>
<asynchronous suspension>
(elided 5 frames from dart:async and package:stack_trace)
════════════════════════════════════════════════════════════════════════════════════════════════════
══╡ EXCEPTION CAUGHT BY RENDERING LIBRARY ╞═════════════════════════════════════════════════════════
The following assertion was thrown during performLayout():
RenderBox was not laid out: RenderFlex#4499c relayoutBoundary=up7 NEEDS-PAINT
'package:flutter/src/rendering/box.dart':
Failed assertion: line 2251 pos 12: 'hasSize'

Either the assertion indicates an error in the framework itself, or we should provide substantially
more information in this error message to help you determine and fix the underlying cause.
In either case, please report this assertion by filing a bug on GitHub:
  https://github.com/flutter/flutter/issues/new?template=02_bug.yml

The relevant error-causing widget was:
  LayoutBuilder
  LayoutBuilder:file:///C:/Users/adrie/Documents/Coelo.worktrees/e2-r02-d04-acessos/apps/superadmin/lib/features/safety/presentation/safety_pages.dart:274:11

When the exception was thrown, this was the stack:
#2      RenderBox.size (package:flutter/src/rendering/box.dart:2251:12)
#3      RenderBox.debugResetSize (package:flutter/src/rendering/box.dart:2442:12)
#4      RenderObject.layout.<anonymous closure> (package:flutter/src/rendering/object.dart:2856:9)
#5      RenderObject.layout (package:flutter/src/rendering/object.dart:2861:8)
#6      _RenderLayoutBuilder.performLayout (package:flutter/src/widgets/layout_builder.dart:449:14)
#7      RenderObject.layout (package:flutter/src/rendering/object.dart:2907:7)
#8      ChildLayoutHelper.layoutChild (package:flutter/src/rendering/layout_helper.dart:62:11)
#9      RenderFlex._computeSizes (package:flutter/src/rendering/flex.dart:1237:28)
#10     RenderFlex.performLayout (package:flutter/src/rendering/flex.dart:1329:32)
#11     RenderObject.layout (package:flutter/src/rendering/object.dart:2907:7)
#12     RenderProxyBoxMixin.performLayout (package:flutter/src/rendering/proxy_box.dart:118:18)
#13     RenderObject.layout (package:flutter/src/rendering/object.dart:2907:7)
#14     RenderProxyBoxMixin.performLayout (package:flutter/src/rendering/proxy_box.dart:118:18)
#15     RenderObject.layout (package:flutter/src/rendering/object.dart:2907:7)
#16     RenderSliverList.performLayout.advance (package:flutter/src/rendering/sliver_list.dart:249:18)
#17     RenderSliverList.performLayout (package:flutter/src/rendering/sliver_list.dart:278:12)
#18     RenderObject.layout (package:flutter/src/rendering/object.dart:2907:7)
#19     RenderSliverEdgeInsetsPadding.performLayout (package:flutter/src/rendering/sliver_padding.dart:133:12)
#20     RenderSliverPadding.performLayout (package:flutter/src/rendering/sliver_padding.dart:368:11)
#21     RenderObject.layout (package:flutter/src/rendering/object.dart:2907:7)
#22     RenderViewportBase.layoutChildSequence (package:flutter/src/rendering/viewport.dart:821:13)
#23     RenderViewport._attemptLayout (package:flutter/src/rendering/viewport.dart:1831:12)
#24     RenderViewport.performLayout (package:flutter/src/rendering/viewport.dart:1724:20)
#25     RenderObject._layoutWithoutResize (package:flutter/src/rendering/object.dart:2755:7)
#26     PipelineOwner.flushLayout (package:flutter/src/rendering/object.dart:1174:18)
#27     PipelineOwner.flushLayout (package:flutter/src/rendering/object.dart:1187:15)
#28     AutomatedTestWidgetsFlutterBinding.drawFrame (package:flutter_test/src/binding.dart:2433:27)
#29     RendererBinding._handlePersistentFrameCallback (package:flutter/src/rendering/binding.dart:509:5)
#30     SchedulerBinding._invokeFrameCallback (package:flutter/src/scheduler/binding.dart:1430:15)
#31     SchedulerBinding.handleDrawFrame (package:flutter/src/scheduler/binding.dart:1345:9)
#32     AutomatedTestWidgetsFlutterBinding.pump.<anonymous closure> (package:flutter_test/src/binding.dart:2260:9)
#35     TestAsyncUtils.guard (package:flutter_test/src/test_async_utils.dart:74:41)
#36     AutomatedTestWidgetsFlutterBinding.pump (package:flutter_test/src/binding.dart:2249:27)
#37     WidgetTester.pumpAndSettle.<anonymous closure> (package:flutter_test/src/widget_tester.dart:719:23)
#40     TestAsyncUtils.guard (package:flutter_test/src/test_async_utils.dart:74:41)
#41     WidgetTester.pumpAndSettle (package:flutter_test/src/widget_tester.dart:712:27)
#42     main.<anonymous closure> (file:///C:/Users/adrie/Documents/Coelo.worktrees/e2-r02-d04-acessos/apps/superadmin/test/features/safety/presentation/safety_pages_test.dart:465:22)
<asynchronous suspension>
#43     testWidgets.<anonymous closure>.<anonymous closure> (package:flutter_test/src/widget_tester.dart:192:15)
<asynchronous suspension>
#44     TestWidgetsFlutterBinding._runTestBody (package:flutter_test/src/binding.dart:1952:5)
<asynchronous suspension>
<asynchronous suspension>
(elided 7 frames from class _AssertionError, dart:async, and package:stack_trace)

The following RenderObject was being processed when the exception was fired: _RenderLayoutBuilder#6891d relayoutBoundary=up6 NEEDS-LAYOUT NEEDS-PAINT:
  creator: LayoutBuilder ← Column ← RepaintBoundary ← IndexedSemantics ← _SelectionKeepAlive ←
    NotificationListener<KeepAliveNotification> ← KeepAlive ← AutomaticKeepAlive ← KeyedSubtree ←
    SliverList ← SliverPadding ← Viewport ← ⋯
  parentData: offset=Offset(0.0, 0.0); flex=null; fit=null (can use size)
  constraints: BoxConstraints(0.0<=w<=343.0, 0.0<=h<=Infinity)
  size: MISSING
This RenderObject had the following descendants (showing up to depth 5):
    child: RenderFlex#4499c relayoutBoundary=up7 NEEDS-PAINT
      child 1: RenderIntrinsicHeight#93eae relayoutBoundary=up8 NEEDS-PAINT
        child: RenderFlex#714e7 relayoutBoundary=up9 NEEDS-PAINT
          child 1: RenderConstrainedBox#e7f30 NEEDS-PAINT
            child: RenderSemanticsAnnotations#05615 NEEDS-PAINT
      child 2: RenderConstrainedBox#1a8b0 relayoutBoundary=up8 NEEDS-PAINT
      child 3: RenderIntrinsicHeight#8803c relayoutBoundary=up8 NEEDS-PAINT
        child: RenderFlex#a3632 NEEDS-LAYOUT NEEDS-PAINT
          child 1: RenderConstrainedBox#b0419 NEEDS-LAYOUT NEEDS-PAINT
            child: RenderMouseRegion#cc791 NEEDS-LAYOUT NEEDS-PAINT
      child 4: RenderConstrainedBox#eda08 NEEDS-LAYOUT NEEDS-PAINT
      child 5: RenderIntrinsicHeight#ba78c NEEDS-LAYOUT NEEDS-PAINT
        child: RenderFlex#a9217 NEEDS-LAYOUT NEEDS-PAINT
          child 1: RenderConstrainedBox#99800 NEEDS-LAYOUT NEEDS-PAINT
            child: RenderMouseRegion#71cb2 NEEDS-LAYOUT NEEDS-PAINT
      child 6: RenderConstrainedBox#4ffd3 NEEDS-LAYOUT NEEDS-PAINT
      child 7: RenderIntrinsicHeight#78451 NEEDS-LAYOUT NEEDS-PAINT
        child: RenderFlex#66e48 NEEDS-LAYOUT NEEDS-PAINT
          child 1: RenderConstrainedBox#7686b NEEDS-LAYOUT NEEDS-PAINT
            child: RenderMouseRegion#211e0 NEEDS-LAYOUT NEEDS-PAINT
════════════════════════════════════════════════════════════════════════════════════════════════════
══╡ EXCEPTION CAUGHT BY RENDERING LIBRARY ╞═════════════════════════════════════════════════════════
The following assertion was thrown during performLayout():
RenderBox was not laid out: _RenderLayoutBuilder#6891d relayoutBoundary=up6 NEEDS-PAINT
'package:flutter/src/rendering/box.dart':
Failed assertion: line 2251 pos 12: 'hasSize'

Either the assertion indicates an error in the framework itself, or we should provide substantially
more information in this error message to help you determine and fix the underlying cause.
In either case, please report this assertion by filing a bug on GitHub:
  https://github.com/flutter/flutter/issues/new?template=02_bug.yml

The relevant error-causing widget was:
  Column
  Column:file:///C:/Users/adrie/Documents/Coelo.worktrees/e2-r02-d04-acessos/apps/superadmin/lib/features/safety/presentation/safety_pages.dart:271:12

When the exception was thrown, this was the stack:
#2      RenderBox.size (package:flutter/src/rendering/box.dart:2251:12)
#3      ChildLayoutHelper.layoutChild (package:flutter/src/rendering/layout_helper.dart:63:18)
#4      RenderFlex._computeSizes (package:flutter/src/rendering/flex.dart:1237:28)
#5      RenderFlex.performLayout (package:flutter/src/rendering/flex.dart:1329:32)
#6      RenderObject.layout (package:flutter/src/rendering/object.dart:2907:7)
#7      RenderProxyBoxMixin.performLayout (package:flutter/src/rendering/proxy_box.dart:118:18)
#8      RenderObject.layout (package:flutter/src/rendering/object.dart:2907:7)
#9      RenderProxyBoxMixin.performLayout (package:flutter/src/rendering/proxy_box.dart:118:18)
#10     RenderObject.layout (package:flutter/src/rendering/object.dart:2907:7)
#11     RenderSliverList.performLayout.advance (package:flutter/src/rendering/sliver_list.dart:249:18)
#12     RenderSliverList.performLayout (package:flutter/src/rendering/sliver_list.dart:278:12)
#13     RenderObject.layout (package:flutter/src/rendering/object.dart:2907:7)
#14     RenderSliverEdgeInsetsPadding.performLayout (package:flutter/src/rendering/sliver_padding.dart:133:12)
#15     RenderSliverPadding.performLayout (package:flutter/src/rendering/sliver_padding.dart:368:11)
#16     RenderObject.layout (package:flutter/src/rendering/object.dart:2907:7)
#17     RenderViewportBase.layoutChildSequence (package:flutter/src/rendering/viewport.dart:821:13)
#18     RenderViewport._attemptLayout (package:flutter/src/rendering/viewport.dart:1831:12)
#19     RenderViewport.performLayout (package:flutter/src/rendering/viewport.dart:1724:20)
#20     RenderObject._layoutWithoutResize (package:flutter/src/rendering/object.dart:2755:7)
#21     PipelineOwner.flushLayout (package:flutter/src/rendering/object.dart:1174:18)
#22     PipelineOwner.flushLayout (package:flutter/src/rendering/object.dart:1187:15)
#23     AutomatedTestWidgetsFlutterBinding.drawFrame (package:flutter_test/src/binding.dart:2433:27)
#24     RendererBinding._handlePersistentFrameCallback (package:flutter/src/rendering/binding.dart:509:5)
#25     SchedulerBinding._invokeFrameCallback (package:flutter/src/scheduler/binding.dart:1430:15)
#26     SchedulerBinding.handleDrawFrame (package:flutter/src/scheduler/binding.dart:1345:9)
#27     AutomatedTestWidgetsFlutterBinding.pump.<anonymous closure> (package:flutter_test/src/binding.dart:2260:9)
#30     TestAsyncUtils.guard (package:flutter_test/src/test_async_utils.dart:74:41)
#31     AutomatedTestWidgetsFlutterBinding.pump (package:flutter_test/src/binding.dart:2249:27)
#32     WidgetTester.pumpAndSettle.<anonymous closure> (package:flutter_test/src/widget_tester.dart:719:23)
#35     TestAsyncUtils.guard (package:flutter_test/src/test_async_utils.dart:74:41)
#36     WidgetTester.pumpAndSettle (package:flutter_test/src/widget_tester.dart:712:27)
#37     main.<anonymous closure> (file:///C:/Users/adrie/Documents/Coelo.worktrees/e2-r02-d04-acessos/apps/superadmin/test/features/safety/presentation/safety_pages_test.dart:465:22)
<asynchronous suspension>
#38     testWidgets.<anonymous closure>.<anonymous closure> (package:flutter_test/src/widget_tester.dart:192:15)
<asynchronous suspension>
#39     TestWidgetsFlutterBinding._runTestBody (package:flutter_test/src/binding.dart:1952:5)
<asynchronous suspension>
<asynchronous suspension>
(elided 7 frames from class _AssertionError, dart:async, and package:stack_trace)

The following RenderObject was being processed when the exception was fired: RenderFlex#4c7fc relayoutBoundary=up5 NEEDS-LAYOUT NEEDS-PAINT:
  creator: Column ← RepaintBoundary ← IndexedSemantics ← _SelectionKeepAlive ←
    NotificationListener<KeepAliveNotification> ← KeepAlive ← AutomaticKeepAlive ← KeyedSubtree ←
    SliverList ← SliverPadding ← Viewport ← IgnorePointer-[GlobalKey#1df5d] ← ⋯
  parentData: <none> (can use size)
  constraints: BoxConstraints(w=343.0, 0.0<=h<=Infinity)
  size: MISSING
  direction: vertical
  mainAxisAlignment: start
  mainAxisSize: max
  crossAxisAlignment: center
  verticalDirection: down
  spacing: 0.0
This RenderObject had the following descendants (showing up to depth 5):
    child 1: _RenderLayoutBuilder#6891d relayoutBoundary=up6 NEEDS-PAINT
      child: RenderFlex#4499c relayoutBoundary=up7 NEEDS-PAINT
        child 1: RenderIntrinsicHeight#93eae relayoutBoundary=up8 NEEDS-PAINT
          child: RenderFlex#714e7 relayoutBoundary=up9 NEEDS-PAINT
            child 1: RenderConstrainedBox#e7f30 NEEDS-PAINT
        child 2: RenderConstrainedBox#1a8b0 relayoutBoundary=up8 NEEDS-PAINT
        child 3: RenderIntrinsicHeight#8803c relayoutBoundary=up8 NEEDS-PAINT
          child: RenderFlex#a3632 NEEDS-LAYOUT NEEDS-PAINT
            child 1: RenderConstrainedBox#b0419 NEEDS-LAYOUT NEEDS-PAINT
        child 4: RenderConstrainedBox#eda08 NEEDS-LAYOUT NEEDS-PAINT
        child 5: RenderIntrinsicHeight#ba78c NEEDS-LAYOUT NEEDS-PAINT
          child: RenderFlex#a9217 NEEDS-LAYOUT NEEDS-PAINT
            child 1: RenderConstrainedBox#99800 NEEDS-LAYOUT NEEDS-PAINT
        child 6: RenderConstrainedBox#4ffd3 NEEDS-LAYOUT NEEDS-PAINT
        child 7: RenderIntrinsicHeight#78451 NEEDS-LAYOUT NEEDS-PAINT
          child: RenderFlex#66e48 NEEDS-LAYOUT NEEDS-PAINT
            child 1: RenderConstrainedBox#7686b NEEDS-LAYOUT NEEDS-PAINT
════════════════════════════════════════════════════════════════════════════════════════════════════
══╡ EXCEPTION CAUGHT BY RENDERING LIBRARY ╞═════════════════════════════════════════════════════════
The following assertion was thrown during performLayout():
RenderBox was not laid out: RenderFlex#4c7fc relayoutBoundary=up5 NEEDS-PAINT
'package:flutter/src/rendering/box.dart':
Failed assertion: line 2251 pos 12: 'hasSize'

Either the assertion indicates an error in the framework itself, or we should provide substantially
more information in this error message to help you determine and fix the underlying cause.
In either case, please report this assertion by filing a bug on GitHub:
  https://github.com/flutter/flutter/issues/new?template=02_bug.yml

The relevant error-causing widget was:
  ListView
  ListView:file:///C:/Users/adrie/Documents/Coelo.worktrees/e2-r02-d04-acessos/apps/superadmin/lib/features/safety/presentation/safety_pages.dart:132:17

When the exception was thrown, this was the stack:
#2      RenderBox.size (package:flutter/src/rendering/box.dart:2251:12)
#3      RenderProxyBoxMixin.performLayout (package:flutter/src/rendering/proxy_box.dart:118:62)
#4      RenderObject.layout (package:flutter/src/rendering/object.dart:2907:7)
#5      RenderProxyBoxMixin.performLayout (package:flutter/src/rendering/proxy_box.dart:118:18)
#6      RenderObject.layout (package:flutter/src/rendering/object.dart:2907:7)
#7      RenderSliverList.performLayout.advance (package:flutter/src/rendering/sliver_list.dart:249:18)
#8      RenderSliverList.performLayout (package:flutter/src/rendering/sliver_list.dart:278:12)
#9      RenderObject.layout (package:flutter/src/rendering/object.dart:2907:7)
#10     RenderSliverEdgeInsetsPadding.performLayout (package:flutter/src/rendering/sliver_padding.dart:133:12)
#11     RenderSliverPadding.performLayout (package:flutter/src/rendering/sliver_padding.dart:368:11)
#12     RenderObject.layout (package:flutter/src/rendering/object.dart:2907:7)
#13     RenderViewportBase.layoutChildSequence (package:flutter/src/rendering/viewport.dart:821:13)
#14     RenderViewport._attemptLayout (package:flutter/src/rendering/viewport.dart:1831:12)
#15     RenderViewport.performLayout (package:flutter/src/rendering/viewport.dart:1724:20)
#16     RenderObject._layoutWithoutResize (package:flutter/src/rendering/object.dart:2755:7)
#17     PipelineOwner.flushLayout (package:flutter/src/rendering/object.dart:1174:18)
#18     PipelineOwner.flushLayout (package:flutter/src/rendering/object.dart:1187:15)
#19     AutomatedTestWidgetsFlutterBinding.drawFrame (package:flutter_test/src/binding.dart:2433:27)
#20     RendererBinding._handlePersistentFrameCallback (package:flutter/src/rendering/binding.dart:509:5)
#21     SchedulerBinding._invokeFrameCallback (package:flutter/src/scheduler/binding.dart:1430:15)
#22     SchedulerBinding.handleDrawFrame (package:flutter/src/scheduler/binding.dart:1345:9)
#23     AutomatedTestWidgetsFlutterBinding.pump.<anonymous closure> (package:flutter_test/src/binding.dart:2260:9)
#26     TestAsyncUtils.guard (package:flutter_test/src/test_async_utils.dart:74:41)
#27     AutomatedTestWidgetsFlutterBinding.pump (package:flutter_test/src/binding.dart:2249:27)
#28     WidgetTester.pumpAndSettle.<anonymous closure> (package:flutter_test/src/widget_tester.dart:719:23)
#31     TestAsyncUtils.guard (package:flutter_test/src/test_async_utils.dart:74:41)
#32     WidgetTester.pumpAndSettle (package:flutter_test/src/widget_tester.dart:712:27)
#33     main.<anonymous closure> (file:///C:/Users/adrie/Documents/Coelo.worktrees/e2-r02-d04-acessos/apps/superadmin/test/features/safety/presentation/safety_pages_test.dart:465:22)
<asynchronous suspension>
#34     testWidgets.<anonymous closure>.<anonymous closure> (package:flutter_test/src/widget_tester.dart:192:15)
<asynchronous suspension>
#35     TestWidgetsFlutterBinding._runTestBody (package:flutter_test/src/binding.dart:1952:5)
<asynchronous suspension>
<asynchronous suspension>
(elided 7 frames from class _AssertionError, dart:async, and package:stack_trace)

The following RenderObject was being processed when the exception was fired: RenderRepaintBoundary#646b2 relayoutBoundary=up4 NEEDS-LAYOUT NEEDS-PAINT:
  needs compositing
  creator: RepaintBoundary ← IndexedSemantics ← _SelectionKeepAlive ←
    NotificationListener<KeepAliveNotification> ← KeepAlive ← AutomaticKeepAlive ← KeyedSubtree ←
    SliverList ← SliverPadding ← Viewport ← IgnorePointer-[GlobalKey#1df5d] ← Semantics ← ⋯
  parentData: <none> (can use size)
  constraints: BoxConstraints(w=343.0, 0.0<=h<=Infinity)
  size: MISSING
  usefulness ratio: no metrics collected yet (never painted)
This RenderObject had the following descendants (showing up to depth 5):
    child: RenderFlex#4c7fc relayoutBoundary=up5 NEEDS-PAINT
      child 1: _RenderLayoutBuilder#6891d relayoutBoundary=up6 NEEDS-PAINT
        child: RenderFlex#4499c relayoutBoundary=up7 NEEDS-PAINT
          child 1: RenderIntrinsicHeight#93eae relayoutBoundary=up8 NEEDS-PAINT
            child: RenderFlex#714e7 relayoutBoundary=up9 NEEDS-PAINT
          child 2: RenderConstrainedBox#1a8b0 relayoutBoundary=up8 NEEDS-PAINT
          child 3: RenderIntrinsicHeight#8803c relayoutBoundary=up8 NEEDS-PAINT
            child: RenderFlex#a3632 NEEDS-LAYOUT NEEDS-PAINT
          child 4: RenderConstrainedBox#eda08 NEEDS-LAYOUT NEEDS-PAINT
          child 5: RenderIntrinsicHeight#ba78c NEEDS-LAYOUT NEEDS-PAINT
            child: RenderFlex#a9217 NEEDS-LAYOUT NEEDS-PAINT
          child 6: RenderConstrainedBox#4ffd3 NEEDS-LAYOUT NEEDS-PAINT
          child 7: RenderIntrinsicHeight#78451 NEEDS-LAYOUT NEEDS-PAINT
            child: RenderFlex#66e48 NEEDS-LAYOUT NEEDS-PAINT
════════════════════════════════════════════════════════════════════════════════════════════════════
══╡ EXCEPTION CAUGHT BY RENDERING LIBRARY ╞═════════════════════════════════════════════════════════
The following assertion was thrown during performLayout():
RenderBox was not laid out: RenderRepaintBoundary#646b2 relayoutBoundary=up4 NEEDS-PAINT
'package:flutter/src/rendering/box.dart':
Failed assertion: line 2251 pos 12: 'hasSize'

Either the assertion indicates an error in the framework itself, or we should provide substantially
more information in this error message to help you determine and fix the underlying cause.
In either case, please report this assertion by filing a bug on GitHub:
  https://github.com/flutter/flutter/issues/new?template=02_bug.yml

The relevant error-causing widget was:
  ListView
  ListView:file:///C:/Users/adrie/Documents/Coelo.worktrees/e2-r02-d04-acessos/apps/superadmin/lib/features/safety/presentation/safety_pages.dart:132:17

When the exception was thrown, this was the stack:
#2      RenderBox.size (package:flutter/src/rendering/box.dart:2251:12)
#3      RenderProxyBoxMixin.performLayout (package:flutter/src/rendering/proxy_box.dart:118:62)
#4      RenderObject.layout (package:flutter/src/rendering/object.dart:2907:7)
#5      RenderSliverList.performLayout.advance (package:flutter/src/rendering/sliver_list.dart:249:18)
#6      RenderSliverList.performLayout (package:flutter/src/rendering/sliver_list.dart:278:12)
#7      RenderObject.layout (package:flutter/src/rendering/object.dart:2907:7)
#8      RenderSliverEdgeInsetsPadding.performLayout (package:flutter/src/rendering/sliver_padding.dart:133:12)
#9      RenderSliverPadding.performLayout (package:flutter/src/rendering/sliver_padding.dart:368:11)
#10     RenderObject.layout (package:flutter/src/rendering/object.dart:2907:7)
#11     RenderViewportBase.layoutChildSequence (package:flutter/src/rendering/viewport.dart:821:13)
#12     RenderViewport._attemptLayout (package:flutter/src/rendering/viewport.dart:1831:12)
#13     RenderViewport.performLayout (package:flutter/src/rendering/viewport.dart:1724:20)
#14     RenderObject._layoutWithoutResize (package:flutter/src/rendering/object.dart:2755:7)
#15     PipelineOwner.flushLayout (package:flutter/src/rendering/object.dart:1174:18)
#16     PipelineOwner.flushLayout (package:flutter/src/rendering/object.dart:1187:15)
#17     AutomatedTestWidgetsFlutterBinding.drawFrame (package:flutter_test/src/binding.dart:2433:27)
#18     RendererBinding._handlePersistentFrameCallback (package:flutter/src/rendering/binding.dart:509:5)
#19     SchedulerBinding._invokeFrameCallback (package:flutter/src/scheduler/binding.dart:1430:15)
#20     SchedulerBinding.handleDrawFrame (package:flutter/src/scheduler/binding.dart:1345:9)
#21     AutomatedTestWidgetsFlutterBinding.pump.<anonymous closure> (package:flutter_test/src/binding.dart:2260:9)
#24     TestAsyncUtils.guard (package:flutter_test/src/test_async_utils.dart:74:41)
#25     AutomatedTestWidgetsFlutterBinding.pump (package:flutter_test/src/binding.dart:2249:27)
#26     WidgetTester.pumpAndSettle.<anonymous closure> (package:flutter_test/src/widget_tester.dart:719:23)
#29     TestAsyncUtils.guard (package:flutter_test/src/test_async_utils.dart:74:41)
#30     WidgetTester.pumpAndSettle (package:flutter_test/src/widget_tester.dart:712:27)
#31     main.<anonymous closure> (file:///C:/Users/adrie/Documents/Coelo.worktrees/e2-r02-d04-acessos/apps/superadmin/test/features/safety/presentation/safety_pages_test.dart:465:22)
<asynchronous suspension>
#32     testWidgets.<anonymous closure>.<anonymous closure> (package:flutter_test/src/widget_tester.dart:192:15)
<asynchronous suspension>
#33     TestWidgetsFlutterBinding._runTestBody (package:flutter_test/src/binding.dart:1952:5)
<asynchronous suspension>
<asynchronous suspension>
(elided 7 frames from class _AssertionError, dart:async, and package:stack_trace)

The following RenderObject was being processed when the exception was fired: RenderIndexedSemantics#270ce relayoutBoundary=up3 NEEDS-LAYOUT NEEDS-PAINT:
  needs compositing
  creator: IndexedSemantics ← _SelectionKeepAlive ← NotificationListener<KeepAliveNotification> ←
    KeepAlive ← AutomaticKeepAlive ← KeyedSubtree ← SliverList ← SliverPadding ← Viewport ←
    IgnorePointer-[GlobalKey#1df5d] ← Semantics ← Listener ← ⋯
  parentData: index=4; layoutOffset=268.0 (can use size)
  constraints: BoxConstraints(w=343.0, 0.0<=h<=Infinity)
  size: MISSING
  index: 4
This RenderObject had the following descendants (showing up to depth 5):
    child: RenderRepaintBoundary#646b2 relayoutBoundary=up4 NEEDS-PAINT
      child: RenderFlex#4c7fc relayoutBoundary=up5 NEEDS-PAINT
        child 1: _RenderLayoutBuilder#6891d relayoutBoundary=up6 NEEDS-PAINT
          child: RenderFlex#4499c relayoutBoundary=up7 NEEDS-PAINT
            child 1: RenderIntrinsicHeight#93eae relayoutBoundary=up8 NEEDS-PAINT
            child 2: RenderConstrainedBox#1a8b0 relayoutBoundary=up8 NEEDS-PAINT
            child 3: RenderIntrinsicHeight#8803c relayoutBoundary=up8 NEEDS-PAINT
            child 4: RenderConstrainedBox#eda08 NEEDS-LAYOUT NEEDS-PAINT
            child 5: RenderIntrinsicHeight#ba78c NEEDS-LAYOUT NEEDS-PAINT
            child 6: RenderConstrainedBox#4ffd3 NEEDS-LAYOUT NEEDS-PAINT
            child 7: RenderIntrinsicHeight#78451 NEEDS-LAYOUT NEEDS-PAINT
════════════════════════════════════════════════════════════════════════════════════════════════════
══╡ EXCEPTION CAUGHT BY RENDERING LIBRARY ╞═════════════════════════════════════════════════════════
The following assertion was thrown during performLayout():
'package:flutter/src/rendering/sliver_multi_box_adaptor.dart': Failed assertion: line 629 pos 12:
'child.hasSize': is not true.

Either the assertion indicates an error in the framework itself, or we should provide substantially
more information in this error message to help you determine and fix the underlying cause.
In either case, please report this assertion by filing a bug on GitHub:
  https://github.com/flutter/flutter/issues/new?template=02_bug.yml

The relevant error-causing widget was:
  ListView
  ListView:file:///C:/Users/adrie/Documents/Coelo.worktrees/e2-r02-d04-acessos/apps/superadmin/lib/features/safety/presentation/safety_pages.dart:132:17

When the exception was thrown, this was the stack:
#2      RenderSliverMultiBoxAdaptor.paintExtentOf (package:flutter/src/rendering/sliver_multi_box_adaptor.dart:629:12)
#3      RenderSliverList.performLayout.advance (package:flutter/src/rendering/sliver_list.dart:257:54)
#4      RenderSliverList.performLayout (package:flutter/src/rendering/sliver_list.dart:278:12)
#5      RenderObject.layout (package:flutter/src/rendering/object.dart:2907:7)
#6      RenderSliverEdgeInsetsPadding.performLayout (package:flutter/src/rendering/sliver_padding.dart:133:12)
#7      RenderSliverPadding.performLayout (package:flutter/src/rendering/sliver_padding.dart:368:11)
#8      RenderObject.layout (package:flutter/src/rendering/object.dart:2907:7)
#9      RenderViewportBase.layoutChildSequence (package:flutter/src/rendering/viewport.dart:821:13)
#10     RenderViewport._attemptLayout (package:flutter/src/rendering/viewport.dart:1831:12)
#11     RenderViewport.performLayout (package:flutter/src/rendering/viewport.dart:1724:20)
#12     RenderObject._layoutWithoutResize (package:flutter/src/rendering/object.dart:2755:7)
#13     PipelineOwner.flushLayout (package:flutter/src/rendering/object.dart:1174:18)
#14     PipelineOwner.flushLayout (package:flutter/src/rendering/object.dart:1187:15)
#15     AutomatedTestWidgetsFlutterBinding.drawFrame (package:flutter_test/src/binding.dart:2433:27)
#16     RendererBinding._handlePersistentFrameCallback (package:flutter/src/rendering/binding.dart:509:5)
#17     SchedulerBinding._invokeFrameCallback (package:flutter/src/scheduler/binding.dart:1430:15)
#18     SchedulerBinding.handleDrawFrame (package:flutter/src/scheduler/binding.dart:1345:9)
#19     AutomatedTestWidgetsFlutterBinding.pump.<anonymous closure> (package:flutter_test/src/binding.dart:2260:9)
#22     TestAsyncUtils.guard (package:flutter_test/src/test_async_utils.dart:74:41)
#23     AutomatedTestWidgetsFlutterBinding.pump (package:flutter_test/src/binding.dart:2249:27)
#24     WidgetTester.pumpAndSettle.<anonymous closure> (package:flutter_test/src/widget_tester.dart:719:23)
#27     TestAsyncUtils.guard (package:flutter_test/src/test_async_utils.dart:74:41)
#28     WidgetTester.pumpAndSettle (package:flutter_test/src/widget_tester.dart:712:27)
#29     main.<anonymous closure> (file:///C:/Users/adrie/Documents/Coelo.worktrees/e2-r02-d04-acessos/apps/superadmin/test/features/safety/presentation/safety_pages_test.dart:465:22)
<asynchronous suspension>
#30     testWidgets.<anonymous closure>.<anonymous closure> (package:flutter_test/src/widget_tester.dart:192:15)
<asynchronous suspension>
#31     TestWidgetsFlutterBinding._runTestBody (package:flutter_test/src/binding.dart:1952:5)
<asynchronous suspension>
<asynchronous suspension>
(elided 7 frames from class _AssertionError, dart:async, and package:stack_trace)

The following RenderObject was being processed when the exception was fired: RenderSliverList#e4359 relayoutBoundary=up2 NEEDS-LAYOUT NEEDS-PAINT:
  needs compositing
  creator: SliverList ← SliverPadding ← Viewport ← IgnorePointer-[GlobalKey#1df5d] ← Semantics ←
    Listener ← _GestureSemantics ←
    RawGestureDetector-[LabeledGlobalKey<RawGestureDetectorState>#25476] ← Listener ← _ScrollableScope
    ← _ScrollSemantics-[GlobalKey#e436e] ← NotificationListener<ScrollMetricsNotification> ← ⋯
  parentData: paintOffset=Offset(0.0, 0.0) (can use size)
  constraints: SliverConstraints(AxisDirection.down, GrowthDirection.forward, ScrollDirection.idle,
    scrollOffset: 0.0, precedingScrollExtent: 16.0, remainingPaintExtent: 539.0, crossAxisExtent:
    343.0, crossAxisDirection: AxisDirection.right, viewportMainAxisExtent: 555.0,
    remainingCacheExtent: 789.0, cacheOrigin: 0.0)
  geometry: null
  currently live children: 0 to 4
This RenderObject had the following descendants (showing up to depth 5):
    child with index 0: RenderIndexedSemantics#93361 relayoutBoundary=up3 NEEDS-PAINT
      child: RenderRepaintBoundary#a32ce relayoutBoundary=up4 NEEDS-PAINT
        child: _RenderLayoutBuilder#aa379 relayoutBoundary=up5 NEEDS-PAINT
          child: RenderFlex#fac02 relayoutBoundary=up6 NEEDS-PAINT
            child 1: RenderConstrainedBox#27b0c relayoutBoundary=up7 NEEDS-PAINT
            child 2: RenderConstrainedBox#48be1 relayoutBoundary=up7 NEEDS-PAINT
            child 3: RenderDecoratedBox#f778e relayoutBoundary=up7 NEEDS-PAINT
    child with index 1: RenderIndexedSemantics#21bc4 relayoutBoundary=up3 NEEDS-PAINT
      child: RenderRepaintBoundary#6f58d relayoutBoundary=up4 NEEDS-PAINT
        child: RenderConstrainedBox#22064 relayoutBoundary=up5 NEEDS-PAINT
    child with index 2: RenderIndexedSemantics#64d05 relayoutBoundary=up3 NEEDS-PAINT
      child: RenderRepaintBoundary#d8f87 relayoutBoundary=up4 NEEDS-PAINT
        child: _RenderLayoutBuilder#aec03 relayoutBoundary=up5 NEEDS-PAINT NEEDS-COMPOSITING-BITS-UPDATE
          child: RenderDecoratedBox#b72bf relayoutBoundary=up6 NEEDS-PAINT NEEDS-COMPOSITING-BITS-UPDATE
            child: RenderStack#a9556 relayoutBoundary=up7 NEEDS-PAINT NEEDS-COMPOSITING-BITS-UPDATE
    child with index 3: RenderIndexedSemantics#cc4e9 relayoutBoundary=up3 NEEDS-PAINT
      child: RenderRepaintBoundary#3fdac relayoutBoundary=up4 NEEDS-PAINT
        child: RenderConstrainedBox#8371d relayoutBoundary=up5 NEEDS-PAINT
    child with index 4: RenderIndexedSemantics#270ce relayoutBoundary=up3 NEEDS-PAINT
      child: RenderRepaintBoundary#646b2 relayoutBoundary=up4 NEEDS-PAINT
        child: RenderFlex#4c7fc relayoutBoundary=up5 NEEDS-PAINT
          child 1: _RenderLayoutBuilder#6891d relayoutBoundary=up6 NEEDS-PAINT
            child: RenderFlex#4499c relayoutBoundary=up7 NEEDS-PAINT
════════════════════════════════════════════════════════════════════════════════════════════════════
══╡ EXCEPTION CAUGHT BY RENDERING LIBRARY ╞═════════════════════════════════════════════════════════
The following _TypeError was thrown during performLayout():
Null check operator used on a null value

The relevant error-causing widget was:
  ListView
  ListView:file:///C:/Users/adrie/Documents/Coelo.worktrees/e2-r02-d04-acessos/apps/superadmin/lib/features/safety/presentation/safety_pages.dart:132:17

When the exception was thrown, this was the stack:
#0      RenderSliverEdgeInsetsPadding.performLayout (package:flutter/src/rendering/sliver_padding.dart:147:63)
#1      RenderSliverPadding.performLayout (package:flutter/src/rendering/sliver_padding.dart:368:11)
#2      RenderObject.layout (package:flutter/src/rendering/object.dart:2907:7)
#3      RenderViewportBase.layoutChildSequence (package:flutter/src/rendering/viewport.dart:821:13)
#4      RenderViewport._attemptLayout (package:flutter/src/rendering/viewport.dart:1831:12)
#5      RenderViewport.performLayout (package:flutter/src/rendering/viewport.dart:1724:20)
#6      RenderObject._layoutWithoutResize (package:flutter/src/rendering/object.dart:2755:7)
#7      PipelineOwner.flushLayout (package:flutter/src/rendering/object.dart:1174:18)
#8      PipelineOwner.flushLayout (package:flutter/src/rendering/object.dart:1187:15)
#9      AutomatedTestWidgetsFlutterBinding.drawFrame (package:flutter_test/src/binding.dart:2433:27)
#10     RendererBinding._handlePersistentFrameCallback (package:flutter/src/rendering/binding.dart:509:5)
#11     SchedulerBinding._invokeFrameCallback (package:flutter/src/scheduler/binding.dart:1430:15)
#12     SchedulerBinding.handleDrawFrame (package:flutter/src/scheduler/binding.dart:1345:9)
#13     AutomatedTestWidgetsFlutterBinding.pump.<anonymous closure> (package:flutter_test/src/binding.dart:2260:9)
#16     TestAsyncUtils.guard (package:flutter_test/src/test_async_utils.dart:74:41)
#17     AutomatedTestWidgetsFlutterBinding.pump (package:flutter_test/src/binding.dart:2249:27)
#18     WidgetTester.pumpAndSettle.<anonymous closure> (package:flutter_test/src/widget_tester.dart:719:23)
#21     TestAsyncUtils.guard (package:flutter_test/src/test_async_utils.dart:74:41)
#22     WidgetTester.pumpAndSettle (package:flutter_test/src/widget_tester.dart:712:27)
#23     main.<anonymous closure> (file:///C:/Users/adrie/Documents/Coelo.worktrees/e2-r02-d04-acessos/apps/superadmin/test/features/safety/presentation/safety_pages_test.dart:465:22)
<asynchronous suspension>
#24     testWidgets.<anonymous closure>.<anonymous closure> (package:flutter_test/src/widget_tester.dart:192:15)
<asynchronous suspension>
#25     TestWidgetsFlutterBinding._runTestBody (package:flutter_test/src/binding.dart:1952:5)
<asynchronous suspension>
<asynchronous suspension>
(elided 5 frames from dart:async and package:stack_trace)

The following RenderObject was being processed when the exception was fired: RenderSliverPadding#1dcf9 relayoutBoundary=up1 NEEDS-LAYOUT NEEDS-PAINT:
  needs compositing
  creator: SliverPadding ← Viewport ← IgnorePointer-[GlobalKey#1df5d] ← Semantics ← Listener ←
    _GestureSemantics ← RawGestureDetector-[LabeledGlobalKey<RawGestureDetectorState>#25476] ←
    Listener ← _ScrollableScope ← _ScrollSemantics-[GlobalKey#e436e] ←
    NotificationListener<ScrollMetricsNotification> ← Transform ← ⋯
  parentData: paintOffset=Offset(0.0, 0.0) (can use size)
  constraints: SliverConstraints(AxisDirection.down, GrowthDirection.forward, ScrollDirection.idle,
    scrollOffset: 0.0, precedingScrollExtent: 0.0, remainingPaintExtent: 555.0, crossAxisExtent:
    375.0, crossAxisDirection: AxisDirection.right, viewportMainAxisExtent: 555.0,
    remainingCacheExtent: 805.0, cacheOrigin: 0.0)
  geometry: null
  padding: EdgeInsets.all(16.0)
  textDirection: ltr
This RenderObject had the following descendants (showing up to depth 5):
    child: RenderSliverList#e4359 relayoutBoundary=up2 NEEDS-PAINT
      child with index 0: RenderIndexedSemantics#93361 relayoutBoundary=up3 NEEDS-PAINT
        child: RenderRepaintBoundary#a32ce relayoutBoundary=up4 NEEDS-PAINT
          child: _RenderLayoutBuilder#aa379 relayoutBoundary=up5 NEEDS-PAINT
            child: RenderFlex#fac02 relayoutBoundary=up6 NEEDS-PAINT
      child with index 1: RenderIndexedSemantics#21bc4 relayoutBoundary=up3 NEEDS-PAINT
        child: RenderRepaintBoundary#6f58d relayoutBoundary=up4 NEEDS-PAINT
          child: RenderConstrainedBox#22064 relayoutBoundary=up5 NEEDS-PAINT
      child with index 2: RenderIndexedSemantics#64d05 relayoutBoundary=up3 NEEDS-PAINT
        child: RenderRepaintBoundary#d8f87 relayoutBoundary=up4 NEEDS-PAINT
          child: _RenderLayoutBuilder#aec03 relayoutBoundary=up5 NEEDS-PAINT NEEDS-COMPOSITING-BITS-UPDATE
            child: RenderDecoratedBox#b72bf relayoutBoundary=up6 NEEDS-PAINT NEEDS-COMPOSITING-BITS-UPDATE
      child with index 3: RenderIndexedSemantics#cc4e9 relayoutBoundary=up3 NEEDS-PAINT
        child: RenderRepaintBoundary#3fdac relayoutBoundary=up4 NEEDS-PAINT
          child: RenderConstrainedBox#8371d relayoutBoundary=up5 NEEDS-PAINT
      child with index 4: RenderIndexedSemantics#270ce relayoutBoundary=up3 NEEDS-PAINT
        child: RenderRepaintBoundary#646b2 relayoutBoundary=up4 NEEDS-PAINT
          child: RenderFlex#4c7fc relayoutBoundary=up5 NEEDS-PAINT
            child 1: _RenderLayoutBuilder#6891d relayoutBoundary=up6 NEEDS-PAINT
════════════════════════════════════════════════════════════════════════════════════════════════════
══╡ EXCEPTION CAUGHT BY RENDERING LIBRARY ╞═════════════════════════════════════════════════════════
The following _TypeError was thrown during performLayout():
Null check operator used on a null value

The relevant error-causing widget was:
  ListView
  ListView:file:///C:/Users/adrie/Documents/Coelo.worktrees/e2-r02-d04-acessos/apps/superadmin/lib/features/safety/presentation/safety_pages.dart:132:17

When the exception was thrown, this was the stack:
#0      RenderViewportBase.layoutChildSequence (package:flutter/src/rendering/viewport.dart:842:64)
#1      RenderViewport._attemptLayout (package:flutter/src/rendering/viewport.dart:1831:12)
#2      RenderViewport.performLayout (package:flutter/src/rendering/viewport.dart:1724:20)
#3      RenderObject._layoutWithoutResize (package:flutter/src/rendering/object.dart:2755:7)
#4      PipelineOwner.flushLayout (package:flutter/src/rendering/object.dart:1174:18)
#5      PipelineOwner.flushLayout (package:flutter/src/rendering/object.dart:1187:15)
#6      AutomatedTestWidgetsFlutterBinding.drawFrame (package:flutter_test/src/binding.dart:2433:27)
#7      RendererBinding._handlePersistentFrameCallback (package:flutter/src/rendering/binding.dart:509:5)
#8      SchedulerBinding._invokeFrameCallback (package:flutter/src/scheduler/binding.dart:1430:15)
#9      SchedulerBinding.handleDrawFrame (package:flutter/src/scheduler/binding.dart:1345:9)
#10     AutomatedTestWidgetsFlutterBinding.pump.<anonymous closure> (package:flutter_test/src/binding.dart:2260:9)
#13     TestAsyncUtils.guard (package:flutter_test/src/test_async_utils.dart:74:41)
#14     AutomatedTestWidgetsFlutterBinding.pump (package:flutter_test/src/binding.dart:2249:27)
#15     WidgetTester.pumpAndSettle.<anonymous closure> (package:flutter_test/src/widget_tester.dart:719:23)
#18     TestAsyncUtils.guard (package:flutter_test/src/test_async_utils.dart:74:41)
#19     WidgetTester.pumpAndSettle (package:flutter_test/src/widget_tester.dart:712:27)
#20     main.<anonymous closure> (file:///C:/Users/adrie/Documents/Coelo.worktrees/e2-r02-d04-acessos/apps/superadmin/test/features/safety/presentation/safety_pages_test.dart:465:22)
<asynchronous suspension>
#21     testWidgets.<anonymous closure>.<anonymous closure> (package:flutter_test/src/widget_tester.dart:192:15)
<asynchronous suspension>
#22     TestWidgetsFlutterBinding._runTestBody (package:flutter_test/src/binding.dart:1952:5)
<asynchronous suspension>
<asynchronous suspension>
(elided 5 frames from dart:async and package:stack_trace)

The following RenderObject was being processed when the exception was fired: RenderViewport#0960b NEEDS-LAYOUT:
  needs compositing
  creator: Viewport ← IgnorePointer-[GlobalKey#1df5d] ← Semantics ← Listener ← _GestureSemantics ←
    RawGestureDetector-[LabeledGlobalKey<RawGestureDetectorState>#25476] ← Listener ← _ScrollableScope
    ← _ScrollSemantics-[GlobalKey#e436e] ← NotificationListener<ScrollMetricsNotification> ← Transform
    ← StretchEffect ← ⋯
  parentData: <none> (can use size)
  constraints: BoxConstraints(w=375.0, h=555.0)
  layer: OffsetLayer#8859e
  size: Size(375.0, 555.0)
  axisDirection: down
  crossAxisDirection: right
  offset: ScrollPositionWithSingleContext#6a308(offset: 0.0, range: null..null, viewport: 555.0,
    ScrollableState, AlwaysScrollableScrollPhysics -> ClampingScrollPhysics ->
    RangeMaintainingScrollPhysics, IdleScrollActivity#a71c6, ScrollDirection.idle)
  anchor: 0.0
This RenderObject had the following descendants (showing up to depth 5):
    center child: RenderSliverPadding#1dcf9 relayoutBoundary=up1 NEEDS-PAINT
      child: RenderSliverList#e4359 relayoutBoundary=up2 NEEDS-PAINT
        child with index 0: RenderIndexedSemantics#93361 relayoutBoundary=up3 NEEDS-PAINT
          child: RenderRepaintBoundary#a32ce relayoutBoundary=up4 NEEDS-PAINT
            child: _RenderLayoutBuilder#aa379 relayoutBoundary=up5 NEEDS-PAINT
        child with index 1: RenderIndexedSemantics#21bc4 relayoutBoundary=up3 NEEDS-PAINT
          child: RenderRepaintBoundary#6f58d relayoutBoundary=up4 NEEDS-PAINT
            child: RenderConstrainedBox#22064 relayoutBoundary=up5 NEEDS-PAINT
        child with index 2: RenderIndexedSemantics#64d05 relayoutBoundary=up3 NEEDS-PAINT
          child: RenderRepaintBoundary#d8f87 relayoutBoundary=up4 NEEDS-PAINT
            child: _RenderLayoutBuilder#aec03 relayoutBoundary=up5 NEEDS-PAINT NEEDS-COMPOSITING-BITS-UPDATE
        child with index 3: RenderIndexedSemantics#cc4e9 relayoutBoundary=up3 NEEDS-PAINT
          child: RenderRepaintBoundary#3fdac relayoutBoundary=up4 NEEDS-PAINT
            child: RenderConstrainedBox#8371d relayoutBoundary=up5 NEEDS-PAINT
        child with index 4: RenderIndexedSemantics#270ce relayoutBoundary=up3 NEEDS-PAINT
          child: RenderRepaintBoundary#646b2 relayoutBoundary=up4 NEEDS-PAINT
            child: RenderFlex#4c7fc relayoutBoundary=up5 NEEDS-PAINT
════════════════════════════════════════════════════════════════════════════════════════════════════
══╡ EXCEPTION CAUGHT BY RENDERING LIBRARY ╞═════════════════════════════════════════════════════════
The following _TypeError was thrown during paint():
Null check operator used on a null value

The relevant error-causing widget was:
  ListView
  ListView:file:///C:/Users/adrie/Documents/Coelo.worktrees/e2-r02-d04-acessos/apps/superadmin/lib/features/safety/presentation/safety_pages.dart:132:17

When the exception was thrown, this was the stack:
#0      RenderViewportBase._paintContents (package:flutter/src/rendering/viewport.dart:998:25)
#1      RenderViewportBase.paint (package:flutter/src/rendering/viewport.dart:984:7)
#2      RenderObject._paintWithContext (package:flutter/src/rendering/object.dart:3568:7)
#3      PaintingContext._repaintCompositedChild (package:flutter/src/rendering/object.dart:180:11)
#4      PaintingContext.repaintCompositedChild (package:flutter/src/rendering/object.dart:125:5)
#5      PipelineOwner.flushPaint (package:flutter/src/rendering/object.dart:1325:31)
#6      PipelineOwner.flushPaint (package:flutter/src/rendering/object.dart:1335:15)
#7      AutomatedTestWidgetsFlutterBinding.drawFrame (package:flutter_test/src/binding.dart:2437:31)
#8      RendererBinding._handlePersistentFrameCallback (package:flutter/src/rendering/binding.dart:509:5)
#9      SchedulerBinding._invokeFrameCallback (package:flutter/src/scheduler/binding.dart:1430:15)
#10     SchedulerBinding.handleDrawFrame (package:flutter/src/scheduler/binding.dart:1345:9)
#11     AutomatedTestWidgetsFlutterBinding.pump.<anonymous closure> (package:flutter_test/src/binding.dart:2260:9)
#14     TestAsyncUtils.guard (package:flutter_test/src/test_async_utils.dart:74:41)
#15     AutomatedTestWidgetsFlutterBinding.pump (package:flutter_test/src/binding.dart:2249:27)
#16     WidgetTester.pumpAndSettle.<anonymous closure> (package:flutter_test/src/widget_tester.dart:719:23)
#19     TestAsyncUtils.guard (package:flutter_test/src/test_async_utils.dart:74:41)
#20     WidgetTester.pumpAndSettle (package:flutter_test/src/widget_tester.dart:712:27)
#21     main.<anonymous closure> (file:///C:/Users/adrie/Documents/Coelo.worktrees/e2-r02-d04-acessos/apps/superadmin/test/features/safety/presentation/safety_pages_test.dart:465:22)
<asynchronous suspension>
#22     testWidgets.<anonymous closure>.<anonymous closure> (package:flutter_test/src/widget_tester.dart:192:15)
<asynchronous suspension>
#23     TestWidgetsFlutterBinding._runTestBody (package:flutter_test/src/binding.dart:1952:5)
<asynchronous suspension>
<asynchronous suspension>
(elided 5 frames from dart:async and package:stack_trace)

The following RenderObject was being processed when the exception was fired: RenderViewport#0960b:
  needs compositing
  creator: Viewport ← IgnorePointer-[GlobalKey#1df5d] ← Semantics ← Listener ← _GestureSemantics ←
    RawGestureDetector-[LabeledGlobalKey<RawGestureDetectorState>#25476] ← Listener ← _ScrollableScope
    ← _ScrollSemantics-[GlobalKey#e436e] ← NotificationListener<ScrollMetricsNotification> ← Transform
    ← StretchEffect ← ⋯
  parentData: <none> (can use size)
  constraints: BoxConstraints(w=375.0, h=555.0)
  layer: OffsetLayer#8859e
  size: Size(375.0, 555.0)
  axisDirection: down
  crossAxisDirection: right
  offset: ScrollPositionWithSingleContext#6a308(offset: 0.0, range: null..null, viewport: 555.0,
    ScrollableState, AlwaysScrollableScrollPhysics -> ClampingScrollPhysics ->
    RangeMaintainingScrollPhysics, IdleScrollActivity#a71c6, ScrollDirection.idle)
  anchor: 0.0
This RenderObject had the following descendants (showing up to depth 5):
    center child: RenderSliverPadding#1dcf9 relayoutBoundary=up1 NEEDS-PAINT
      child: RenderSliverList#e4359 relayoutBoundary=up2 NEEDS-PAINT
        child with index 0: RenderIndexedSemantics#93361 relayoutBoundary=up3 NEEDS-PAINT
          child: RenderRepaintBoundary#a32ce relayoutBoundary=up4 NEEDS-PAINT
            child: _RenderLayoutBuilder#aa379 relayoutBoundary=up5 NEEDS-PAINT
        child with index 1: RenderIndexedSemantics#21bc4 relayoutBoundary=up3 NEEDS-PAINT
          child: RenderRepaintBoundary#6f58d relayoutBoundary=up4 NEEDS-PAINT
            child: RenderConstrainedBox#22064 relayoutBoundary=up5 NEEDS-PAINT
        child with index 2: RenderIndexedSemantics#64d05 relayoutBoundary=up3 NEEDS-PAINT
          child: RenderRepaintBoundary#d8f87 relayoutBoundary=up4 NEEDS-PAINT
            child: _RenderLayoutBuilder#aec03 relayoutBoundary=up5 NEEDS-PAINT
        child with index 3: RenderIndexedSemantics#cc4e9 relayoutBoundary=up3 NEEDS-PAINT
          child: RenderRepaintBoundary#3fdac relayoutBoundary=up4 NEEDS-PAINT
            child: RenderConstrainedBox#8371d relayoutBoundary=up5 NEEDS-PAINT
        child with index 4: RenderIndexedSemantics#270ce relayoutBoundary=up3 NEEDS-PAINT
          child: RenderRepaintBoundary#646b2 relayoutBoundary=up4 NEEDS-PAINT
            child: RenderFlex#4c7fc relayoutBoundary=up5 NEEDS-PAINT
════════════════════════════════════════════════════════════════════════════════════════════════════
══╡ EXCEPTION CAUGHT BY SCHEDULER LIBRARY ╞═════════════════════════════════════════════════════════
The following assertion was thrown during a scheduler callback:
'package:flutter/src/rendering/object.dart': Failed assertion: line 5705 pos 14:
'!semantics.parentDataDirty': is not true.

When the exception was thrown, this was the stack:
#2      _RenderObjectSemantics.debugCheckForParentData.debugCheckParentDataNotDirty (package:flutter/src/rendering/object.dart:5705:14)
#3      List.forEach (dart:core-patch/growable_array.dart:428:8)
#4      _RenderObjectSemantics.debugCheckForParentData.debugCheckParentDataNotDirty (package:flutter/src/rendering/object.dart:5706:42)
#5      List.forEach (dart:core-patch/growable_array.dart:428:8)
#6      _RenderObjectSemantics.debugCheckForParentData.debugCheckParentDataNotDirty (package:flutter/src/rendering/object.dart:5706:42)
#7      List.forEach (dart:core-patch/growable_array.dart:428:8)
#8      _RenderObjectSemantics.debugCheckForParentData.debugCheckParentDataNotDirty (package:flutter/src/rendering/object.dart:5706:42)
#9      List.forEach (dart:core-patch/growable_array.dart:428:8)
#10     _RenderObjectSemantics.debugCheckForParentData.debugCheckParentDataNotDirty (package:flutter/src/rendering/object.dart:5706:42)
#11     List.forEach (dart:core-patch/growable_array.dart:428:8)
#12     _RenderObjectSemantics.debugCheckForParentData.debugCheckParentDataNotDirty (package:flutter/src/rendering/object.dart:5706:42)
#13     List.forEach (dart:core-patch/growable_array.dart:428:8)
#14     _RenderObjectSemantics.debugCheckForParentData.debugCheckParentDataNotDirty (package:flutter/src/rendering/object.dart:5706:42)
#15     List.forEach (dart:core-patch/growable_array.dart:428:8)
#16     _RenderObjectSemantics.debugCheckForParentData.debugCheckParentDataNotDirty (package:flutter/src/rendering/object.dart:5706:42)
#17     List.forEach (dart:core-patch/growable_array.dart:428:8)
#18     _RenderObjectSemantics.debugCheckForParentData.debugCheckParentDataNotDirty (package:flutter/src/rendering/object.dart:5706:42)
#19     List.forEach (dart:core-patch/growable_array.dart:428:8)
#20     _RenderObjectSemantics.debugCheckForParentData.debugCheckParentDataNotDirty (package:flutter/src/rendering/object.dart:5706:42)
#21     List.forEach (dart:core-patch/growable_array.dart:428:8)
#22     _RenderObjectSemantics.debugCheckForParentData.debugCheckParentDataNotDirty (package:flutter/src/rendering/object.dart:5706:42)
#23     List.forEach (dart:core-patch/growable_array.dart:428:8)
#24     _RenderObjectSemantics.debugCheckForParentData.debugCheckParentDataNotDirty (package:flutter/src/rendering/object.dart:5706:42)
#25     List.forEach (dart:core-patch/growable_array.dart:428:8)
#26     _RenderObjectSemantics.debugCheckForParentData.debugCheckParentDataNotDirty (package:flutter/src/rendering/object.dart:5706:42)
#27     List.forEach (dart:core-patch/growable_array.dart:428:8)
#28     _RenderObjectSemantics.debugCheckForParentData.debugCheckParentDataNotDirty (package:flutter/src/rendering/object.dart:5706:42)
#29     List.forEach (dart:core-patch/growable_array.dart:428:8)
#30     _RenderObjectSemantics.debugCheckForParentData.debugCheckParentDataNotDirty (package:flutter/src/rendering/object.dart:5706:42)
#31     List.forEach (dart:core-patch/growable_array.dart:428:8)
#32     _RenderObjectSemantics.debugCheckForParentData.debugCheckParentDataNotDirty (package:flutter/src/rendering/object.dart:5706:42)
#33     List.forEach (dart:core-patch/growable_array.dart:428:8)
#34     _RenderObjectSemantics.debugCheckForParentData.debugCheckParentDataNotDirty (package:flutter/src/rendering/object.dart:5706:42)
#35     List.forEach (dart:core-patch/growable_array.dart:428:8)
#36     _RenderObjectSemantics.debugCheckForParentData.debugCheckParentDataNotDirty (package:flutter/src/rendering/object.dart:5706:42)
#37     List.forEach (dart:core-patch/growable_array.dart:428:8)
#38     _RenderObjectSemantics.debugCheckForParentData.debugCheckParentDataNotDirty (package:flutter/src/rendering/object.dart:5706:42)
#39     List.forEach (dart:core-patch/growable_array.dart:428:8)
#40     _RenderObjectSemantics.debugCheckForParentData.debugCheckParentDataNotDirty (package:flutter/src/rendering/object.dart:5706:42)
#41     List.forEach (dart:core-patch/growable_array.dart:428:8)
#42     _RenderObjectSemantics.debugCheckForParentData.debugCheckParentDataNotDirty (package:flutter/src/rendering/object.dart:5706:42)
#43     List.forEach (dart:core-patch/growable_array.dart:428:8)
#44     _RenderObjectSemantics.debugCheckForParentData.debugCheckParentDataNotDirty (package:flutter/src/rendering/object.dart:5706:42)
#45     List.forEach (dart:core-patch/growable_array.dart:428:8)
#46     _RenderObjectSemantics.debugCheckForParentData.debugCheckParentDataNotDirty (package:flutter/src/rendering/object.dart:5706:42)
#47     List.forEach (dart:core-patch/growable_array.dart:428:8)
#48     _RenderObjectSemantics.debugCheckForParentData.debugCheckParentDataNotDirty (package:flutter/src/rendering/object.dart:5706:42)
#49     List.forEach (dart:core-patch/growable_array.dart:428:8)
#50     _RenderObjectSemantics.debugCheckForParentData.debugCheckParentDataNotDirty (package:flutter/src/rendering/object.dart:5706:42)
#51     List.forEach (dart:core-patch/growable_array.dart:428:8)
#52     _RenderObjectSemantics.debugCheckForParentData.debugCheckParentDataNotDirty (package:flutter/src/rendering/object.dart:5706:42)
#53     List.forEach (dart:core-patch/growable_array.dart:428:8)
#54     _RenderObjectSemantics.debugCheckForParentData.debugCheckParentDataNotDirty (package:flutter/src/rendering/object.dart:5706:42)
#55     List.forEach (dart:core-patch/growable_array.dart:428:8)
#56     _RenderObjectSemantics.debugCheckForParentData.debugCheckParentDataNotDirty (package:flutter/src/rendering/object.dart:5706:42)
#57     List.forEach (dart:core-patch/growable_array.dart:428:8)
#58     _RenderObjectSemantics.debugCheckForParentData.debugCheckParentDataNotDirty (package:flutter/src/rendering/object.dart:5706:42)
#59     List.forEach (dart:core-patch/growable_array.dart:428:8)
#60     _RenderObjectSemantics.debugCheckForParentData.debugCheckParentDataNotDirty (package:flutter/src/rendering/object.dart:5706:42)
#61     List.forEach (dart:core-patch/growable_array.dart:428:8)
#62     _RenderObjectSemantics.debugCheckForParentData.debugCheckParentDataNotDirty (package:flutter/src/rendering/object.dart:5706:42)
#63     List.forEach (dart:core-patch/growable_array.dart:428:8)
#64     _RenderObjectSemantics.debugCheckForParentData.debugCheckParentDataNotDirty (package:flutter/src/rendering/object.dart:5706:42)
#65     List.forEach (dart:core-patch/growable_array.dart:428:8)
#66     _RenderObjectSemantics.debugCheckForParentData.debugCheckParentDataNotDirty (package:flutter/src/rendering/object.dart:5706:42)
#67     List.forEach (dart:core-patch/growable_array.dart:428:8)
#68     _RenderObjectSemantics.debugCheckForParentData.debugCheckParentDataNotDirty (package:flutter/src/rendering/object.dart:5706:42)
#69     List.forEach (dart:core-patch/growable_array.dart:428:8)
#70     _RenderObjectSemantics.debugCheckForParentData.debugCheckParentDataNotDirty (package:flutter/src/rendering/object.dart:5706:42)
#71     List.forEach (dart:core-patch/growable_array.dart:428:8)
#72     _RenderObjectSemantics.debugCheckForParentData.debugCheckParentDataNotDirty (package:flutter/src/rendering/object.dart:5706:42)
#73     List.forEach (dart:core-patch/growable_array.dart:428:8)
#74     _RenderObjectSemantics.debugCheckForParentData.debugCheckParentDataNotDirty (package:flutter/src/rendering/object.dart:5706:42)
#75     List.forEach (dart:core-patch/growable_array.dart:428:8)
#76     _RenderObjectSemantics.debugCheckForParentData.debugCheckParentDataNotDirty (package:flutter/src/rendering/object.dart:5706:42)
#77     List.forEach (dart:core-patch/growable_array.dart:428:8)
#78     _RenderObjectSemantics.debugCheckForParentData.debugCheckParentDataNotDirty (package:flutter/src/rendering/object.dart:5706:42)
#79     List.forEach (dart:core-patch/growable_array.dart:428:8)
#80     _RenderObjectSemantics.debugCheckForParentData.debugCheckParentDataNotDirty (package:flutter/src/rendering/object.dart:5706:42)
#81     List.forEach (dart:core-patch/growable_array.dart:428:8)
#82     _RenderObjectSemantics.debugCheckForParentData.debugCheckParentDataNotDirty (package:flutter/src/rendering/object.dart:5706:42)
#83     List.forEach (dart:core-patch/growable_array.dart:428:8)
#84     _RenderObjectSemantics.debugCheckForParentData.debugCheckParentDataNotDirty (package:flutter/src/rendering/object.dart:5706:42)
#85     _RenderObjectSemantics.debugCheckForParentData (package:flutter/src/rendering/object.dart:5709:5)
#86     PipelineOwner.flushSemantics.<anonymous closure> (package:flutter/src/rendering/object.dart:1498:34)
#87     PipelineOwner.flushSemantics (package:flutter/src/rendering/object.dart:1501:8)
#88     PipelineOwner.flushSemantics (package:flutter/src/rendering/object.dart:1653:15)
#89     AutomatedTestWidgetsFlutterBinding.drawFrame (package:flutter_test/src/binding.dart:2444:35)
#90     RendererBinding._handlePersistentFrameCallback (package:flutter/src/rendering/binding.dart:509:5)
#91     SchedulerBinding._invokeFrameCallback (package:flutter/src/scheduler/binding.dart:1430:15)
#92     SchedulerBinding.handleDrawFrame (package:flutter/src/scheduler/binding.dart:1345:9)
#93     AutomatedTestWidgetsFlutterBinding.pump.<anonymous closure> (package:flutter_test/src/binding.dart:2260:9)
#96     TestAsyncUtils.guard (package:flutter_test/src/test_async_utils.dart:74:41)
#97     AutomatedTestWidgetsFlutterBinding.pump (package:flutter_test/src/binding.dart:2249:27)
#98     WidgetTester.pumpAndSettle.<anonymous closure> (package:flutter_test/src/widget_tester.dart:719:23)
#101    TestAsyncUtils.guard (package:flutter_test/src/test_async_utils.dart:74:41)
#102    WidgetTester.pumpAndSettle (package:flutter_test/src/widget_tester.dart:712:27)
#103    main.<anonymous closure> (file:///C:/Users/adrie/Documents/Coelo.worktrees/e2-r02-d04-acessos/apps/superadmin/test/features/safety/presentation/safety_pages_test.dart:465:22)
<asynchronous suspension>
#104    testWidgets.<anonymous closure>.<anonymous closure> (package:flutter_test/src/widget_tester.dart:192:15)
<asynchronous suspension>
#105    TestWidgetsFlutterBinding._runTestBody (package:flutter_test/src/binding.dart:1952:5)
<asynchronous suspension>
<asynchronous suspension>
(elided 7 frames from class _AssertionError, dart:async, and package:stack_trace)
════════════════════════════════════════════════════════════════════════════════════════════════════
══╡ EXCEPTION CAUGHT BY FLUTTER TEST FRAMEWORK ╞════════════════════════════════════════════════════
The following TestFailure was thrown running a test:
Expected: null
  Actual: 'Multiple exceptions (20) were detected during the running of the current test, and at
least one was unexpected.'
375.0 / ThemeMode.light

When the exception was thrown, this was the stack:
#4      main.<anonymous closure> (file:///C:/Users/adrie/Documents/Coelo.worktrees/e2-r02-d04-acessos/apps/superadmin/test/features/safety/presentation/safety_pages_test.dart:466:9)
<asynchronous suspension>
#5      testWidgets.<anonymous closure>.<anonymous closure> (package:flutter_test/src/widget_tester.dart:192:15)
<asynchronous suspension>
#6      TestWidgetsFlutterBinding._runTestBody (package:flutter_test/src/binding.dart:1952:5)
<asynchronous suspension>
<asynchronous suspension>
(elided one frame from package:stack_trace)

This was caught by the test expectation on the following line:
  file:///C:/Users/adrie/Documents/Coelo.worktrees/e2-r02-d04-acessos/apps/superadmin/test/features/safety/presentation/safety_pages_test.dart line 466
The test description was:
  directory stays responsive in light and dark at 200 percent text
════════════════════════════════════════════════════════════════════════════════════════════════════
00:02 +0 -1: directory stays responsive in light and dark at 200 percent text [E]
  Test failed. See exception logs above.
  The test description was: directory stays responsive in light and dark at 200 percent text
  
00:02 +0 -1: directory golden matches approved institution-card anatomy
══╡ EXCEPTION CAUGHT BY RENDERING LIBRARY ╞═════════════════════════════════════════════════════════
The following assertion was thrown during performLayout():
LayoutBuilder does not support returning intrinsic dimensions.
Calculating the intrinsic dimensions would require running the layout callback speculatively, which
might mutate the live render object tree.

The relevant error-causing widget was:
  IntrinsicHeight
  IntrinsicHeight:file:///C:/Users/adrie/Documents/Coelo.worktrees/e2-r02-d04-acessos/apps/superadmin/lib/features/safety/presentation/safety_pages.dart:304:21

When the exception was thrown, this was the stack:
#0      _RenderLayoutBuilder._debugThrowIfNotCheckingIntrinsics.<anonymous closure> (package:flutter/src/widgets/layout_builder.dart:477:9)
#1      _RenderLayoutBuilder._debugThrowIfNotCheckingIntrinsics (package:flutter/src/widgets/layout_builder.dart:484:6)
#2      _RenderLayoutBuilder.computeMaxIntrinsicWidth (package:flutter/src/widgets/layout_builder.dart:404:12)
#3      _IntrinsicDimension.memoize.<anonymous closure> (package:flutter/src/rendering/box.dart:1117:51)
#4      _LinkedHashMapMixin.putIfAbsent (dart:_compact_hash:682:23)
#5      _IntrinsicDimension.memoize (package:flutter/src/rendering/box.dart:1117:10)
#6      RenderBox._computeWithTimeline (package:flutter/src/rendering/box.dart:1620:32)
#7      RenderBox._computeIntrinsics (package:flutter/src/rendering/box.dart:1598:26)
#8      RenderBox.getMaxIntrinsicWidth (package:flutter/src/rendering/box.dart:1803:12)
#9      RenderFlex._getIntrinsicSize.layoutChild (package:flutter/src/rendering/flex.dart:753:27)
#10     RenderFlex._computeSizes (package:flutter/src/rendering/flex.dart:1237:28)
#11     RenderFlex._getIntrinsicSize (package:flutter/src/rendering/flex.dart:760:14)
#12     RenderFlex.computeMaxIntrinsicHeight (package:flutter/src/rendering/flex.dart:799:12)
#13     _IntrinsicDimension.memoize.<anonymous closure> (package:flutter/src/rendering/box.dart:1117:51)
#14     _LinkedHashMapMixin.putIfAbsent (dart:_compact_hash:682:23)
#15     _IntrinsicDimension.memoize (package:flutter/src/rendering/box.dart:1117:10)
#16     RenderBox._computeWithTimeline (package:flutter/src/rendering/box.dart:1620:32)
#17     RenderBox._computeIntrinsics (package:flutter/src/rendering/box.dart:1598:26)
#18     RenderBox.getMaxIntrinsicHeight (package:flutter/src/rendering/box.dart:1956:12)
#19     RenderFlex.computeMaxIntrinsicHeight.<anonymous closure> (package:flutter/src/rendering/flex.dart:802:60)
#20     RenderFlex._getIntrinsicSize (package:flutter/src/rendering/flex.dart:730:39)
#21     RenderFlex.computeMaxIntrinsicHeight (package:flutter/src/rendering/flex.dart:799:12)
#22     _IntrinsicDimension.memoize.<anonymous closure> (package:flutter/src/rendering/box.dart:1117:51)
#23     _LinkedHashMapMixin.putIfAbsent (dart:_compact_hash:682:23)
#24     _IntrinsicDimension.memoize (package:flutter/src/rendering/box.dart:1117:10)
#25     RenderBox._computeWithTimeline (package:flutter/src/rendering/box.dart:1620:32)
#26     RenderBox._computeIntrinsics (package:flutter/src/rendering/box.dart:1598:26)
#27     RenderBox.getMaxIntrinsicHeight (package:flutter/src/rendering/box.dart:1956:12)
#28     RenderPadding.computeMaxIntrinsicHeight (package:flutter/src/rendering/shifted_box.dart:218:21)
#29     _IntrinsicDimension.memoize.<anonymous closure> (package:flutter/src/rendering/box.dart:1117:51)
#30     _LinkedHashMapMixin.putIfAbsent (dart:_compact_hash:682:23)
#31     _IntrinsicDimension.memoize (package:flutter/src/rendering/box.dart:1117:10)
#32     RenderBox._computeWithTimeline (package:flutter/src/rendering/box.dart:1620:32)
#33     RenderBox._computeIntrinsics (package:flutter/src/rendering/box.dart:1598:26)
#34     RenderBox.getMaxIntrinsicHeight (package:flutter/src/rendering/box.dart:1956:12)
#35     RenderProxyBoxMixin.computeMaxIntrinsicHeight (package:flutter/src/rendering/proxy_box.dart:93:19)
#36     _IntrinsicDimension.memoize.<anonymous closure> (package:flutter/src/rendering/box.dart:1117:51)
#37     _LinkedHashMapMixin.putIfAbsent (dart:_compact_hash:682:23)
#38     _IntrinsicDimension.memoize (package:flutter/src/rendering/box.dart:1117:10)
#39     RenderBox._computeWithTimeline (package:flutter/src/rendering/box.dart:1620:32)
#40     RenderBox._computeIntrinsics (package:flutter/src/rendering/box.dart:1598:26)
#41     RenderBox.getMaxIntrinsicHeight (package:flutter/src/rendering/box.dart:1956:12)
#42     RenderProxyBoxMixin.computeMaxIntrinsicHeight (package:flutter/src/rendering/proxy_box.dart:93:19)
#43     _IntrinsicDimension.memoize.<anonymous closure> (package:flutter/src/rendering/box.dart:1117:51)
#44     _LinkedHashMapMixin.putIfAbsent (dart:_compact_hash:682:23)
#45     _IntrinsicDimension.memoize (package:flutter/src/rendering/box.dart:1117:10)
#46     RenderBox._computeWithTimeline (package:flutter/src/rendering/box.dart:1620:32)
#47     RenderBox._computeIntrinsics (package:flutter/src/rendering/box.dart:1598:26)
#48     RenderBox.getMaxIntrinsicHeight (package:flutter/src/rendering/box.dart:1956:12)
#49     RenderProxyBoxMixin.computeMaxIntrinsicHeight (package:flutter/src/rendering/proxy_box.dart:93:19)
#50     _IntrinsicDimension.memoize.<anonymous closure> (package:flutter/src/rendering/box.dart:1117:51)
#51     _LinkedHashMapMixin.putIfAbsent (dart:_compact_hash:682:23)
#52     _IntrinsicDimension.memoize (package:flutter/src/rendering/box.dart:1117:10)
#53     RenderBox._computeWithTimeline (package:flutter/src/rendering/box.dart:1620:32)
#54     RenderBox._computeIntrinsics (package:flutter/src/rendering/box.dart:1598:26)
#55     RenderBox.getMaxIntrinsicHeight (package:flutter/src/rendering/box.dart:1956:12)
#56     RenderProxyBoxMixin.computeMaxIntrinsicHeight (package:flutter/src/rendering/proxy_box.dart:93:19)
#57     _IntrinsicDimension.memoize.<anonymous closure> (package:flutter/src/rendering/box.dart:1117:51)
#58     _LinkedHashMapMixin.putIfAbsent (dart:_compact_hash:682:23)
#59     _IntrinsicDimension.memoize (package:flutter/src/rendering/box.dart:1117:10)
#60     RenderBox._computeWithTimeline (package:flutter/src/rendering/box.dart:1620:32)
#61     RenderBox._computeIntrinsics (package:flutter/src/rendering/box.dart:1598:26)
#62     RenderBox.getMaxIntrinsicHeight (package:flutter/src/rendering/box.dart:1956:12)
#63     RenderProxyBoxMixin.computeMaxIntrinsicHeight (package:flutter/src/rendering/proxy_box.dart:93:19)
#64     _IntrinsicDimension.memoize.<anonymous closure> (package:flutter/src/rendering/box.dart:1117:51)
#65     _LinkedHashMapMixin.putIfAbsent (dart:_compact_hash:682:23)
#66     _IntrinsicDimension.memoize (package:flutter/src/rendering/box.dart:1117:10)
#67     RenderBox._computeWithTimeline (package:flutter/src/rendering/box.dart:1620:32)
#68     RenderBox._computeIntrinsics (package:flutter/src/rendering/box.dart:1598:26)
#69     RenderBox.getMaxIntrinsicHeight (package:flutter/src/rendering/box.dart:1956:12)
#70     RenderProxyBoxMixin.computeMaxIntrinsicHeight (package:flutter/src/rendering/proxy_box.dart:93:19)
#71     RenderCustomPaint.computeMaxIntrinsicHeight (package:flutter/src/rendering/custom_paint.dart:542:18)
#72     _IntrinsicDimension.memoize.<anonymous closure> (package:flutter/src/rendering/box.dart:1117:51)
#73     _LinkedHashMapMixin.putIfAbsent (dart:_compact_hash:682:23)
#74     _IntrinsicDimension.memoize (package:flutter/src/rendering/box.dart:1117:10)
#75     RenderBox._computeWithTimeline (package:flutter/src/rendering/box.dart:1620:32)
#76     RenderBox._computeIntrinsics (package:flutter/src/rendering/box.dart:1598:26)
#77     RenderBox.getMaxIntrinsicHeight (package:flutter/src/rendering/box.dart:1956:12)
#78     RenderProxyBoxMixin.computeMaxIntrinsicHeight (package:flutter/src/rendering/proxy_box.dart:93:19)
#79     _IntrinsicDimension.memoize.<anonymous closure> (package:flutter/src/rendering/box.dart:1117:51)
#80     _LinkedHashMapMixin.putIfAbsent (dart:_compact_hash:682:23)
#81     _IntrinsicDimension.memoize (package:flutter/src/rendering/box.dart:1117:10)
#82     RenderBox._computeWithTimeline (package:flutter/src/rendering/box.dart:1620:32)
#83     RenderBox._computeIntrinsics (package:flutter/src/rendering/box.dart:1598:26)
#84     RenderBox.getMaxIntrinsicHeight (package:flutter/src/rendering/box.dart:1956:12)
#85     RenderPadding.computeMaxIntrinsicHeight (package:flutter/src/rendering/shifted_box.dart:218:21)
#86     _IntrinsicDimension.memoize.<anonymous closure> (package:flutter/src/rendering/box.dart:1117:51)
#87     _LinkedHashMapMixin.putIfAbsent (dart:_compact_hash:682:23)
#88     _IntrinsicDimension.memoize (package:flutter/src/rendering/box.dart:1117:10)
#89     RenderBox._computeWithTimeline (package:flutter/src/rendering/box.dart:1620:32)
#90     RenderBox._computeIntrinsics (package:flutter/src/rendering/box.dart:1598:26)
#91     RenderBox.getMaxIntrinsicHeight (package:flutter/src/rendering/box.dart:1956:12)
#92     RenderProxyBoxMixin.computeMaxIntrinsicHeight (package:flutter/src/rendering/proxy_box.dart:93:19)
#93     _IntrinsicDimension.memoize.<anonymous closure> (package:flutter/src/rendering/box.dart:1117:51)
#94     _LinkedHashMapMixin.putIfAbsent (dart:_compact_hash:682:23)
#95     _IntrinsicDimension.memoize (package:flutter/src/rendering/box.dart:1117:10)
#96     RenderBox._computeWithTimeline (package:flutter/src/rendering/box.dart:1620:32)
#97     RenderBox._computeIntrinsics (package:flutter/src/rendering/box.dart:1598:26)
#98     RenderBox.getMaxIntrinsicHeight (package:flutter/src/rendering/box.dart:1956:12)
#99     RenderProxyBoxMixin.computeMaxIntrinsicHeight (package:flutter/src/rendering/proxy_box.dart:93:19)
#100    RenderConstrainedBox.computeMaxIntrinsicHeight (package:flutter/src/rendering/proxy_box.dart:279:33)
#101    _IntrinsicDimension.memoize.<anonymous closure> (package:flutter/src/rendering/box.dart:1117:51)
#102    _LinkedHashMapMixin.putIfAbsent (dart:_compact_hash:682:23)
#103    _IntrinsicDimension.memoize (package:flutter/src/rendering/box.dart:1117:10)
#104    RenderBox._computeWithTimeline (package:flutter/src/rendering/box.dart:1620:32)
#105    RenderBox._computeIntrinsics (package:flutter/src/rendering/box.dart:1598:26)
#106    RenderBox.getMaxIntrinsicHeight (package:flutter/src/rendering/box.dart:1956:12)
#107    RenderProxyBoxMixin.computeMaxIntrinsicHeight (package:flutter/src/rendering/proxy_box.dart:93:19)
#108    _IntrinsicDimension.memoize.<anonymous closure> (package:flutter/src/rendering/box.dart:1117:51)
#109    _LinkedHashMapMixin.putIfAbsent (dart:_compact_hash:682:23)
#110    _IntrinsicDimension.memoize (package:flutter/src/rendering/box.dart:1117:10)
#111    RenderBox._computeWithTimeline (package:flutter/src/rendering/box.dart:1620:32)
#112    RenderBox._computeIntrinsics (package:flutter/src/rendering/box.dart:1598:26)
#113    RenderBox.getMaxIntrinsicHeight (package:flutter/src/rendering/box.dart:1956:12)
#114    RenderProxyBoxMixin.computeMaxIntrinsicHeight (package:flutter/src/rendering/proxy_box.dart:93:19)
#115    _IntrinsicDimension.memoize.<anonymous closure> (package:flutter/src/rendering/box.dart:1117:51)
#116    _LinkedHashMapMixin.putIfAbsent (dart:_compact_hash:682:23)
#117    _IntrinsicDimension.memoize (package:flutter/src/rendering/box.dart:1117:10)
#118    RenderBox._computeWithTimeline (package:flutter/src/rendering/box.dart:1620:32)
#119    RenderBox._computeIntrinsics (package:flutter/src/rendering/box.dart:1598:26)
#120    RenderBox.getMaxIntrinsicHeight (package:flutter/src/rendering/box.dart:1956:12)
#121    RenderProxyBoxMixin.computeMaxIntrinsicHeight (package:flutter/src/rendering/proxy_box.dart:93:19)
#122    _IntrinsicDimension.memoize.<anonymous closure> (package:flutter/src/rendering/box.dart:1117:51)
#123    _LinkedHashMapMixin.putIfAbsent (dart:_compact_hash:682:23)
#124    _IntrinsicDimension.memoize (package:flutter/src/rendering/box.dart:1117:10)
#125    RenderBox._computeWithTimeline (package:flutter/src/rendering/box.dart:1620:32)
#126    RenderBox._computeIntrinsics (package:flutter/src/rendering/box.dart:1598:26)
#127    RenderBox.getMaxIntrinsicHeight (package:flutter/src/rendering/box.dart:1956:12)
#128    RenderProxyBoxMixin.computeMaxIntrinsicHeight (package:flutter/src/rendering/proxy_box.dart:93:19)
#129    RenderConstrainedBox.computeMaxIntrinsicHeight (package:flutter/src/rendering/proxy_box.dart:279:33)
#130    _IntrinsicDimension.memoize.<anonymous closure> (package:flutter/src/rendering/box.dart:1117:51)
#131    _LinkedHashMapMixin.putIfAbsent (dart:_compact_hash:682:23)
#132    _IntrinsicDimension.memoize (package:flutter/src/rendering/box.dart:1117:10)
#133    RenderBox._computeWithTimeline (package:flutter/src/rendering/box.dart:1620:32)
#134    RenderBox._computeIntrinsics (package:flutter/src/rendering/box.dart:1598:26)
#135    RenderBox.getMaxIntrinsicHeight (package:flutter/src/rendering/box.dart:1956:12)
#136    RenderFlex.computeMaxIntrinsicHeight.<anonymous closure> (package:flutter/src/rendering/flex.dart:802:60)
#137    RenderFlex._getIntrinsicSize.layoutChild (package:flutter/src/rendering/flex.dart:756:46)
#138    RenderFlex._computeSizes (package:flutter/src/rendering/flex.dart:1275:26)
#139    RenderFlex._getIntrinsicSize (package:flutter/src/rendering/flex.dart:760:14)
#140    RenderFlex.computeMaxIntrinsicHeight (package:flutter/src/rendering/flex.dart:799:12)
#141    _IntrinsicDimension.memoize.<anonymous closure> (package:flutter/src/rendering/box.dart:1117:51)
#142    _LinkedHashMapMixin.putIfAbsent (dart:_compact_hash:682:23)
#143    _IntrinsicDimension.memoize (package:flutter/src/rendering/box.dart:1117:10)
#144    RenderBox._computeWithTimeline (package:flutter/src/rendering/box.dart:1620:32)
#145    RenderBox._computeIntrinsics (package:flutter/src/rendering/box.dart:1598:26)
#146    RenderBox.getMaxIntrinsicHeight (package:flutter/src/rendering/box.dart:1956:12)
#147    RenderIntrinsicHeight._childConstraints (package:flutter/src/rendering/proxy_box.dart:819:45)
#148    RenderIntrinsicHeight._computeSize (package:flutter/src/rendering/proxy_box.dart:826:30)
#149    RenderIntrinsicHeight.performLayout (package:flutter/src/rendering/proxy_box.dart:843:12)
#150    RenderObject.layout (package:flutter/src/rendering/object.dart:2907:7)
#151    ChildLayoutHelper.layoutChild (package:flutter/src/rendering/layout_helper.dart:62:11)
#152    RenderFlex._computeSizes (package:flutter/src/rendering/flex.dart:1237:28)
#153    RenderFlex.performLayout (package:flutter/src/rendering/flex.dart:1329:32)
#154    RenderObject.layout (package:flutter/src/rendering/object.dart:2907:7)
#155    _RenderLayoutBuilder.performLayout (package:flutter/src/widgets/layout_builder.dart:449:14)
#156    RenderObject.layout (package:flutter/src/rendering/object.dart:2907:7)
#157    ChildLayoutHelper.layoutChild (package:flutter/src/rendering/layout_helper.dart:62:11)
#158    RenderFlex._computeSizes (package:flutter/src/rendering/flex.dart:1237:28)
#159    RenderFlex.performLayout (package:flutter/src/rendering/flex.dart:1329:32)
#160    RenderObject.layout (package:flutter/src/rendering/object.dart:2907:7)
#161    RenderProxyBoxMixin.performLayout (package:flutter/src/rendering/proxy_box.dart:118:18)
#162    RenderObject.layout (package:flutter/src/rendering/object.dart:2907:7)
#163    RenderProxyBoxMixin.performLayout (package:flutter/src/rendering/proxy_box.dart:118:18)
#164    RenderObject.layout (package:flutter/src/rendering/object.dart:2907:7)
#165    RenderSliverMultiBoxAdaptor.insertAndLayoutChild (package:flutter/src/rendering/sliver_multi_box_adaptor.dart:520:13)
#166    RenderSliverList.performLayout.advance (package:flutter/src/rendering/sliver_list.dart:238:19)
#167    RenderSliverList.performLayout (package:flutter/src/rendering/sliver_list.dart:278:12)
#168    RenderObject.layout (package:flutter/src/rendering/object.dart:2907:7)
#169    RenderSliverEdgeInsetsPadding.performLayout (package:flutter/src/rendering/sliver_padding.dart:133:12)
#170    RenderSliverPadding.performLayout (package:flutter/src/rendering/sliver_padding.dart:368:11)
#171    RenderObject.layout (package:flutter/src/rendering/object.dart:2907:7)
#172    RenderViewportBase.layoutChildSequence (package:flutter/src/rendering/viewport.dart:821:13)
#173    RenderViewport._attemptLayout (package:flutter/src/rendering/viewport.dart:1831:12)
#174    RenderViewport.performLayout (package:flutter/src/rendering/viewport.dart:1724:20)
#175    RenderObject.layout (package:flutter/src/rendering/object.dart:2907:7)
#176    RenderProxyBoxMixin.performLayout (package:flutter/src/rendering/proxy_box.dart:118:18)
#177    RenderObject.layout (package:flutter/src/rendering/object.dart:2907:7)
#178    RenderProxyBoxMixin.performLayout (package:flutter/src/rendering/proxy_box.dart:118:18)
#179    RenderObject.layout (package:flutter/src/rendering/object.dart:2907:7)
#180    RenderProxyBoxMixin.performLayout (package:flutter/src/rendering/proxy_box.dart:118:18)
#181    RenderObject.layout (package:flutter/src/rendering/object.dart:2907:7)
#182    RenderProxyBoxMixin.performLayout (package:flutter/src/rendering/proxy_box.dart:118:18)
#183    RenderObject.layout (package:flutter/src/rendering/object.dart:2907:7)
#184    RenderProxyBoxMixin.performLayout (package:flutter/src/rendering/proxy_box.dart:118:18)
#185    RenderObject.layout (package:flutter/src/rendering/object.dart:2907:7)
#186    RenderProxyBoxMixin.performLayout (package:flutter/src/rendering/proxy_box.dart:118:18)
#187    RenderObject.layout (package:flutter/src/rendering/object.dart:2907:7)
#188    RenderProxyBoxMixin.performLayout (package:flutter/src/rendering/proxy_box.dart:118:18)
#189    RenderObject.layout (package:flutter/src/rendering/object.dart:2907:7)
#190    RenderProxyBoxMixin.performLayout (package:flutter/src/rendering/proxy_box.dart:118:18)
#191    _RenderCustomClip.performLayout (package:flutter/src/rendering/proxy_box.dart:1549:11)
#192    RenderObject.layout (package:flutter/src/rendering/object.dart:2907:7)
#193    ChildLayoutHelper.layoutChild (package:flutter/src/rendering/layout_helper.dart:62:11)
#194    RenderStack._computeSize (package:flutter/src/rendering/stack.dart:647:43)
#195    RenderStack.performLayout (package:flutter/src/rendering/stack.dart:682:12)
#196    RenderObject.layout (package:flutter/src/rendering/object.dart:2907:7)
#197    RenderProxyBoxMixin.performLayout (package:flutter/src/rendering/proxy_box.dart:118:18)
#198    RenderObject.layout (package:flutter/src/rendering/object.dart:2907:7)
#199    _RenderLayoutBuilder.performLayout (package:flutter/src/widgets/layout_builder.dart:449:14)
#200    RenderObject.layout (package:flutter/src/rendering/object.dart:2907:7)
#201    ChildLayoutHelper.layoutChild (package:flutter/src/rendering/layout_helper.dart:62:11)
#202    RenderFlex._computeSizes (package:flutter/src/rendering/flex.dart:1275:26)
#203    RenderFlex.performLayout (package:flutter/src/rendering/flex.dart:1329:32)
#204    RenderObject.layout (package:flutter/src/rendering/object.dart:2907:7)
#205    RenderProxyBoxMixin.performLayout (package:flutter/src/rendering/proxy_box.dart:118:18)
#206    RenderObject.layout (package:flutter/src/rendering/object.dart:2907:7)
#207    RenderProxyBoxMixin.performLayout (package:flutter/src/rendering/proxy_box.dart:118:18)
#208    RenderCustomPaint.performLayout (package:flutter/src/rendering/custom_paint.dart:574:11)
#209    RenderObject.layout (package:flutter/src/rendering/object.dart:2907:7)
#210    RenderProxyBoxMixin.performLayout (package:flutter/src/rendering/proxy_box.dart:118:18)
#211    _RenderCustomClip.performLayout (package:flutter/src/rendering/proxy_box.dart:1549:11)
#212    RenderObject.layout (package:flutter/src/rendering/object.dart:2907:7)
#213    RenderProxyBoxMixin.performLayout (package:flutter/src/rendering/proxy_box.dart:118:18)
#214    RenderObject.layout (package:flutter/src/rendering/object.dart:2907:7)
#215    ChildLayoutHelper.layoutChild (package:flutter/src/rendering/layout_helper.dart:62:11)
#216    RenderFlex._computeSizes (package:flutter/src/rendering/flex.dart:1275:26)
#217    RenderFlex.performLayout (package:flutter/src/rendering/flex.dart:1329:32)
#218    RenderObject.layout (package:flutter/src/rendering/object.dart:2907:7)
#219    ChildLayoutHelper.layoutChild (package:flutter/src/rendering/layout_helper.dart:62:11)
#220    RenderStack._computeSize (package:flutter/src/rendering/stack.dart:647:43)
#221    RenderStack.performLayout (package:flutter/src/rendering/stack.dart:682:12)
#222    RenderObject.layout (package:flutter/src/rendering/object.dart:2907:7)
#223    RenderPadding.performLayout (package:flutter/src/rendering/shifted_box.dart:262:12)
#224    RenderObject.layout (package:flutter/src/rendering/object.dart:2907:7)
#225    ChildLayoutHelper.layoutChild (package:flutter/src/rendering/layout_helper.dart:62:11)
#226    RenderStack._computeSize (package:flutter/src/rendering/stack.dart:647:43)
#227    RenderStack.performLayout (package:flutter/src/rendering/stack.dart:682:12)
#228    RenderObject.layout (package:flutter/src/rendering/object.dart:2907:7)
#229    MultiChildLayoutDelegate.layoutChild (package:flutter/src/rendering/custom_layout.dart:180:12)
#230    _ScaffoldLayout.performLayout (package:flutter/src/material/scaffold.dart:1113:7)
#231    MultiChildLayoutDelegate._callPerformLayout (package:flutter/src/rendering/custom_layout.dart:246:7)
#232    RenderCustomMultiChildLayoutBox.performLayout (package:flutter/src/rendering/custom_layout.dart:417:14)
#233    RenderObject.layout (package:flutter/src/rendering/object.dart:2907:7)
#234    RenderProxyBoxMixin.performLayout (package:flutter/src/rendering/proxy_box.dart:118:18)
#235    RenderObject.layout (package:flutter/src/rendering/object.dart:2907:7)
#236    RenderProxyBoxMixin.performLayout (package:flutter/src/rendering/proxy_box.dart:118:18)
#237    _RenderCustomClip.performLayout (package:flutter/src/rendering/proxy_box.dart:1549:11)
#238    RenderObject.layout (package:flutter/src/rendering/object.dart:2907:7)
#239    _RenderLayoutBuilder.performLayout (package:flutter/src/widgets/layout_builder.dart:449:14)
#240    RenderObject.layout (package:flutter/src/rendering/object.dart:2907:7)
#241    RenderProxyBoxMixin.performLayout (package:flutter/src/rendering/proxy_box.dart:118:18)
#242    RenderObject.layout (package:flutter/src/rendering/object.dart:2907:7)
#243    RenderProxyBoxMixin.performLayout (package:flutter/src/rendering/proxy_box.dart:118:18)
#244    RenderObject.layout (package:flutter/src/rendering/object.dart:2907:7)
#245    RenderProxyBoxMixin.performLayout (package:flutter/src/rendering/proxy_box.dart:118:18)
#246    RenderObject.layout (package:flutter/src/rendering/object.dart:2907:7)
#247    RenderProxyBoxMixin.performLayout (package:flutter/src/rendering/proxy_box.dart:118:18)
#248    RenderObject.layout (package:flutter/src/rendering/object.dart:2907:7)
#249    RenderProxyBoxMixin.performLayout (package:flutter/src/rendering/proxy_box.dart:118:18)
#250    RenderObject.layout (package:flutter/src/rendering/object.dart:2907:7)
#251    RenderProxyBoxMixin.performLayout (package:flutter/src/rendering/proxy_box.dart:118:18)
#252    RenderObject.layout (package:flutter/src/rendering/object.dart:2907:7)
#253    RenderProxyBoxMixin.performLayout (package:flutter/src/rendering/proxy_box.dart:118:18)
#254    RenderObject.layout (package:flutter/src/rendering/object.dart:2907:7)
#255    RenderProxyBoxMixin.performLayout (package:flutter/src/rendering/proxy_box.dart:118:18)
#256    RenderObject.layout (package:flutter/src/rendering/object.dart:2907:7)
#257    RenderProxyBoxMixin.performLayout (package:flutter/src/rendering/proxy_box.dart:118:18)
#258    RenderObject.layout (package:flutter/src/rendering/object.dart:2907:7)
#259    RenderProxyBoxMixin.performLayout (package:flutter/src/rendering/proxy_box.dart:118:18)
#260    RenderObject.layout (package:flutter/src/rendering/object.dart:2907:7)
#261    RenderProxyBoxMixin.performLayout (package:flutter/src/rendering/proxy_box.dart:118:18)
#262    RenderObject.layout (package:flutter/src/rendering/object.dart:2907:7)
#263    RenderProxyBoxMixin.performLayout (package:flutter/src/rendering/proxy_box.dart:118:18)
#264    RenderObject.layout (package:flutter/src/rendering/object.dart:2907:7)
#265    RenderProxyBoxMixin.performLayout (package:flutter/src/rendering/proxy_box.dart:118:18)
#266    RenderObject.layout (package:flutter/src/rendering/object.dart:2907:7)
#267    RenderProxyBoxMixin.performLayout (package:flutter/src/rendering/proxy_box.dart:118:18)
#268    RenderObject.layout (package:flutter/src/rendering/object.dart:2907:7)
#269    RenderProxyBoxMixin.performLayout (package:flutter/src/rendering/proxy_box.dart:118:18)
#270    RenderObject.layout (package:flutter/src/rendering/object.dart:2907:7)
#271    RenderProxyBoxMixin.performLayout (package:flutter/src/rendering/proxy_box.dart:118:18)
#272    RenderOffstage.performLayout (package:flutter/src/rendering/proxy_box.dart:3923:13)
#273    RenderObject.layout (package:flutter/src/rendering/object.dart:2907:7)
#274    RenderProxyBoxMixin.performLayout (package:flutter/src/rendering/proxy_box.dart:118:18)
#275    RenderObject.layout (package:flutter/src/rendering/object.dart:2907:7)
#276    _RenderTheaterMixin.layoutChild (package:flutter/src/widgets/overlay.dart:1124:13)
#277    _RenderTheater.performLayout (package:flutter/src/widgets/overlay.dart:1481:9)
#278    RenderObject.layout (package:flutter/src/rendering/object.dart:2907:7)
#279    RenderProxyBoxMixin.performLayout (package:flutter/src/rendering/proxy_box.dart:118:18)
#280    RenderObject.layout (package:flutter/src/rendering/object.dart:2907:7)
#281    RenderProxyBoxMixin.performLayout (package:flutter/src/rendering/proxy_box.dart:118:18)
#282    RenderObject.layout (package:flutter/src/rendering/object.dart:2907:7)
#283    RenderProxyBoxMixin.performLayout (package:flutter/src/rendering/proxy_box.dart:118:18)
#284    RenderObject.layout (package:flutter/src/rendering/object.dart:2907:7)
#285    RenderProxyBoxMixin.performLayout (package:flutter/src/rendering/proxy_box.dart:118:18)
#286    RenderCustomPaint.performLayout (package:flutter/src/rendering/custom_paint.dart:574:11)
#287    RenderObject.layout (package:flutter/src/rendering/object.dart:2907:7)
#288    RenderProxyBoxMixin.performLayout (package:flutter/src/rendering/proxy_box.dart:118:18)
#289    RenderObject.layout (package:flutter/src/rendering/object.dart:2907:7)
#290    RenderProxyBoxMixin.performLayout (package:flutter/src/rendering/proxy_box.dart:118:18)
#291    RenderObject.layout (package:flutter/src/rendering/object.dart:2907:7)
#292    RenderProxyBoxMixin.performLayout (package:flutter/src/rendering/proxy_box.dart:118:18)
#293    RenderObject.layout (package:flutter/src/rendering/object.dart:2907:7)
#294    RenderProxyBoxMixin.performLayout (package:flutter/src/rendering/proxy_box.dart:118:18)
#295    RenderObject.layout (package:flutter/src/rendering/object.dart:2907:7)
#296    RenderProxyBoxMixin.performLayout (package:flutter/src/rendering/proxy_box.dart:118:18)
#297    RenderObject.layout (package:flutter/src/rendering/object.dart:2907:7)
#298    RenderProxyBoxMixin.performLayout (package:flutter/src/rendering/proxy_box.dart:118:18)
#299    RenderObject.layout (package:flutter/src/rendering/object.dart:2907:7)
#300    RenderProxyBoxMixin.performLayout (package:flutter/src/rendering/proxy_box.dart:118:18)
#301    RenderObject.layout (package:flutter/src/rendering/object.dart:2907:7)
#302    RenderView.performLayout (package:flutter/src/rendering/view.dart:292:12)
#303    RenderObject._layoutWithoutResize (package:flutter/src/rendering/object.dart:2755:7)
#304    PipelineOwner.flushLayout (package:flutter/src/rendering/object.dart:1174:18)
#305    PipelineOwner.flushLayout (package:flutter/src/rendering/object.dart:1187:15)
#306    AutomatedTestWidgetsFlutterBinding.drawFrame (package:flutter_test/src/binding.dart:2433:27)
#307    RendererBinding._handlePersistentFrameCallback (package:flutter/src/rendering/binding.dart:509:5)
#308    SchedulerBinding._invokeFrameCallback (package:flutter/src/scheduler/binding.dart:1430:15)
#309    SchedulerBinding.handleDrawFrame (package:flutter/src/scheduler/binding.dart:1345:9)
#310    AutomatedTestWidgetsFlutterBinding.pump.<anonymous closure> (package:flutter_test/src/binding.dart:2260:9)
#313    TestAsyncUtils.guard (package:flutter_test/src/test_async_utils.dart:74:41)
#314    AutomatedTestWidgetsFlutterBinding.pump (package:flutter_test/src/binding.dart:2249:27)
#315    WidgetTester.pumpWidget.<anonymous closure> (package:flutter_test/src/widget_tester.dart:598:22)
#318    TestAsyncUtils.guard (package:flutter_test/src/test_async_utils.dart:74:41)
#319    WidgetTester.pumpWidget (package:flutter_test/src/widget_tester.dart:595:27)
#320    main.<anonymous closure> (file:///C:/Users/adrie/Documents/Coelo.worktrees/e2-r02-d04-acessos/apps/superadmin/test/features/safety/presentation/safety_pages_test.dart:478:18)
<asynchronous suspension>
#321    testWidgets.<anonymous closure>.<anonymous closure> (package:flutter_test/src/widget_tester.dart:192:15)
<asynchronous suspension>
#322    TestWidgetsFlutterBinding._runTestBody (package:flutter_test/src/binding.dart:1952:5)
<asynchronous suspension>
<asynchronous suspension>
(elided 5 frames from dart:async and package:stack_trace)

The following RenderObject was being processed when the exception was fired: RenderIntrinsicHeight#6eb80 relayoutBoundary=up8 NEEDS-PAINT NEEDS-COMPOSITING-BITS-UPDATE:
  creator: IntrinsicHeight ← Column ← LayoutBuilder ← Column ← RepaintBoundary ← IndexedSemantics ←
    _SelectionKeepAlive ← NotificationListener<KeepAliveNotification> ← KeepAlive ← AutomaticKeepAlive
    ← KeyedSubtree ← SliverList ← ⋯
  parentData: offset=Offset(0.0, 0.0); flex=null; fit=null (can use size)
  constraints: BoxConstraints(0.0<=w<=1096.0, 0.0<=h<=Infinity)
  size: MISSING
This RenderObject had the following descendants (showing up to depth 5):
    child: RenderFlex#1432f NEEDS-LAYOUT NEEDS-PAINT NEEDS-COMPOSITING-BITS-UPDATE
      child 1: RenderConstrainedBox#387e3 NEEDS-LAYOUT NEEDS-PAINT NEEDS-COMPOSITING-BITS-UPDATE
        child: RenderSemanticsAnnotations#f888f NEEDS-LAYOUT NEEDS-PAINT NEEDS-COMPOSITING-BITS-UPDATE
          child: RenderDecoratedBox#321c4 NEEDS-LAYOUT NEEDS-PAINT NEEDS-COMPOSITING-BITS-UPDATE
            child: RenderPadding#c1e4a NEEDS-LAYOUT NEEDS-PAINT NEEDS-COMPOSITING-BITS-UPDATE
      child 2: RenderConstrainedBox#3d894 NEEDS-LAYOUT NEEDS-PAINT
      child 3: RenderConstrainedBox#473ee NEEDS-LAYOUT NEEDS-PAINT NEEDS-COMPOSITING-BITS-UPDATE
        child: RenderMouseRegion#569a0 NEEDS-LAYOUT NEEDS-PAINT NEEDS-COMPOSITING-BITS-UPDATE
          child: RenderSemanticsAnnotations#3a8f5 NEEDS-LAYOUT NEEDS-PAINT NEEDS-COMPOSITING-BITS-UPDATE
            child: RenderExcludeSemantics#1daf9 NEEDS-LAYOUT NEEDS-PAINT NEEDS-COMPOSITING-BITS-UPDATE
════════════════════════════════════════════════════════════════════════════════════════════════════
══╡ EXCEPTION CAUGHT BY RENDERING LIBRARY ╞═════════════════════════════════════════════════════════
The following assertion was thrown during performLayout():
RenderBox was not laid out: RenderIntrinsicHeight#6eb80 relayoutBoundary=up8 NEEDS-PAINT
NEEDS-COMPOSITING-BITS-UPDATE
'package:flutter/src/rendering/box.dart':
Failed assertion: line 2251 pos 12: 'hasSize'

Either the assertion indicates an error in the framework itself, or we should provide substantially
more information in this error message to help you determine and fix the underlying cause.
In either case, please report this assertion by filing a bug on GitHub:
  https://github.com/flutter/flutter/issues/new?template=02_bug.yml

The relevant error-causing widget was:
  Column
  Column:file:///C:/Users/adrie/Documents/Coelo.worktrees/e2-r02-d04-acessos/apps/superadmin/lib/features/safety/presentation/safety_pages.dart:301:22

When the exception was thrown, this was the stack:
#2      RenderBox.size (package:flutter/src/rendering/box.dart:2251:12)
#3      ChildLayoutHelper.layoutChild (package:flutter/src/rendering/layout_helper.dart:63:18)
#4      RenderFlex._computeSizes (package:flutter/src/rendering/flex.dart:1237:28)
#5      RenderFlex.performLayout (package:flutter/src/rendering/flex.dart:1329:32)
#6      RenderObject.layout (package:flutter/src/rendering/object.dart:2907:7)
#7      _RenderLayoutBuilder.performLayout (package:flutter/src/widgets/layout_builder.dart:449:14)
#8      RenderObject.layout (package:flutter/src/rendering/object.dart:2907:7)
#9      ChildLayoutHelper.layoutChild (package:flutter/src/rendering/layout_helper.dart:62:11)
#10     RenderFlex._computeSizes (package:flutter/src/rendering/flex.dart:1237:28)
#11     RenderFlex.performLayout (package:flutter/src/rendering/flex.dart:1329:32)
#12     RenderObject.layout (package:flutter/src/rendering/object.dart:2907:7)
#13     RenderProxyBoxMixin.performLayout (package:flutter/src/rendering/proxy_box.dart:118:18)
#14     RenderObject.layout (package:flutter/src/rendering/object.dart:2907:7)
#15     RenderProxyBoxMixin.performLayout (package:flutter/src/rendering/proxy_box.dart:118:18)
#16     RenderObject.layout (package:flutter/src/rendering/object.dart:2907:7)
#17     RenderSliverMultiBoxAdaptor.insertAndLayoutChild (package:flutter/src/rendering/sliver_multi_box_adaptor.dart:520:13)
#18     RenderSliverList.performLayout.advance (package:flutter/src/rendering/sliver_list.dart:238:19)
#19     RenderSliverList.performLayout (package:flutter/src/rendering/sliver_list.dart:278:12)
#20     RenderObject.layout (package:flutter/src/rendering/object.dart:2907:7)
#21     RenderSliverEdgeInsetsPadding.performLayout (package:flutter/src/rendering/sliver_padding.dart:133:12)
#22     RenderSliverPadding.performLayout (package:flutter/src/rendering/sliver_padding.dart:368:11)
#23     RenderObject.layout (package:flutter/src/rendering/object.dart:2907:7)
#24     RenderViewportBase.layoutChildSequence (package:flutter/src/rendering/viewport.dart:821:13)
#25     RenderViewport._attemptLayout (package:flutter/src/rendering/viewport.dart:1831:12)
#26     RenderViewport.performLayout (package:flutter/src/rendering/viewport.dart:1724:20)
#27     RenderObject.layout (package:flutter/src/rendering/object.dart:2907:7)
#28     RenderProxyBoxMixin.performLayout (package:flutter/src/rendering/proxy_box.dart:118:18)
#29     RenderObject.layout (package:flutter/src/rendering/object.dart:2907:7)
#30     RenderProxyBoxMixin.performLayout (package:flutter/src/rendering/proxy_box.dart:118:18)
#31     RenderObject.layout (package:flutter/src/rendering/object.dart:2907:7)
#32     RenderProxyBoxMixin.performLayout (package:flutter/src/rendering/proxy_box.dart:118:18)
#33     RenderObject.layout (package:flutter/src/rendering/object.dart:2907:7)
#34     RenderProxyBoxMixin.performLayout (package:flutter/src/rendering/proxy_box.dart:118:18)
#35     RenderObject.layout (package:flutter/src/rendering/object.dart:2907:7)
#36     RenderProxyBoxMixin.performLayout (package:flutter/src/rendering/proxy_box.dart:118:18)
#37     RenderObject.layout (package:flutter/src/rendering/object.dart:2907:7)
#38     RenderProxyBoxMixin.performLayout (package:flutter/src/rendering/proxy_box.dart:118:18)
#39     RenderObject.layout (package:flutter/src/rendering/object.dart:2907:7)
#40     RenderProxyBoxMixin.performLayout (package:flutter/src/rendering/proxy_box.dart:118:18)
#41     RenderObject.layout (package:flutter/src/rendering/object.dart:2907:7)
#42     RenderProxyBoxMixin.performLayout (package:flutter/src/rendering/proxy_box.dart:118:18)
#43     _RenderCustomClip.performLayout (package:flutter/src/rendering/proxy_box.dart:1549:11)
#44     RenderObject.layout (package:flutter/src/rendering/object.dart:2907:7)
#45     ChildLayoutHelper.layoutChild (package:flutter/src/rendering/layout_helper.dart:62:11)
#46     RenderStack._computeSize (package:flutter/src/rendering/stack.dart:647:43)
#47     RenderStack.performLayout (package:flutter/src/rendering/stack.dart:682:12)
#48     RenderObject.layout (package:flutter/src/rendering/object.dart:2907:7)
#49     RenderProxyBoxMixin.performLayout (package:flutter/src/rendering/proxy_box.dart:118:18)
#50     RenderObject.layout (package:flutter/src/rendering/object.dart:2907:7)
#51     _RenderLayoutBuilder.performLayout (package:flutter/src/widgets/layout_builder.dart:449:14)
#52     RenderObject.layout (package:flutter/src/rendering/object.dart:2907:7)
#53     ChildLayoutHelper.layoutChild (package:flutter/src/rendering/layout_helper.dart:62:11)
#54     RenderFlex._computeSizes (package:flutter/src/rendering/flex.dart:1275:26)
#55     RenderFlex.performLayout (package:flutter/src/rendering/flex.dart:1329:32)
#56     RenderObject.layout (package:flutter/src/rendering/object.dart:2907:7)
#57     RenderProxyBoxMixin.performLayout (package:flutter/src/rendering/proxy_box.dart:118:18)
#58     RenderObject.layout (package:flutter/src/rendering/object.dart:2907:7)
#59     RenderProxyBoxMixin.performLayout (package:flutter/src/rendering/proxy_box.dart:118:18)
#60     RenderCustomPaint.performLayout (package:flutter/src/rendering/custom_paint.dart:574:11)
#61     RenderObject.layout (package:flutter/src/rendering/object.dart:2907:7)
#62     RenderProxyBoxMixin.performLayout (package:flutter/src/rendering/proxy_box.dart:118:18)
#63     _RenderCustomClip.performLayout (package:flutter/src/rendering/proxy_box.dart:1549:11)
#64     RenderObject.layout (package:flutter/src/rendering/object.dart:2907:7)
#65     RenderProxyBoxMixin.performLayout (package:flutter/src/rendering/proxy_box.dart:118:18)
#66     RenderObject.layout (package:flutter/src/rendering/object.dart:2907:7)
#67     ChildLayoutHelper.layoutChild (package:flutter/src/rendering/layout_helper.dart:62:11)
#68     RenderFlex._computeSizes (package:flutter/src/rendering/flex.dart:1275:26)
#69     RenderFlex.performLayout (package:flutter/src/rendering/flex.dart:1329:32)
#70     RenderObject.layout (package:flutter/src/rendering/object.dart:2907:7)
#71     ChildLayoutHelper.layoutChild (package:flutter/src/rendering/layout_helper.dart:62:11)
#72     RenderStack._computeSize (package:flutter/src/rendering/stack.dart:647:43)
#73     RenderStack.performLayout (package:flutter/src/rendering/stack.dart:682:12)
#74     RenderObject.layout (package:flutter/src/rendering/object.dart:2907:7)
#75     RenderPadding.performLayout (package:flutter/src/rendering/shifted_box.dart:262:12)
#76     RenderObject.layout (package:flutter/src/rendering/object.dart:2907:7)
#77     ChildLayoutHelper.layoutChild (package:flutter/src/rendering/layout_helper.dart:62:11)
#78     RenderStack._computeSize (package:flutter/src/rendering/stack.dart:647:43)
#79     RenderStack.performLayout (package:flutter/src/rendering/stack.dart:682:12)
#80     RenderObject.layout (package:flutter/src/rendering/object.dart:2907:7)
#81     MultiChildLayoutDelegate.layoutChild (package:flutter/src/rendering/custom_layout.dart:180:12)
#82     _ScaffoldLayout.performLayout (package:flutter/src/material/scaffold.dart:1113:7)
#83     MultiChildLayoutDelegate._callPerformLayout (package:flutter/src/rendering/custom_layout.dart:246:7)
#84     RenderCustomMultiChildLayoutBox.performLayout (package:flutter/src/rendering/custom_layout.dart:417:14)
#85     RenderObject.layout (package:flutter/src/rendering/object.dart:2907:7)
#86     RenderProxyBoxMixin.performLayout (package:flutter/src/rendering/proxy_box.dart:118:18)
#87     RenderObject.layout (package:flutter/src/rendering/object.dart:2907:7)
#88     RenderProxyBoxMixin.performLayout (package:flutter/src/rendering/proxy_box.dart:118:18)
#89     _RenderCustomClip.performLayout (package:flutter/src/rendering/proxy_box.dart:1549:11)
#90     RenderObject.layout (package:flutter/src/rendering/object.dart:2907:7)
#91     _RenderLayoutBuilder.performLayout (package:flutter/src/widgets/layout_builder.dart:449:14)
#92     RenderObject.layout (package:flutter/src/rendering/object.dart:2907:7)
#93     RenderProxyBoxMixin.performLayout (package:flutter/src/rendering/proxy_box.dart:118:18)
#94     RenderObject.layout (package:flutter/src/rendering/object.dart:2907:7)
#95     RenderProxyBoxMixin.performLayout (package:flutter/src/rendering/proxy_box.dart:118:18)
#96     RenderObject.layout (package:flutter/src/rendering/object.dart:2907:7)
#97     RenderProxyBoxMixin.performLayout (package:flutter/src/rendering/proxy_box.dart:118:18)
#98     RenderObject.layout (package:flutter/src/rendering/object.dart:2907:7)
#99     RenderProxyBoxMixin.performLayout (package:flutter/src/rendering/proxy_box.dart:118:18)
#100    RenderObject.layout (package:flutter/src/rendering/object.dart:2907:7)
#101    RenderProxyBoxMixin.performLayout (package:flutter/src/rendering/proxy_box.dart:118:18)
#102    RenderObject.layout (package:flutter/src/rendering/object.dart:2907:7)
#103    RenderProxyBoxMixin.performLayout (package:flutter/src/rendering/proxy_box.dart:118:18)
#104    RenderObject.layout (package:flutter/src/rendering/object.dart:2907:7)
#105    RenderProxyBoxMixin.performLayout (package:flutter/src/rendering/proxy_box.dart:118:18)
#106    RenderObject.layout (package:flutter/src/rendering/object.dart:2907:7)
#107    RenderProxyBoxMixin.performLayout (package:flutter/src/rendering/proxy_box.dart:118:18)
#108    RenderObject.layout (package:flutter/src/rendering/object.dart:2907:7)
#109    RenderProxyBoxMixin.performLayout (package:flutter/src/rendering/proxy_box.dart:118:18)
#110    RenderObject.layout (package:flutter/src/rendering/object.dart:2907:7)
#111    RenderProxyBoxMixin.performLayout (package:flutter/src/rendering/proxy_box.dart:118:18)
#112    RenderObject.layout (package:flutter/src/rendering/object.dart:2907:7)
#113    RenderProxyBoxMixin.performLayout (package:flutter/src/rendering/proxy_box.dart:118:18)
#114    RenderObject.layout (package:flutter/src/rendering/object.dart:2907:7)
#115    RenderProxyBoxMixin.performLayout (package:flutter/src/rendering/proxy_box.dart:118:18)
#116    RenderObject.layout (package:flutter/src/rendering/object.dart:2907:7)
#117    RenderProxyBoxMixin.performLayout (package:flutter/src/rendering/proxy_box.dart:118:18)
#118    RenderObject.layout (package:flutter/src/rendering/object.dart:2907:7)
#119    RenderProxyBoxMixin.performLayout (package:flutter/src/rendering/proxy_box.dart:118:18)
#120    RenderObject.layout (package:flutter/src/rendering/object.dart:2907:7)
#121    RenderProxyBoxMixin.performLayout (package:flutter/src/rendering/proxy_box.dart:118:18)
#122    RenderObject.layout (package:flutter/src/rendering/object.dart:2907:7)
#123    RenderProxyBoxMixin.performLayout (package:flutter/src/rendering/proxy_box.dart:118:18)
#124    RenderOffstage.performLayout (package:flutter/src/rendering/proxy_box.dart:3923:13)
#125    RenderObject.layout (package:flutter/src/rendering/object.dart:2907:7)
#126    RenderProxyBoxMixin.performLayout (package:flutter/src/rendering/proxy_box.dart:118:18)
#127    RenderObject.layout (package:flutter/src/rendering/object.dart:2907:7)
#128    _RenderTheaterMixin.layoutChild (package:flutter/src/widgets/overlay.dart:1124:13)
#129    _RenderTheater.performLayout (package:flutter/src/widgets/overlay.dart:1481:9)
#130    RenderObject.layout (package:flutter/src/rendering/object.dart:2907:7)
#131    RenderProxyBoxMixin.performLayout (package:flutter/src/rendering/proxy_box.dart:118:18)
#132    RenderObject.layout (package:flutter/src/rendering/object.dart:2907:7)
#133    RenderProxyBoxMixin.performLayout (package:flutter/src/rendering/proxy_box.dart:118:18)
#134    RenderObject.layout (package:flutter/src/rendering/object.dart:2907:7)
#135    RenderProxyBoxMixin.performLayout (package:flutter/src/rendering/proxy_box.dart:118:18)
#136    RenderObject.layout (package:flutter/src/rendering/object.dart:2907:7)
#137    RenderProxyBoxMixin.performLayout (package:flutter/src/rendering/proxy_box.dart:118:18)
#138    RenderCustomPaint.performLayout (package:flutter/src/rendering/custom_paint.dart:574:11)
#139    RenderObject.layout (package:flutter/src/rendering/object.dart:2907:7)
#140    RenderProxyBoxMixin.performLayout (package:flutter/src/rendering/proxy_box.dart:118:18)
#141    RenderObject.layout (package:flutter/src/rendering/object.dart:2907:7)
#142    RenderProxyBoxMixin.performLayout (package:flutter/src/rendering/proxy_box.dart:118:18)
#143    RenderObject.layout (package:flutter/src/rendering/object.dart:2907:7)
#144    RenderProxyBoxMixin.performLayout (package:flutter/src/rendering/proxy_box.dart:118:18)
#145    RenderObject.layout (package:flutter/src/rendering/object.dart:2907:7)
#146    RenderProxyBoxMixin.performLayout (package:flutter/src/rendering/proxy_box.dart:118:18)
#147    RenderObject.layout (package:flutter/src/rendering/object.dart:2907:7)
#148    RenderProxyBoxMixin.performLayout (package:flutter/src/rendering/proxy_box.dart:118:18)
#149    RenderObject.layout (package:flutter/src/rendering/object.dart:2907:7)
#150    RenderProxyBoxMixin.performLayout (package:flutter/src/rendering/proxy_box.dart:118:18)
#151    RenderObject.layout (package:flutter/src/rendering/object.dart:2907:7)
#152    RenderProxyBoxMixin.performLayout (package:flutter/src/rendering/proxy_box.dart:118:18)
#153    RenderObject.layout (package:flutter/src/rendering/object.dart:2907:7)
#154    RenderView.performLayout (package:flutter/src/rendering/view.dart:292:12)
#155    RenderObject._layoutWithoutResize (package:flutter/src/rendering/object.dart:2755:7)
#156    PipelineOwner.flushLayout (package:flutter/src/rendering/object.dart:1174:18)
#157    PipelineOwner.flushLayout (package:flutter/src/rendering/object.dart:1187:15)
#158    AutomatedTestWidgetsFlutterBinding.drawFrame (package:flutter_test/src/binding.dart:2433:27)
#159    RendererBinding._handlePersistentFrameCallback (package:flutter/src/rendering/binding.dart:509:5)
#160    SchedulerBinding._invokeFrameCallback (package:flutter/src/scheduler/binding.dart:1430:15)
#161    SchedulerBinding.handleDrawFrame (package:flutter/src/scheduler/binding.dart:1345:9)
#162    AutomatedTestWidgetsFlutterBinding.pump.<anonymous closure> (package:flutter_test/src/binding.dart:2260:9)
#165    TestAsyncUtils.guard (package:flutter_test/src/test_async_utils.dart:74:41)
#166    AutomatedTestWidgetsFlutterBinding.pump (package:flutter_test/src/binding.dart:2249:27)
#167    WidgetTester.pumpWidget.<anonymous closure> (package:flutter_test/src/widget_tester.dart:598:22)
#170    TestAsyncUtils.guard (package:flutter_test/src/test_async_utils.dart:74:41)
#171    WidgetTester.pumpWidget (package:flutter_test/src/widget_tester.dart:595:27)
#172    main.<anonymous closure> (file:///C:/Users/adrie/Documents/Coelo.worktrees/e2-r02-d04-acessos/apps/superadmin/test/features/safety/presentation/safety_pages_test.dart:478:18)
<asynchronous suspension>
#173    testWidgets.<anonymous closure>.<anonymous closure> (package:flutter_test/src/widget_tester.dart:192:15)
<asynchronous suspension>
#174    TestWidgetsFlutterBinding._runTestBody (package:flutter_test/src/binding.dart:1952:5)
<asynchronous suspension>
<asynchronous suspension>
(elided 7 frames from class _AssertionError, dart:async, and package:stack_trace)

The following RenderObject was being processed when the exception was fired: RenderFlex#70ef2 relayoutBoundary=up7 NEEDS-LAYOUT NEEDS-PAINT NEEDS-COMPOSITING-BITS-UPDATE:
  creator: Column ← LayoutBuilder ← Column ← RepaintBoundary ← IndexedSemantics ← _SelectionKeepAlive
    ← NotificationListener<KeepAliveNotification> ← KeepAlive ← AutomaticKeepAlive ← KeyedSubtree ←
    SliverList ← SliverPadding ← ⋯
  parentData: offset=Offset(0.0, 0.0) (can use size)
  constraints: BoxConstraints(0.0<=w<=1096.0, 0.0<=h<=Infinity)
  size: MISSING
  direction: vertical
  mainAxisAlignment: start
  mainAxisSize: max
  crossAxisAlignment: center
  verticalDirection: down
  spacing: 0.0
This RenderObject had the following descendants (showing up to depth 5):
    child 1: RenderIntrinsicHeight#6eb80 relayoutBoundary=up8 NEEDS-PAINT NEEDS-COMPOSITING-BITS-UPDATE
      child: RenderFlex#1432f NEEDS-LAYOUT NEEDS-PAINT NEEDS-COMPOSITING-BITS-UPDATE
        child 1: RenderConstrainedBox#387e3 NEEDS-LAYOUT NEEDS-PAINT NEEDS-COMPOSITING-BITS-UPDATE
          child: RenderSemanticsAnnotations#f888f NEEDS-LAYOUT NEEDS-PAINT NEEDS-COMPOSITING-BITS-UPDATE
            child: RenderDecoratedBox#321c4 NEEDS-LAYOUT NEEDS-PAINT NEEDS-COMPOSITING-BITS-UPDATE
        child 2: RenderConstrainedBox#3d894 NEEDS-LAYOUT NEEDS-PAINT
        child 3: RenderConstrainedBox#473ee NEEDS-LAYOUT NEEDS-PAINT NEEDS-COMPOSITING-BITS-UPDATE
          child: RenderMouseRegion#569a0 NEEDS-LAYOUT NEEDS-PAINT NEEDS-COMPOSITING-BITS-UPDATE
            child: RenderSemanticsAnnotations#3a8f5 NEEDS-LAYOUT NEEDS-PAINT NEEDS-COMPOSITING-BITS-UPDATE
    child 2: RenderConstrainedBox#dc4bb NEEDS-LAYOUT NEEDS-PAINT
    child 3: RenderIntrinsicHeight#a79dd NEEDS-LAYOUT NEEDS-PAINT NEEDS-COMPOSITING-BITS-UPDATE
      child: RenderFlex#7fd7e NEEDS-LAYOUT NEEDS-PAINT NEEDS-COMPOSITING-BITS-UPDATE
        child 1: RenderConstrainedBox#ee903 NEEDS-LAYOUT NEEDS-PAINT NEEDS-COMPOSITING-BITS-UPDATE
          child: RenderMouseRegion#fbdc5 NEEDS-LAYOUT NEEDS-PAINT NEEDS-COMPOSITING-BITS-UPDATE
            child: RenderSemanticsAnnotations#a6d33 NEEDS-LAYOUT NEEDS-PAINT NEEDS-COMPOSITING-BITS-UPDATE
        child 2: RenderConstrainedBox#7840f NEEDS-LAYOUT NEEDS-PAINT
        child 3: RenderConstrainedBox#7b338 NEEDS-LAYOUT NEEDS-PAINT NEEDS-COMPOSITING-BITS-UPDATE
          child: RenderMouseRegion#9f21d NEEDS-LAYOUT NEEDS-PAINT NEEDS-COMPOSITING-BITS-UPDATE
            child: RenderSemanticsAnnotations#c10a2 NEEDS-LAYOUT NEEDS-PAINT NEEDS-COMPOSITING-BITS-UPDATE
════════════════════════════════════════════════════════════════════════════════════════════════════
══╡ EXCEPTION CAUGHT BY RENDERING LIBRARY ╞═════════════════════════════════════════════════════════
The following assertion was thrown during performLayout():
RenderBox was not laid out: RenderFlex#70ef2 relayoutBoundary=up7 NEEDS-PAINT
NEEDS-COMPOSITING-BITS-UPDATE
'package:flutter/src/rendering/box.dart':
Failed assertion: line 2251 pos 12: 'hasSize'

Either the assertion indicates an error in the framework itself, or we should provide substantially
more information in this error message to help you determine and fix the underlying cause.
In either case, please report this assertion by filing a bug on GitHub:
  https://github.com/flutter/flutter/issues/new?template=02_bug.yml

The relevant error-causing widget was:
  LayoutBuilder
  LayoutBuilder:file:///C:/Users/adrie/Documents/Coelo.worktrees/e2-r02-d04-acessos/apps/superadmin/lib/features/safety/presentation/safety_pages.dart:274:11

When the exception was thrown, this was the stack:
#2      RenderBox.size (package:flutter/src/rendering/box.dart:2251:12)
#3      _RenderLayoutBuilder.performLayout (package:flutter/src/widgets/layout_builder.dart:450:43)
#4      RenderObject.layout (package:flutter/src/rendering/object.dart:2907:7)
#5      ChildLayoutHelper.layoutChild (package:flutter/src/rendering/layout_helper.dart:62:11)
#6      RenderFlex._computeSizes (package:flutter/src/rendering/flex.dart:1237:28)
#7      RenderFlex.performLayout (package:flutter/src/rendering/flex.dart:1329:32)
#8      RenderObject.layout (package:flutter/src/rendering/object.dart:2907:7)
#9      RenderProxyBoxMixin.performLayout (package:flutter/src/rendering/proxy_box.dart:118:18)
#10     RenderObject.layout (package:flutter/src/rendering/object.dart:2907:7)
#11     RenderProxyBoxMixin.performLayout (package:flutter/src/rendering/proxy_box.dart:118:18)
#12     RenderObject.layout (package:flutter/src/rendering/object.dart:2907:7)
#13     RenderSliverMultiBoxAdaptor.insertAndLayoutChild (package:flutter/src/rendering/sliver_multi_box_adaptor.dart:520:13)
#14     RenderSliverList.performLayout.advance (package:flutter/src/rendering/sliver_list.dart:238:19)
#15     RenderSliverList.performLayout (package:flutter/src/rendering/sliver_list.dart:278:12)
#16     RenderObject.layout (package:flutter/src/rendering/object.dart:2907:7)
#17     RenderSliverEdgeInsetsPadding.performLayout (package:flutter/src/rendering/sliver_padding.dart:133:12)
#18     RenderSliverPadding.performLayout (package:flutter/src/rendering/sliver_padding.dart:368:11)
#19     RenderObject.layout (package:flutter/src/rendering/object.dart:2907:7)
#20     RenderViewportBase.layoutChildSequence (package:flutter/src/rendering/viewport.dart:821:13)
#21     RenderViewport._attemptLayout (package:flutter/src/rendering/viewport.dart:1831:12)
#22     RenderViewport.performLayout (package:flutter/src/rendering/viewport.dart:1724:20)
#23     RenderObject.layout (package:flutter/src/rendering/object.dart:2907:7)
#24     RenderProxyBoxMixin.performLayout (package:flutter/src/rendering/proxy_box.dart:118:18)
#25     RenderObject.layout (package:flutter/src/rendering/object.dart:2907:7)
#26     RenderProxyBoxMixin.performLayout (package:flutter/src/rendering/proxy_box.dart:118:18)
#27     RenderObject.layout (package:flutter/src/rendering/object.dart:2907:7)
#28     RenderProxyBoxMixin.performLayout (package:flutter/src/rendering/proxy_box.dart:118:18)
#29     RenderObject.layout (package:flutter/src/rendering/object.dart:2907:7)
#30     RenderProxyBoxMixin.performLayout (package:flutter/src/rendering/proxy_box.dart:118:18)
#31     RenderObject.layout (package:flutter/src/rendering/object.dart:2907:7)
#32     RenderProxyBoxMixin.performLayout (package:flutter/src/rendering/proxy_box.dart:118:18)
#33     RenderObject.layout (package:flutter/src/rendering/object.dart:2907:7)
#34     RenderProxyBoxMixin.performLayout (package:flutter/src/rendering/proxy_box.dart:118:18)
#35     RenderObject.layout (package:flutter/src/rendering/object.dart:2907:7)
#36     RenderProxyBoxMixin.performLayout (package:flutter/src/rendering/proxy_box.dart:118:18)
#37     RenderObject.layout (package:flutter/src/rendering/object.dart:2907:7)
#38     RenderProxyBoxMixin.performLayout (package:flutter/src/rendering/proxy_box.dart:118:18)
#39     _RenderCustomClip.performLayout (package:flutter/src/rendering/proxy_box.dart:1549:11)
#40     RenderObject.layout (package:flutter/src/rendering/object.dart:2907:7)
#41     ChildLayoutHelper.layoutChild (package:flutter/src/rendering/layout_helper.dart:62:11)
#42     RenderStack._computeSize (package:flutter/src/rendering/stack.dart:647:43)
#43     RenderStack.performLayout (package:flutter/src/rendering/stack.dart:682:12)
#44     RenderObject.layout (package:flutter/src/rendering/object.dart:2907:7)
#45     RenderProxyBoxMixin.performLayout (package:flutter/src/rendering/proxy_box.dart:118:18)
#46     RenderObject.layout (package:flutter/src/rendering/object.dart:2907:7)
#47     _RenderLayoutBuilder.performLayout (package:flutter/src/widgets/layout_builder.dart:449:14)
#48     RenderObject.layout (package:flutter/src/rendering/object.dart:2907:7)
#49     ChildLayoutHelper.layoutChild (package:flutter/src/rendering/layout_helper.dart:62:11)
#50     RenderFlex._computeSizes (package:flutter/src/rendering/flex.dart:1275:26)
#51     RenderFlex.performLayout (package:flutter/src/rendering/flex.dart:1329:32)
#52     RenderObject.layout (package:flutter/src/rendering/object.dart:2907:7)
#53     RenderProxyBoxMixin.performLayout (package:flutter/src/rendering/proxy_box.dart:118:18)
#54     RenderObject.layout (package:flutter/src/rendering/object.dart:2907:7)
#55     RenderProxyBoxMixin.performLayout (package:flutter/src/rendering/proxy_box.dart:118:18)
#56     RenderCustomPaint.performLayout (package:flutter/src/rendering/custom_paint.dart:574:11)
#57     RenderObject.layout (package:flutter/src/rendering/object.dart:2907:7)
#58     RenderProxyBoxMixin.performLayout (package:flutter/src/rendering/proxy_box.dart:118:18)
#59     _RenderCustomClip.performLayout (package:flutter/src/rendering/proxy_box.dart:1549:11)
#60     RenderObject.layout (package:flutter/src/rendering/object.dart:2907:7)
#61     RenderProxyBoxMixin.performLayout (package:flutter/src/rendering/proxy_box.dart:118:18)
#62     RenderObject.layout (package:flutter/src/rendering/object.dart:2907:7)
#63     ChildLayoutHelper.layoutChild (package:flutter/src/rendering/layout_helper.dart:62:11)
#64     RenderFlex._computeSizes (package:flutter/src/rendering/flex.dart:1275:26)
#65     RenderFlex.performLayout (package:flutter/src/rendering/flex.dart:1329:32)
#66     RenderObject.layout (package:flutter/src/rendering/object.dart:2907:7)
#67     ChildLayoutHelper.layoutChild (package:flutter/src/rendering/layout_helper.dart:62:11)
#68     RenderStack._computeSize (package:flutter/src/rendering/stack.dart:647:43)
#69     RenderStack.performLayout (package:flutter/src/rendering/stack.dart:682:12)
#70     RenderObject.layout (package:flutter/src/rendering/object.dart:2907:7)
#71     RenderPadding.performLayout (package:flutter/src/rendering/shifted_box.dart:262:12)
#72     RenderObject.layout (package:flutter/src/rendering/object.dart:2907:7)
#73     ChildLayoutHelper.layoutChild (package:flutter/src/rendering/layout_helper.dart:62:11)
#74     RenderStack._computeSize (package:flutter/src/rendering/stack.dart:647:43)
#75     RenderStack.performLayout (package:flutter/src/rendering/stack.dart:682:12)
#76     RenderObject.layout (package:flutter/src/rendering/object.dart:2907:7)
#77     MultiChildLayoutDelegate.layoutChild (package:flutter/src/rendering/custom_layout.dart:180:12)
#78     _ScaffoldLayout.performLayout (package:flutter/src/material/scaffold.dart:1113:7)
#79     MultiChildLayoutDelegate._callPerformLayout (package:flutter/src/rendering/custom_layout.dart:246:7)
#80     RenderCustomMultiChildLayoutBox.performLayout (package:flutter/src/rendering/custom_layout.dart:417:14)
#81     RenderObject.layout (package:flutter/src/rendering/object.dart:2907:7)
#82     RenderProxyBoxMixin.performLayout (package:flutter/src/rendering/proxy_box.dart:118:18)
#83     RenderObject.layout (package:flutter/src/rendering/object.dart:2907:7)
#84     RenderProxyBoxMixin.performLayout (package:flutter/src/rendering/proxy_box.dart:118:18)
#85     _RenderCustomClip.performLayout (package:flutter/src/rendering/proxy_box.dart:1549:11)
#86     RenderObject.layout (package:flutter/src/rendering/object.dart:2907:7)
#87     _RenderLayoutBuilder.performLayout (package:flutter/src/widgets/layout_builder.dart:449:14)
#88     RenderObject.layout (package:flutter/src/rendering/object.dart:2907:7)
#89     RenderProxyBoxMixin.performLayout (package:flutter/src/rendering/proxy_box.dart:118:18)
#90     RenderObject.layout (package:flutter/src/rendering/object.dart:2907:7)
#91     RenderProxyBoxMixin.performLayout (package:flutter/src/rendering/proxy_box.dart:118:18)
#92     RenderObject.layout (package:flutter/src/rendering/object.dart:2907:7)
#93     RenderProxyBoxMixin.performLayout (package:flutter/src/rendering/proxy_box.dart:118:18)
#94     RenderObject.layout (package:flutter/src/rendering/object.dart:2907:7)
#95     RenderProxyBoxMixin.performLayout (package:flutter/src/rendering/proxy_box.dart:118:18)
#96     RenderObject.layout (package:flutter/src/rendering/object.dart:2907:7)
#97     RenderProxyBoxMixin.performLayout (package:flutter/src/rendering/proxy_box.dart:118:18)
#98     RenderObject.layout (package:flutter/src/rendering/object.dart:2907:7)
#99     RenderProxyBoxMixin.performLayout (package:flutter/src/rendering/proxy_box.dart:118:18)
#100    RenderObject.layout (package:flutter/src/rendering/object.dart:2907:7)
#101    RenderProxyBoxMixin.performLayout (package:flutter/src/rendering/proxy_box.dart:118:18)
#102    RenderObject.layout (package:flutter/src/rendering/object.dart:2907:7)
#103    RenderProxyBoxMixin.performLayout (package:flutter/src/rendering/proxy_box.dart:118:18)
#104    RenderObject.layout (package:flutter/src/rendering/object.dart:2907:7)
#105    RenderProxyBoxMixin.performLayout (package:flutter/src/rendering/proxy_box.dart:118:18)
#106    RenderObject.layout (package:flutter/src/rendering/object.dart:2907:7)
#107    RenderProxyBoxMixin.performLayout (package:flutter/src/rendering/proxy_box.dart:118:18)
#108    RenderObject.layout (package:flutter/src/rendering/object.dart:2907:7)
#109    RenderProxyBoxMixin.performLayout (package:flutter/src/rendering/proxy_box.dart:118:18)
#110    RenderObject.layout (package:flutter/src/rendering/object.dart:2907:7)
#111    RenderProxyBoxMixin.performLayout (package:flutter/src/rendering/proxy_box.dart:118:18)
#112    RenderObject.layout (package:flutter/src/rendering/object.dart:2907:7)
#113    RenderProxyBoxMixin.performLayout (package:flutter/src/rendering/proxy_box.dart:118:18)
#114    RenderObject.layout (package:flutter/src/rendering/object.dart:2907:7)
#115    RenderProxyBoxMixin.performLayout (package:flutter/src/rendering/proxy_box.dart:118:18)
#116    RenderObject.layout (package:flutter/src/rendering/object.dart:2907:7)
#117    RenderProxyBoxMixin.performLayout (package:flutter/src/rendering/proxy_box.dart:118:18)
#118    RenderObject.layout (package:flutter/src/rendering/object.dart:2907:7)
#119    RenderProxyBoxMixin.performLayout (package:flutter/src/rendering/proxy_box.dart:118:18)
#120    RenderOffstage.performLayout (package:flutter/src/rendering/proxy_box.dart:3923:13)
#121    RenderObject.layout (package:flutter/src/rendering/object.dart:2907:7)
#122    RenderProxyBoxMixin.performLayout (package:flutter/src/rendering/proxy_box.dart:118:18)
#123    RenderObject.layout (package:flutter/src/rendering/object.dart:2907:7)
#124    _RenderTheaterMixin.layoutChild (package:flutter/src/widgets/overlay.dart:1124:13)
#125    _RenderTheater.performLayout (package:flutter/src/widgets/overlay.dart:1481:9)
#126    RenderObject.layout (package:flutter/src/rendering/object.dart:2907:7)
#127    RenderProxyBoxMixin.performLayout (package:flutter/src/rendering/proxy_box.dart:118:18)
#128    RenderObject.layout (package:flutter/src/rendering/object.dart:2907:7)
#129    RenderProxyBoxMixin.performLayout (package:flutter/src/rendering/proxy_box.dart:118:18)
#130    RenderObject.layout (package:flutter/src/rendering/object.dart:2907:7)
#131    RenderProxyBoxMixin.performLayout (package:flutter/src/rendering/proxy_box.dart:118:18)
#132    RenderObject.layout (package:flutter/src/rendering/object.dart:2907:7)
#133    RenderProxyBoxMixin.performLayout (package:flutter/src/rendering/proxy_box.dart:118:18)
#134    RenderCustomPaint.performLayout (package:flutter/src/rendering/custom_paint.dart:574:11)
#135    RenderObject.layout (package:flutter/src/rendering/object.dart:2907:7)
#136    RenderProxyBoxMixin.performLayout (package:flutter/src/rendering/proxy_box.dart:118:18)
#137    RenderObject.layout (package:flutter/src/rendering/object.dart:2907:7)
#138    RenderProxyBoxMixin.performLayout (package:flutter/src/rendering/proxy_box.dart:118:18)
#139    RenderObject.layout (package:flutter/src/rendering/object.dart:2907:7)
#140    RenderProxyBoxMixin.performLayout (package:flutter/src/rendering/proxy_box.dart:118:18)
#141    RenderObject.layout (package:flutter/src/rendering/object.dart:2907:7)
#142    RenderProxyBoxMixin.performLayout (package:flutter/src/rendering/proxy_box.dart:118:18)
#143    RenderObject.layout (package:flutter/src/rendering/object.dart:2907:7)
#144    RenderProxyBoxMixin.performLayout (package:flutter/src/rendering/proxy_box.dart:118:18)
#145    RenderObject.layout (package:flutter/src/rendering/object.dart:2907:7)
#146    RenderProxyBoxMixin.performLayout (package:flutter/src/rendering/proxy_box.dart:118:18)
#147    RenderObject.layout (package:flutter/src/rendering/object.dart:2907:7)
#148    RenderProxyBoxMixin.performLayout (package:flutter/src/rendering/proxy_box.dart:118:18)
#149    RenderObject.layout (package:flutter/src/rendering/object.dart:2907:7)
#150    RenderView.performLayout (package:flutter/src/rendering/view.dart:292:12)
#151    RenderObject._layoutWithoutResize (package:flutter/src/rendering/object.dart:2755:7)
#152    PipelineOwner.flushLayout (package:flutter/src/rendering/object.dart:1174:18)
#153    PipelineOwner.flushLayout (package:flutter/src/rendering/object.dart:1187:15)
#154    AutomatedTestWidgetsFlutterBinding.drawFrame (package:flutter_test/src/binding.dart:2433:27)
#155    RendererBinding._handlePersistentFrameCallback (package:flutter/src/rendering/binding.dart:509:5)
#156    SchedulerBinding._invokeFrameCallback (package:flutter/src/scheduler/binding.dart:1430:15)
#157    SchedulerBinding.handleDrawFrame (package:flutter/src/scheduler/binding.dart:1345:9)
#158    AutomatedTestWidgetsFlutterBinding.pump.<anonymous closure> (package:flutter_test/src/binding.dart:2260:9)
#161    TestAsyncUtils.guard (package:flutter_test/src/test_async_utils.dart:74:41)
#162    AutomatedTestWidgetsFlutterBinding.pump (package:flutter_test/src/binding.dart:2249:27)
#163    WidgetTester.pumpWidget.<anonymous closure> (package:flutter_test/src/widget_tester.dart:598:22)
#166    TestAsyncUtils.guard (package:flutter_test/src/test_async_utils.dart:74:41)
#167    WidgetTester.pumpWidget (package:flutter_test/src/widget_tester.dart:595:27)
#168    main.<anonymous closure> (file:///C:/Users/adrie/Documents/Coelo.worktrees/e2-r02-d04-acessos/apps/superadmin/test/features/safety/presentation/safety_pages_test.dart:478:18)
<asynchronous suspension>
#169    testWidgets.<anonymous closure>.<anonymous closure> (package:flutter_test/src/widget_tester.dart:192:15)
<asynchronous suspension>
#170    TestWidgetsFlutterBinding._runTestBody (package:flutter_test/src/binding.dart:1952:5)
<asynchronous suspension>
<asynchronous suspension>
(elided 7 frames from class _AssertionError, dart:async, and package:stack_trace)

The following RenderObject was being processed when the exception was fired: _RenderLayoutBuilder#23fa4 relayoutBoundary=up6 NEEDS-LAYOUT NEEDS-PAINT NEEDS-COMPOSITING-BITS-UPDATE:
  creator: LayoutBuilder ← Column ← RepaintBoundary ← IndexedSemantics ← _SelectionKeepAlive ←
    NotificationListener<KeepAliveNotification> ← KeepAlive ← AutomaticKeepAlive ← KeyedSubtree ←
    SliverList ← SliverPadding ← Viewport ← ⋯
  parentData: offset=Offset(0.0, 0.0); flex=null; fit=null (can use size)
  constraints: BoxConstraints(0.0<=w<=1096.0, 0.0<=h<=Infinity)
  size: MISSING
This RenderObject had the following descendants (showing up to depth 5):
    child: RenderFlex#70ef2 relayoutBoundary=up7 NEEDS-PAINT NEEDS-COMPOSITING-BITS-UPDATE
      child 1: RenderIntrinsicHeight#6eb80 relayoutBoundary=up8 NEEDS-PAINT NEEDS-COMPOSITING-BITS-UPDATE
        child: RenderFlex#1432f NEEDS-LAYOUT NEEDS-PAINT NEEDS-COMPOSITING-BITS-UPDATE
          child 1: RenderConstrainedBox#387e3 NEEDS-LAYOUT NEEDS-PAINT NEEDS-COMPOSITING-BITS-UPDATE
            child: RenderSemanticsAnnotations#f888f NEEDS-LAYOUT NEEDS-PAINT NEEDS-COMPOSITING-BITS-UPDATE
          child 2: RenderConstrainedBox#3d894 NEEDS-LAYOUT NEEDS-PAINT
          child 3: RenderConstrainedBox#473ee NEEDS-LAYOUT NEEDS-PAINT NEEDS-COMPOSITING-BITS-UPDATE
            child: RenderMouseRegion#569a0 NEEDS-LAYOUT NEEDS-PAINT NEEDS-COMPOSITING-BITS-UPDATE
      child 2: RenderConstrainedBox#dc4bb NEEDS-LAYOUT NEEDS-PAINT
      child 3: RenderIntrinsicHeight#a79dd NEEDS-LAYOUT NEEDS-PAINT NEEDS-COMPOSITING-BITS-UPDATE
        child: RenderFlex#7fd7e NEEDS-LAYOUT NEEDS-PAINT NEEDS-COMPOSITING-BITS-UPDATE
          child 1: RenderConstrainedBox#ee903 NEEDS-LAYOUT NEEDS-PAINT NEEDS-COMPOSITING-BITS-UPDATE
            child: RenderMouseRegion#fbdc5 NEEDS-LAYOUT NEEDS-PAINT NEEDS-COMPOSITING-BITS-UPDATE
          child 2: RenderConstrainedBox#7840f NEEDS-LAYOUT NEEDS-PAINT
          child 3: RenderConstrainedBox#7b338 NEEDS-LAYOUT NEEDS-PAINT NEEDS-COMPOSITING-BITS-UPDATE
            child: RenderMouseRegion#9f21d NEEDS-LAYOUT NEEDS-PAINT NEEDS-COMPOSITING-BITS-UPDATE
════════════════════════════════════════════════════════════════════════════════════════════════════
══╡ EXCEPTION CAUGHT BY RENDERING LIBRARY ╞═════════════════════════════════════════════════════════
The following assertion was thrown during performLayout():
RenderBox was not laid out: _RenderLayoutBuilder#23fa4 relayoutBoundary=up6 NEEDS-PAINT
NEEDS-COMPOSITING-BITS-UPDATE
'package:flutter/src/rendering/box.dart':
Failed assertion: line 2251 pos 12: 'hasSize'

Either the assertion indicates an error in the framework itself, or we should provide substantially
more information in this error message to help you determine and fix the underlying cause.
In either case, please report this assertion by filing a bug on GitHub:
  https://github.com/flutter/flutter/issues/new?template=02_bug.yml

The relevant error-causing widget was:
  Column
  Column:file:///C:/Users/adrie/Documents/Coelo.worktrees/e2-r02-d04-acessos/apps/superadmin/lib/features/safety/presentation/safety_pages.dart:271:12

When the exception was thrown, this was the stack:
#2      RenderBox.size (package:flutter/src/rendering/box.dart:2251:12)
#3      ChildLayoutHelper.layoutChild (package:flutter/src/rendering/layout_helper.dart:63:18)
#4      RenderFlex._computeSizes (package:flutter/src/rendering/flex.dart:1237:28)
#5      RenderFlex.performLayout (package:flutter/src/rendering/flex.dart:1329:32)
#6      RenderObject.layout (package:flutter/src/rendering/object.dart:2907:7)
#7      RenderProxyBoxMixin.performLayout (package:flutter/src/rendering/proxy_box.dart:118:18)
#8      RenderObject.layout (package:flutter/src/rendering/object.dart:2907:7)
#9      RenderProxyBoxMixin.performLayout (package:flutter/src/rendering/proxy_box.dart:118:18)
#10     RenderObject.layout (package:flutter/src/rendering/object.dart:2907:7)
#11     RenderSliverMultiBoxAdaptor.insertAndLayoutChild (package:flutter/src/rendering/sliver_multi_box_adaptor.dart:520:13)
#12     RenderSliverList.performLayout.advance (package:flutter/src/rendering/sliver_list.dart:238:19)
#13     RenderSliverList.performLayout (package:flutter/src/rendering/sliver_list.dart:278:12)
#14     RenderObject.layout (package:flutter/src/rendering/object.dart:2907:7)
#15     RenderSliverEdgeInsetsPadding.performLayout (package:flutter/src/rendering/sliver_padding.dart:133:12)
#16     RenderSliverPadding.performLayout (package:flutter/src/rendering/sliver_padding.dart:368:11)
#17     RenderObject.layout (package:flutter/src/rendering/object.dart:2907:7)
#18     RenderViewportBase.layoutChildSequence (package:flutter/src/rendering/viewport.dart:821:13)
#19     RenderViewport._attemptLayout (package:flutter/src/rendering/viewport.dart:1831:12)
#20     RenderViewport.performLayout (package:flutter/src/rendering/viewport.dart:1724:20)
#21     RenderObject.layout (package:flutter/src/rendering/object.dart:2907:7)
#22     RenderProxyBoxMixin.performLayout (package:flutter/src/rendering/proxy_box.dart:118:18)
#23     RenderObject.layout (package:flutter/src/rendering/object.dart:2907:7)
#24     RenderProxyBoxMixin.performLayout (package:flutter/src/rendering/proxy_box.dart:118:18)
#25     RenderObject.layout (package:flutter/src/rendering/object.dart:2907:7)
#26     RenderProxyBoxMixin.performLayout (package:flutter/src/rendering/proxy_box.dart:118:18)
#27     RenderObject.layout (package:flutter/src/rendering/object.dart:2907:7)
#28     RenderProxyBoxMixin.performLayout (package:flutter/src/rendering/proxy_box.dart:118:18)
#29     RenderObject.layout (package:flutter/src/rendering/object.dart:2907:7)
#30     RenderProxyBoxMixin.performLayout (package:flutter/src/rendering/proxy_box.dart:118:18)
#31     RenderObject.layout (package:flutter/src/rendering/object.dart:2907:7)
#32     RenderProxyBoxMixin.performLayout (package:flutter/src/rendering/proxy_box.dart:118:18)
#33     RenderObject.layout (package:flutter/src/rendering/object.dart:2907:7)
#34     RenderProxyBoxMixin.performLayout (package:flutter/src/rendering/proxy_box.dart:118:18)
#35     RenderObject.layout (package:flutter/src/rendering/object.dart:2907:7)
#36     RenderProxyBoxMixin.performLayout (package:flutter/src/rendering/proxy_box.dart:118:18)
#37     _RenderCustomClip.performLayout (package:flutter/src/rendering/proxy_box.dart:1549:11)
#38     RenderObject.layout (package:flutter/src/rendering/object.dart:2907:7)
#39     ChildLayoutHelper.layoutChild (package:flutter/src/rendering/layout_helper.dart:62:11)
#40     RenderStack._computeSize (package:flutter/src/rendering/stack.dart:647:43)
#41     RenderStack.performLayout (package:flutter/src/rendering/stack.dart:682:12)
#42     RenderObject.layout (package:flutter/src/rendering/object.dart:2907:7)
#43     RenderProxyBoxMixin.performLayout (package:flutter/src/rendering/proxy_box.dart:118:18)
#44     RenderObject.layout (package:flutter/src/rendering/object.dart:2907:7)
#45     _RenderLayoutBuilder.performLayout (package:flutter/src/widgets/layout_builder.dart:449:14)
#46     RenderObject.layout (package:flutter/src/rendering/object.dart:2907:7)
#47     ChildLayoutHelper.layoutChild (package:flutter/src/rendering/layout_helper.dart:62:11)
#48     RenderFlex._computeSizes (package:flutter/src/rendering/flex.dart:1275:26)
#49     RenderFlex.performLayout (package:flutter/src/rendering/flex.dart:1329:32)
#50     RenderObject.layout (package:flutter/src/rendering/object.dart:2907:7)
#51     RenderProxyBoxMixin.performLayout (package:flutter/src/rendering/proxy_box.dart:118:18)
#52     RenderObject.layout (package:flutter/src/rendering/object.dart:2907:7)
#53     RenderProxyBoxMixin.performLayout (package:flutter/src/rendering/proxy_box.dart:118:18)
#54     RenderCustomPaint.performLayout (package:flutter/src/rendering/custom_paint.dart:574:11)
#55     RenderObject.layout (package:flutter/src/rendering/object.dart:2907:7)
#56     RenderProxyBoxMixin.performLayout (package:flutter/src/rendering/proxy_box.dart:118:18)
#57     _RenderCustomClip.performLayout (package:flutter/src/rendering/proxy_box.dart:1549:11)
#58     RenderObject.layout (package:flutter/src/rendering/object.dart:2907:7)
#59     RenderProxyBoxMixin.performLayout (package:flutter/src/rendering/proxy_box.dart:118:18)
#60     RenderObject.layout (package:flutter/src/rendering/object.dart:2907:7)
#61     ChildLayoutHelper.layoutChild (package:flutter/src/rendering/layout_helper.dart:62:11)
#62     RenderFlex._computeSizes (package:flutter/src/rendering/flex.dart:1275:26)
#63     RenderFlex.performLayout (package:flutter/src/rendering/flex.dart:1329:32)
#64     RenderObject.layout (package:flutter/src/rendering/object.dart:2907:7)
#65     ChildLayoutHelper.layoutChild (package:flutter/src/rendering/layout_helper.dart:62:11)
#66     RenderStack._computeSize (package:flutter/src/rendering/stack.dart:647:43)
#67     RenderStack.performLayout (package:flutter/src/rendering/stack.dart:682:12)
#68     RenderObject.layout (package:flutter/src/rendering/object.dart:2907:7)
#69     RenderPadding.performLayout (package:flutter/src/rendering/shifted_box.dart:262:12)
#70     RenderObject.layout (package:flutter/src/rendering/object.dart:2907:7)
#71     ChildLayoutHelper.layoutChild (package:flutter/src/rendering/layout_helper.dart:62:11)
#72     RenderStack._computeSize (package:flutter/src/rendering/stack.dart:647:43)
#73     RenderStack.performLayout (package:flutter/src/rendering/stack.dart:682:12)
#74     RenderObject.layout (package:flutter/src/rendering/object.dart:2907:7)
#75     MultiChildLayoutDelegate.layoutChild (package:flutter/src/rendering/custom_layout.dart:180:12)
#76     _ScaffoldLayout.performLayout (package:flutter/src/material/scaffold.dart:1113:7)
#77     MultiChildLayoutDelegate._callPerformLayout (package:flutter/src/rendering/custom_layout.dart:246:7)
#78     RenderCustomMultiChildLayoutBox.performLayout (package:flutter/src/rendering/custom_layout.dart:417:14)
#79     RenderObject.layout (package:flutter/src/rendering/object.dart:2907:7)
#80     RenderProxyBoxMixin.performLayout (package:flutter/src/rendering/proxy_box.dart:118:18)
#81     RenderObject.layout (package:flutter/src/rendering/object.dart:2907:7)
#82     RenderProxyBoxMixin.performLayout (package:flutter/src/rendering/proxy_box.dart:118:18)
#83     _RenderCustomClip.performLayout (package:flutter/src/rendering/proxy_box.dart:1549:11)
#84     RenderObject.layout (package:flutter/src/rendering/object.dart:2907:7)
#85     _RenderLayoutBuilder.performLayout (package:flutter/src/widgets/layout_builder.dart:449:14)
#86     RenderObject.layout (package:flutter/src/rendering/object.dart:2907:7)
#87     RenderProxyBoxMixin.performLayout (package:flutter/src/rendering/proxy_box.dart:118:18)
#88     RenderObject.layout (package:flutter/src/rendering/object.dart:2907:7)
#89     RenderProxyBoxMixin.performLayout (package:flutter/src/rendering/proxy_box.dart:118:18)
#90     RenderObject.layout (package:flutter/src/rendering/object.dart:2907:7)
#91     RenderProxyBoxMixin.performLayout (package:flutter/src/rendering/proxy_box.dart:118:18)
#92     RenderObject.layout (package:flutter/src/rendering/object.dart:2907:7)
#93     RenderProxyBoxMixin.performLayout (package:flutter/src/rendering/proxy_box.dart:118:18)
#94     RenderObject.layout (package:flutter/src/rendering/object.dart:2907:7)
#95     RenderProxyBoxMixin.performLayout (package:flutter/src/rendering/proxy_box.dart:118:18)
#96     RenderObject.layout (package:flutter/src/rendering/object.dart:2907:7)
#97     RenderProxyBoxMixin.performLayout (package:flutter/src/rendering/proxy_box.dart:118:18)
#98     RenderObject.layout (package:flutter/src/rendering/object.dart:2907:7)
#99     RenderProxyBoxMixin.performLayout (package:flutter/src/rendering/proxy_box.dart:118:18)
#100    RenderObject.layout (package:flutter/src/rendering/object.dart:2907:7)
#101    RenderProxyBoxMixin.performLayout (package:flutter/src/rendering/proxy_box.dart:118:18)
#102    RenderObject.layout (package:flutter/src/rendering/object.dart:2907:7)
#103    RenderProxyBoxMixin.performLayout (package:flutter/src/rendering/proxy_box.dart:118:18)
#104    RenderObject.layout (package:flutter/src/rendering/object.dart:2907:7)
#105    RenderProxyBoxMixin.performLayout (package:flutter/src/rendering/proxy_box.dart:118:18)
#106    RenderObject.layout (package:flutter/src/rendering/object.dart:2907:7)
#107    RenderProxyBoxMixin.performLayout (package:flutter/src/rendering/proxy_box.dart:118:18)
#108    RenderObject.layout (package:flutter/src/rendering/object.dart:2907:7)
#109    RenderProxyBoxMixin.performLayout (package:flutter/src/rendering/proxy_box.dart:118:18)
#110    RenderObject.layout (package:flutter/src/rendering/object.dart:2907:7)
#111    RenderProxyBoxMixin.performLayout (package:flutter/src/rendering/proxy_box.dart:118:18)
#112    RenderObject.layout (package:flutter/src/rendering/object.dart:2907:7)
#113    RenderProxyBoxMixin.performLayout (package:flutter/src/rendering/proxy_box.dart:118:18)
#114    RenderObject.layout (package:flutter/src/rendering/object.dart:2907:7)
#115    RenderProxyBoxMixin.performLayout (package:flutter/src/rendering/proxy_box.dart:118:18)
#116    RenderObject.layout (package:flutter/src/rendering/object.dart:2907:7)
#117    RenderProxyBoxMixin.performLayout (package:flutter/src/rendering/proxy_box.dart:118:18)
#118    RenderOffstage.performLayout (package:flutter/src/rendering/proxy_box.dart:3923:13)
#119    RenderObject.layout (package:flutter/src/rendering/object.dart:2907:7)
#120    RenderProxyBoxMixin.performLayout (package:flutter/src/rendering/proxy_box.dart:118:18)
#121    RenderObject.layout (package:flutter/src/rendering/object.dart:2907:7)
#122    _RenderTheaterMixin.layoutChild (package:flutter/src/widgets/overlay.dart:1124:13)
#123    _RenderTheater.performLayout (package:flutter/src/widgets/overlay.dart:1481:9)
#124    RenderObject.layout (package:flutter/src/rendering/object.dart:2907:7)
#125    RenderProxyBoxMixin.performLayout (package:flutter/src/rendering/proxy_box.dart:118:18)
#126    RenderObject.layout (package:flutter/src/rendering/object.dart:2907:7)
#127    RenderProxyBoxMixin.performLayout (package:flutter/src/rendering/proxy_box.dart:118:18)
#128    RenderObject.layout (package:flutter/src/rendering/object.dart:2907:7)
#129    RenderProxyBoxMixin.performLayout (package:flutter/src/rendering/proxy_box.dart:118:18)
#130    RenderObject.layout (package:flutter/src/rendering/object.dart:2907:7)
#131    RenderProxyBoxMixin.performLayout (package:flutter/src/rendering/proxy_box.dart:118:18)
#132    RenderCustomPaint.performLayout (package:flutter/src/rendering/custom_paint.dart:574:11)
#133    RenderObject.layout (package:flutter/src/rendering/object.dart:2907:7)
#134    RenderProxyBoxMixin.performLayout (package:flutter/src/rendering/proxy_box.dart:118:18)
#135    RenderObject.layout (package:flutter/src/rendering/object.dart:2907:7)
#136    RenderProxyBoxMixin.performLayout (package:flutter/src/rendering/proxy_box.dart:118:18)
#137    RenderObject.layout (package:flutter/src/rendering/object.dart:2907:7)
#138    RenderProxyBoxMixin.performLayout (package:flutter/src/rendering/proxy_box.dart:118:18)
#139    RenderObject.layout (package:flutter/src/rendering/object.dart:2907:7)
#140    RenderProxyBoxMixin.performLayout (package:flutter/src/rendering/proxy_box.dart:118:18)
#141    RenderObject.layout (package:flutter/src/rendering/object.dart:2907:7)
#142    RenderProxyBoxMixin.performLayout (package:flutter/src/rendering/proxy_box.dart:118:18)
#143    RenderObject.layout (package:flutter/src/rendering/object.dart:2907:7)
#144    RenderProxyBoxMixin.performLayout (package:flutter/src/rendering/proxy_box.dart:118:18)
#145    RenderObject.layout (package:flutter/src/rendering/object.dart:2907:7)
#146    RenderProxyBoxMixin.performLayout (package:flutter/src/rendering/proxy_box.dart:118:18)
#147    RenderObject.layout (package:flutter/src/rendering/object.dart:2907:7)
#148    RenderView.performLayout (package:flutter/src/rendering/view.dart:292:12)
#149    RenderObject._layoutWithoutResize (package:flutter/src/rendering/object.dart:2755:7)
#150    PipelineOwner.flushLayout (package:flutter/src/rendering/object.dart:1174:18)
#151    PipelineOwner.flushLayout (package:flutter/src/rendering/object.dart:1187:15)
#152    AutomatedTestWidgetsFlutterBinding.drawFrame (package:flutter_test/src/binding.dart:2433:27)
#153    RendererBinding._handlePersistentFrameCallback (package:flutter/src/rendering/binding.dart:509:5)
#154    SchedulerBinding._invokeFrameCallback (package:flutter/src/scheduler/binding.dart:1430:15)
#155    SchedulerBinding.handleDrawFrame (package:flutter/src/scheduler/binding.dart:1345:9)
#156    AutomatedTestWidgetsFlutterBinding.pump.<anonymous closure> (package:flutter_test/src/binding.dart:2260:9)
#159    TestAsyncUtils.guard (package:flutter_test/src/test_async_utils.dart:74:41)
#160    AutomatedTestWidgetsFlutterBinding.pump (package:flutter_test/src/binding.dart:2249:27)
#161    WidgetTester.pumpWidget.<anonymous closure> (package:flutter_test/src/widget_tester.dart:598:22)
#164    TestAsyncUtils.guard (package:flutter_test/src/test_async_utils.dart:74:41)
#165    WidgetTester.pumpWidget (package:flutter_test/src/widget_tester.dart:595:27)
#166    main.<anonymous closure> (file:///C:/Users/adrie/Documents/Coelo.worktrees/e2-r02-d04-acessos/apps/superadmin/test/features/safety/presentation/safety_pages_test.dart:478:18)
<asynchronous suspension>
#167    testWidgets.<anonymous closure>.<anonymous closure> (package:flutter_test/src/widget_tester.dart:192:15)
<asynchronous suspension>
#168    TestWidgetsFlutterBinding._runTestBody (package:flutter_test/src/binding.dart:1952:5)
<asynchronous suspension>
<asynchronous suspension>
(elided 7 frames from class _AssertionError, dart:async, and package:stack_trace)

The following RenderObject was being processed when the exception was fired: RenderFlex#f674a relayoutBoundary=up5 NEEDS-LAYOUT NEEDS-PAINT NEEDS-COMPOSITING-BITS-UPDATE:
  creator: Column ← RepaintBoundary ← IndexedSemantics ← _SelectionKeepAlive ←
    NotificationListener<KeepAliveNotification> ← KeepAlive ← AutomaticKeepAlive ← KeyedSubtree ←
    SliverList ← SliverPadding ← Viewport ← IgnorePointer-[GlobalKey#9d023] ← ⋯
  parentData: <none> (can use size)
  constraints: BoxConstraints(w=1096.0, 0.0<=h<=Infinity)
  size: MISSING
  direction: vertical
  mainAxisAlignment: start
  mainAxisSize: max
  crossAxisAlignment: center
  verticalDirection: down
  spacing: 0.0
This RenderObject had the following descendants (showing up to depth 5):
    child 1: _RenderLayoutBuilder#23fa4 relayoutBoundary=up6 NEEDS-PAINT NEEDS-COMPOSITING-BITS-UPDATE
      child: RenderFlex#70ef2 relayoutBoundary=up7 NEEDS-PAINT NEEDS-COMPOSITING-BITS-UPDATE
        child 1: RenderIntrinsicHeight#6eb80 relayoutBoundary=up8 NEEDS-PAINT NEEDS-COMPOSITING-BITS-UPDATE
          child: RenderFlex#1432f NEEDS-LAYOUT NEEDS-PAINT NEEDS-COMPOSITING-BITS-UPDATE
            child 1: RenderConstrainedBox#387e3 NEEDS-LAYOUT NEEDS-PAINT NEEDS-COMPOSITING-BITS-UPDATE
            child 2: RenderConstrainedBox#3d894 NEEDS-LAYOUT NEEDS-PAINT
            child 3: RenderConstrainedBox#473ee NEEDS-LAYOUT NEEDS-PAINT NEEDS-COMPOSITING-BITS-UPDATE
        child 2: RenderConstrainedBox#dc4bb NEEDS-LAYOUT NEEDS-PAINT
        child 3: RenderIntrinsicHeight#a79dd NEEDS-LAYOUT NEEDS-PAINT NEEDS-COMPOSITING-BITS-UPDATE
          child: RenderFlex#7fd7e NEEDS-LAYOUT NEEDS-PAINT NEEDS-COMPOSITING-BITS-UPDATE
            child 1: RenderConstrainedBox#ee903 NEEDS-LAYOUT NEEDS-PAINT NEEDS-COMPOSITING-BITS-UPDATE
            child 2: RenderConstrainedBox#7840f NEEDS-LAYOUT NEEDS-PAINT
            child 3: RenderConstrainedBox#7b338 NEEDS-LAYOUT NEEDS-PAINT NEEDS-COMPOSITING-BITS-UPDATE
════════════════════════════════════════════════════════════════════════════════════════════════════
══╡ EXCEPTION CAUGHT BY RENDERING LIBRARY ╞═════════════════════════════════════════════════════════
The following assertion was thrown during performLayout():
RenderBox was not laid out: RenderFlex#f674a relayoutBoundary=up5 NEEDS-PAINT
NEEDS-COMPOSITING-BITS-UPDATE
'package:flutter/src/rendering/box.dart':
Failed assertion: line 2251 pos 12: 'hasSize'

Either the assertion indicates an error in the framework itself, or we should provide substantially
more information in this error message to help you determine and fix the underlying cause.
In either case, please report this assertion by filing a bug on GitHub:
  https://github.com/flutter/flutter/issues/new?template=02_bug.yml

The relevant error-causing widget was:
  ListView
  ListView:file:///C:/Users/adrie/Documents/Coelo.worktrees/e2-r02-d04-acessos/apps/superadmin/lib/features/safety/presentation/safety_pages.dart:132:17

When the exception was thrown, this was the stack:
#2      RenderBox.size (package:flutter/src/rendering/box.dart:2251:12)
#3      RenderProxyBoxMixin.performLayout (package:flutter/src/rendering/proxy_box.dart:118:62)
#4      RenderObject.layout (package:flutter/src/rendering/object.dart:2907:7)
#5      RenderProxyBoxMixin.performLayout (package:flutter/src/rendering/proxy_box.dart:118:18)
#6      RenderObject.layout (package:flutter/src/rendering/object.dart:2907:7)
#7      RenderSliverMultiBoxAdaptor.insertAndLayoutChild (package:flutter/src/rendering/sliver_multi_box_adaptor.dart:520:13)
#8      RenderSliverList.performLayout.advance (package:flutter/src/rendering/sliver_list.dart:238:19)
#9      RenderSliverList.performLayout (package:flutter/src/rendering/sliver_list.dart:278:12)
#10     RenderObject.layout (package:flutter/src/rendering/object.dart:2907:7)
#11     RenderSliverEdgeInsetsPadding.performLayout (package:flutter/src/rendering/sliver_padding.dart:133:12)
#12     RenderSliverPadding.performLayout (package:flutter/src/rendering/sliver_padding.dart:368:11)
#13     RenderObject.layout (package:flutter/src/rendering/object.dart:2907:7)
#14     RenderViewportBase.layoutChildSequence (package:flutter/src/rendering/viewport.dart:821:13)
#15     RenderViewport._attemptLayout (package:flutter/src/rendering/viewport.dart:1831:12)
#16     RenderViewport.performLayout (package:flutter/src/rendering/viewport.dart:1724:20)
#17     RenderObject.layout (package:flutter/src/rendering/object.dart:2907:7)
#18     RenderProxyBoxMixin.performLayout (package:flutter/src/rendering/proxy_box.dart:118:18)
#19     RenderObject.layout (package:flutter/src/rendering/object.dart:2907:7)
#20     RenderProxyBoxMixin.performLayout (package:flutter/src/rendering/proxy_box.dart:118:18)
#21     RenderObject.layout (package:flutter/src/rendering/object.dart:2907:7)
#22     RenderProxyBoxMixin.performLayout (package:flutter/src/rendering/proxy_box.dart:118:18)
#23     RenderObject.layout (package:flutter/src/rendering/object.dart:2907:7)
#24     RenderProxyBoxMixin.performLayout (package:flutter/src/rendering/proxy_box.dart:118:18)
#25     RenderObject.layout (package:flutter/src/rendering/object.dart:2907:7)
#26     RenderProxyBoxMixin.performLayout (package:flutter/src/rendering/proxy_box.dart:118:18)
#27     RenderObject.layout (package:flutter/src/rendering/object.dart:2907:7)
#28     RenderProxyBoxMixin.performLayout (package:flutter/src/rendering/proxy_box.dart:118:18)
#29     RenderObject.layout (package:flutter/src/rendering/object.dart:2907:7)
#30     RenderProxyBoxMixin.performLayout (package:flutter/src/rendering/proxy_box.dart:118:18)
#31     RenderObject.layout (package:flutter/src/rendering/object.dart:2907:7)
#32     RenderProxyBoxMixin.performLayout (package:flutter/src/rendering/proxy_box.dart:118:18)
#33     _RenderCustomClip.performLayout (package:flutter/src/rendering/proxy_box.dart:1549:11)
#34     RenderObject.layout (package:flutter/src/rendering/object.dart:2907:7)
#35     ChildLayoutHelper.layoutChild (package:flutter/src/rendering/layout_helper.dart:62:11)
#36     RenderStack._computeSize (package:flutter/src/rendering/stack.dart:647:43)
#37     RenderStack.performLayout (package:flutter/src/rendering/stack.dart:682:12)
#38     RenderObject.layout (package:flutter/src/rendering/object.dart:2907:7)
#39     RenderProxyBoxMixin.performLayout (package:flutter/src/rendering/proxy_box.dart:118:18)
#40     RenderObject.layout (package:flutter/src/rendering/object.dart:2907:7)
#41     _RenderLayoutBuilder.performLayout (package:flutter/src/widgets/layout_builder.dart:449:14)
#42     RenderObject.layout (package:flutter/src/rendering/object.dart:2907:7)
#43     ChildLayoutHelper.layoutChild (package:flutter/src/rendering/layout_helper.dart:62:11)
#44     RenderFlex._computeSizes (package:flutter/src/rendering/flex.dart:1275:26)
#45     RenderFlex.performLayout (package:flutter/src/rendering/flex.dart:1329:32)
#46     RenderObject.layout (package:flutter/src/rendering/object.dart:2907:7)
#47     RenderProxyBoxMixin.performLayout (package:flutter/src/rendering/proxy_box.dart:118:18)
#48     RenderObject.layout (package:flutter/src/rendering/object.dart:2907:7)
#49     RenderProxyBoxMixin.performLayout (package:flutter/src/rendering/proxy_box.dart:118:18)
#50     RenderCustomPaint.performLayout (package:flutter/src/rendering/custom_paint.dart:574:11)
#51     RenderObject.layout (package:flutter/src/rendering/object.dart:2907:7)
#52     RenderProxyBoxMixin.performLayout (package:flutter/src/rendering/proxy_box.dart:118:18)
#53     _RenderCustomClip.performLayout (package:flutter/src/rendering/proxy_box.dart:1549:11)
#54     RenderObject.layout (package:flutter/src/rendering/object.dart:2907:7)
#55     RenderProxyBoxMixin.performLayout (package:flutter/src/rendering/proxy_box.dart:118:18)
#56     RenderObject.layout (package:flutter/src/rendering/object.dart:2907:7)
#57     ChildLayoutHelper.layoutChild (package:flutter/src/rendering/layout_helper.dart:62:11)
#58     RenderFlex._computeSizes (package:flutter/src/rendering/flex.dart:1275:26)
#59     RenderFlex.performLayout (package:flutter/src/rendering/flex.dart:1329:32)
#60     RenderObject.layout (package:flutter/src/rendering/object.dart:2907:7)
#61     ChildLayoutHelper.layoutChild (package:flutter/src/rendering/layout_helper.dart:62:11)
#62     RenderStack._computeSize (package:flutter/src/rendering/stack.dart:647:43)
#63     RenderStack.performLayout (package:flutter/src/rendering/stack.dart:682:12)
#64     RenderObject.layout (package:flutter/src/rendering/object.dart:2907:7)
#65     RenderPadding.performLayout (package:flutter/src/rendering/shifted_box.dart:262:12)
#66     RenderObject.layout (package:flutter/src/rendering/object.dart:2907:7)
#67     ChildLayoutHelper.layoutChild (package:flutter/src/rendering/layout_helper.dart:62:11)
#68     RenderStack._computeSize (package:flutter/src/rendering/stack.dart:647:43)
#69     RenderStack.performLayout (package:flutter/src/rendering/stack.dart:682:12)
#70     RenderObject.layout (package:flutter/src/rendering/object.dart:2907:7)
#71     MultiChildLayoutDelegate.layoutChild (package:flutter/src/rendering/custom_layout.dart:180:12)
#72     _ScaffoldLayout.performLayout (package:flutter/src/material/scaffold.dart:1113:7)
#73     MultiChildLayoutDelegate._callPerformLayout (package:flutter/src/rendering/custom_layout.dart:246:7)
#74     RenderCustomMultiChildLayoutBox.performLayout (package:flutter/src/rendering/custom_layout.dart:417:14)
#75     RenderObject.layout (package:flutter/src/rendering/object.dart:2907:7)
#76     RenderProxyBoxMixin.performLayout (package:flutter/src/rendering/proxy_box.dart:118:18)
#77     RenderObject.layout (package:flutter/src/rendering/object.dart:2907:7)
#78     RenderProxyBoxMixin.performLayout (package:flutter/src/rendering/proxy_box.dart:118:18)
#79     _RenderCustomClip.performLayout (package:flutter/src/rendering/proxy_box.dart:1549:11)
#80     RenderObject.layout (package:flutter/src/rendering/object.dart:2907:7)
#81     _RenderLayoutBuilder.performLayout (package:flutter/src/widgets/layout_builder.dart:449:14)
#82     RenderObject.layout (package:flutter/src/rendering/object.dart:2907:7)
#83     RenderProxyBoxMixin.performLayout (package:flutter/src/rendering/proxy_box.dart:118:18)
#84     RenderObject.layout (package:flutter/src/rendering/object.dart:2907:7)
#85     RenderProxyBoxMixin.performLayout (package:flutter/src/rendering/proxy_box.dart:118:18)
#86     RenderObject.layout (package:flutter/src/rendering/object.dart:2907:7)
#87     RenderProxyBoxMixin.performLayout (package:flutter/src/rendering/proxy_box.dart:118:18)
#88     RenderObject.layout (package:flutter/src/rendering/object.dart:2907:7)
#89     RenderProxyBoxMixin.performLayout (package:flutter/src/rendering/proxy_box.dart:118:18)
#90     RenderObject.layout (package:flutter/src/rendering/object.dart:2907:7)
#91     RenderProxyBoxMixin.performLayout (package:flutter/src/rendering/proxy_box.dart:118:18)
#92     RenderObject.layout (package:flutter/src/rendering/object.dart:2907:7)
#93     RenderProxyBoxMixin.performLayout (package:flutter/src/rendering/proxy_box.dart:118:18)
#94     RenderObject.layout (package:flutter/src/rendering/object.dart:2907:7)
#95     RenderProxyBoxMixin.performLayout (package:flutter/src/rendering/proxy_box.dart:118:18)
#96     RenderObject.layout (package:flutter/src/rendering/object.dart:2907:7)
#97     RenderProxyBoxMixin.performLayout (package:flutter/src/rendering/proxy_box.dart:118:18)
#98     RenderObject.layout (package:flutter/src/rendering/object.dart:2907:7)
#99     RenderProxyBoxMixin.performLayout (package:flutter/src/rendering/proxy_box.dart:118:18)
#100    RenderObject.layout (package:flutter/src/rendering/object.dart:2907:7)
#101    RenderProxyBoxMixin.performLayout (package:flutter/src/rendering/proxy_box.dart:118:18)
#102    RenderObject.layout (package:flutter/src/rendering/object.dart:2907:7)
#103    RenderProxyBoxMixin.performLayout (package:flutter/src/rendering/proxy_box.dart:118:18)
#104    RenderObject.layout (package:flutter/src/rendering/object.dart:2907:7)
#105    RenderProxyBoxMixin.performLayout (package:flutter/src/rendering/proxy_box.dart:118:18)
#106    RenderObject.layout (package:flutter/src/rendering/object.dart:2907:7)
#107    RenderProxyBoxMixin.performLayout (package:flutter/src/rendering/proxy_box.dart:118:18)
#108    RenderObject.layout (package:flutter/src/rendering/object.dart:2907:7)
#109    RenderProxyBoxMixin.performLayout (package:flutter/src/rendering/proxy_box.dart:118:18)
#110    RenderObject.layout (package:flutter/src/rendering/object.dart:2907:7)
#111    RenderProxyBoxMixin.performLayout (package:flutter/src/rendering/proxy_box.dart:118:18)
#112    RenderObject.layout (package:flutter/src/rendering/object.dart:2907:7)
#113    RenderProxyBoxMixin.performLayout (package:flutter/src/rendering/proxy_box.dart:118:18)
#114    RenderOffstage.performLayout (package:flutter/src/rendering/proxy_box.dart:3923:13)
#115    RenderObject.layout (package:flutter/src/rendering/object.dart:2907:7)
#116    RenderProxyBoxMixin.performLayout (package:flutter/src/rendering/proxy_box.dart:118:18)
#117    RenderObject.layout (package:flutter/src/rendering/object.dart:2907:7)
#118    _RenderTheaterMixin.layoutChild (package:flutter/src/widgets/overlay.dart:1124:13)
#119    _RenderTheater.performLayout (package:flutter/src/widgets/overlay.dart:1481:9)
#120    RenderObject.layout (package:flutter/src/rendering/object.dart:2907:7)
#121    RenderProxyBoxMixin.performLayout (package:flutter/src/rendering/proxy_box.dart:118:18)
#122    RenderObject.layout (package:flutter/src/rendering/object.dart:2907:7)
#123    RenderProxyBoxMixin.performLayout (package:flutter/src/rendering/proxy_box.dart:118:18)
#124    RenderObject.layout (package:flutter/src/rendering/object.dart:2907:7)
#125    RenderProxyBoxMixin.performLayout (package:flutter/src/rendering/proxy_box.dart:118:18)
#126    RenderObject.layout (package:flutter/src/rendering/object.dart:2907:7)
#127    RenderProxyBoxMixin.performLayout (package:flutter/src/rendering/proxy_box.dart:118:18)
#128    RenderCustomPaint.performLayout (package:flutter/src/rendering/custom_paint.dart:574:11)
#129    RenderObject.layout (package:flutter/src/rendering/object.dart:2907:7)
#130    RenderProxyBoxMixin.performLayout (package:flutter/src/rendering/proxy_box.dart:118:18)
#131    RenderObject.layout (package:flutter/src/rendering/object.dart:2907:7)
#132    RenderProxyBoxMixin.performLayout (package:flutter/src/rendering/proxy_box.dart:118:18)
#133    RenderObject.layout (package:flutter/src/rendering/object.dart:2907:7)
#134    RenderProxyBoxMixin.performLayout (package:flutter/src/rendering/proxy_box.dart:118:18)
#135    RenderObject.layout (package:flutter/src/rendering/object.dart:2907:7)
#136    RenderProxyBoxMixin.performLayout (package:flutter/src/rendering/proxy_box.dart:118:18)
#137    RenderObject.layout (package:flutter/src/rendering/object.dart:2907:7)
#138    RenderProxyBoxMixin.performLayout (package:flutter/src/rendering/proxy_box.dart:118:18)
#139    RenderObject.layout (package:flutter/src/rendering/object.dart:2907:7)
#140    RenderProxyBoxMixin.performLayout (package:flutter/src/rendering/proxy_box.dart:118:18)
#141    RenderObject.layout (package:flutter/src/rendering/object.dart:2907:7)
#142    RenderProxyBoxMixin.performLayout (package:flutter/src/rendering/proxy_box.dart:118:18)
#143    RenderObject.layout (package:flutter/src/rendering/object.dart:2907:7)
#144    RenderView.performLayout (package:flutter/src/rendering/view.dart:292:12)
#145    RenderObject._layoutWithoutResize (package:flutter/src/rendering/object.dart:2755:7)
#146    PipelineOwner.flushLayout (package:flutter/src/rendering/object.dart:1174:18)
#147    PipelineOwner.flushLayout (package:flutter/src/rendering/object.dart:1187:15)
#148    AutomatedTestWidgetsFlutterBinding.drawFrame (package:flutter_test/src/binding.dart:2433:27)
#149    RendererBinding._handlePersistentFrameCallback (package:flutter/src/rendering/binding.dart:509:5)
#150    SchedulerBinding._invokeFrameCallback (package:flutter/src/scheduler/binding.dart:1430:15)
#151    SchedulerBinding.handleDrawFrame (package:flutter/src/scheduler/binding.dart:1345:9)
#152    AutomatedTestWidgetsFlutterBinding.pump.<anonymous closure> (package:flutter_test/src/binding.dart:2260:9)
#155    TestAsyncUtils.guard (package:flutter_test/src/test_async_utils.dart:74:41)
#156    AutomatedTestWidgetsFlutterBinding.pump (package:flutter_test/src/binding.dart:2249:27)
#157    WidgetTester.pumpWidget.<anonymous closure> (package:flutter_test/src/widget_tester.dart:598:22)
#160    TestAsyncUtils.guard (package:flutter_test/src/test_async_utils.dart:74:41)
#161    WidgetTester.pumpWidget (package:flutter_test/src/widget_tester.dart:595:27)
#162    main.<anonymous closure> (file:///C:/Users/adrie/Documents/Coelo.worktrees/e2-r02-d04-acessos/apps/superadmin/test/features/safety/presentation/safety_pages_test.dart:478:18)
<asynchronous suspension>
#163    testWidgets.<anonymous closure>.<anonymous closure> (package:flutter_test/src/widget_tester.dart:192:15)
<asynchronous suspension>
#164    TestWidgetsFlutterBinding._runTestBody (package:flutter_test/src/binding.dart:1952:5)
<asynchronous suspension>
<asynchronous suspension>
(elided 7 frames from class _AssertionError, dart:async, and package:stack_trace)

The following RenderObject was being processed when the exception was fired: RenderRepaintBoundary#11d0f relayoutBoundary=up4 NEEDS-LAYOUT NEEDS-PAINT NEEDS-COMPOSITING-BITS-UPDATE:
  needs compositing
  creator: RepaintBoundary ← IndexedSemantics ← _SelectionKeepAlive ←
    NotificationListener<KeepAliveNotification> ← KeepAlive ← AutomaticKeepAlive ← KeyedSubtree ←
    SliverList ← SliverPadding ← Viewport ← IgnorePointer-[GlobalKey#9d023] ← Semantics ← ⋯
  parentData: <none> (can use size)
  constraints: BoxConstraints(w=1096.0, 0.0<=h<=Infinity)
  size: MISSING
  usefulness ratio: no metrics collected yet (never painted)
This RenderObject had the following descendants (showing up to depth 5):
    child: RenderFlex#f674a relayoutBoundary=up5 NEEDS-PAINT NEEDS-COMPOSITING-BITS-UPDATE
      child 1: _RenderLayoutBuilder#23fa4 relayoutBoundary=up6 NEEDS-PAINT NEEDS-COMPOSITING-BITS-UPDATE
        child: RenderFlex#70ef2 relayoutBoundary=up7 NEEDS-PAINT NEEDS-COMPOSITING-BITS-UPDATE
          child 1: RenderIntrinsicHeight#6eb80 relayoutBoundary=up8 NEEDS-PAINT NEEDS-COMPOSITING-BITS-UPDATE
            child: RenderFlex#1432f NEEDS-LAYOUT NEEDS-PAINT NEEDS-COMPOSITING-BITS-UPDATE
          child 2: RenderConstrainedBox#dc4bb NEEDS-LAYOUT NEEDS-PAINT
          child 3: RenderIntrinsicHeight#a79dd NEEDS-LAYOUT NEEDS-PAINT NEEDS-COMPOSITING-BITS-UPDATE
            child: RenderFlex#7fd7e NEEDS-LAYOUT NEEDS-PAINT NEEDS-COMPOSITING-BITS-UPDATE
════════════════════════════════════════════════════════════════════════════════════════════════════
══╡ EXCEPTION CAUGHT BY RENDERING LIBRARY ╞═════════════════════════════════════════════════════════
The following assertion was thrown during performLayout():
RenderBox was not laid out: RenderRepaintBoundary#11d0f relayoutBoundary=up4 NEEDS-PAINT
NEEDS-COMPOSITING-BITS-UPDATE
'package:flutter/src/rendering/box.dart':
Failed assertion: line 2251 pos 12: 'hasSize'

Either the assertion indicates an error in the framework itself, or we should provide substantially
more information in this error message to help you determine and fix the underlying cause.
In either case, please report this assertion by filing a bug on GitHub:
  https://github.com/flutter/flutter/issues/new?template=02_bug.yml

The relevant error-causing widget was:
  ListView
  ListView:file:///C:/Users/adrie/Documents/Coelo.worktrees/e2-r02-d04-acessos/apps/superadmin/lib/features/safety/presentation/safety_pages.dart:132:17

When the exception was thrown, this was the stack:
#2      RenderBox.size (package:flutter/src/rendering/box.dart:2251:12)
#3      RenderProxyBoxMixin.performLayout (package:flutter/src/rendering/proxy_box.dart:118:62)
#4      RenderObject.layout (package:flutter/src/rendering/object.dart:2907:7)
#5      RenderSliverMultiBoxAdaptor.insertAndLayoutChild (package:flutter/src/rendering/sliver_multi_box_adaptor.dart:520:13)
#6      RenderSliverList.performLayout.advance (package:flutter/src/rendering/sliver_list.dart:238:19)
#7      RenderSliverList.performLayout (package:flutter/src/rendering/sliver_list.dart:278:12)
#8      RenderObject.layout (package:flutter/src/rendering/object.dart:2907:7)
#9      RenderSliverEdgeInsetsPadding.performLayout (package:flutter/src/rendering/sliver_padding.dart:133:12)
#10     RenderSliverPadding.performLayout (package:flutter/src/rendering/sliver_padding.dart:368:11)
#11     RenderObject.layout (package:flutter/src/rendering/object.dart:2907:7)
#12     RenderViewportBase.layoutChildSequence (package:flutter/src/rendering/viewport.dart:821:13)
#13     RenderViewport._attemptLayout (package:flutter/src/rendering/viewport.dart:1831:12)
#14     RenderViewport.performLayout (package:flutter/src/rendering/viewport.dart:1724:20)
#15     RenderObject.layout (package:flutter/src/rendering/object.dart:2907:7)
#16     RenderProxyBoxMixin.performLayout (package:flutter/src/rendering/proxy_box.dart:118:18)
#17     RenderObject.layout (package:flutter/src/rendering/object.dart:2907:7)
#18     RenderProxyBoxMixin.performLayout (package:flutter/src/rendering/proxy_box.dart:118:18)
#19     RenderObject.layout (package:flutter/src/rendering/object.dart:2907:7)
#20     RenderProxyBoxMixin.performLayout (package:flutter/src/rendering/proxy_box.dart:118:18)
#21     RenderObject.layout (package:flutter/src/rendering/object.dart:2907:7)
#22     RenderProxyBoxMixin.performLayout (package:flutter/src/rendering/proxy_box.dart:118:18)
#23     RenderObject.layout (package:flutter/src/rendering/object.dart:2907:7)
#24     RenderProxyBoxMixin.performLayout (package:flutter/src/rendering/proxy_box.dart:118:18)
#25     RenderObject.layout (package:flutter/src/rendering/object.dart:2907:7)
#26     RenderProxyBoxMixin.performLayout (package:flutter/src/rendering/proxy_box.dart:118:18)
#27     RenderObject.layout (package:flutter/src/rendering/object.dart:2907:7)
#28     RenderProxyBoxMixin.performLayout (package:flutter/src/rendering/proxy_box.dart:118:18)
#29     RenderObject.layout (package:flutter/src/rendering/object.dart:2907:7)
#30     RenderProxyBoxMixin.performLayout (package:flutter/src/rendering/proxy_box.dart:118:18)
#31     _RenderCustomClip.performLayout (package:flutter/src/rendering/proxy_box.dart:1549:11)
#32     RenderObject.layout (package:flutter/src/rendering/object.dart:2907:7)
#33     ChildLayoutHelper.layoutChild (package:flutter/src/rendering/layout_helper.dart:62:11)
#34     RenderStack._computeSize (package:flutter/src/rendering/stack.dart:647:43)
#35     RenderStack.performLayout (package:flutter/src/rendering/stack.dart:682:12)
#36     RenderObject.layout (package:flutter/src/rendering/object.dart:2907:7)
#37     RenderProxyBoxMixin.performLayout (package:flutter/src/rendering/proxy_box.dart:118:18)
#38     RenderObject.layout (package:flutter/src/rendering/object.dart:2907:7)
#39     _RenderLayoutBuilder.performLayout (package:flutter/src/widgets/layout_builder.dart:449:14)
#40     RenderObject.layout (package:flutter/src/rendering/object.dart:2907:7)
#41     ChildLayoutHelper.layoutChild (package:flutter/src/rendering/layout_helper.dart:62:11)
#42     RenderFlex._computeSizes (package:flutter/src/rendering/flex.dart:1275:26)
#43     RenderFlex.performLayout (package:flutter/src/rendering/flex.dart:1329:32)
#44     RenderObject.layout (package:flutter/src/rendering/object.dart:2907:7)
#45     RenderProxyBoxMixin.performLayout (package:flutter/src/rendering/proxy_box.dart:118:18)
#46     RenderObject.layout (package:flutter/src/rendering/object.dart:2907:7)
#47     RenderProxyBoxMixin.performLayout (package:flutter/src/rendering/proxy_box.dart:118:18)
#48     RenderCustomPaint.performLayout (package:flutter/src/rendering/custom_paint.dart:574:11)
#49     RenderObject.layout (package:flutter/src/rendering/object.dart:2907:7)
#50     RenderProxyBoxMixin.performLayout (package:flutter/src/rendering/proxy_box.dart:118:18)
#51     _RenderCustomClip.performLayout (package:flutter/src/rendering/proxy_box.dart:1549:11)
#52     RenderObject.layout (package:flutter/src/rendering/object.dart:2907:7)
#53     RenderProxyBoxMixin.performLayout (package:flutter/src/rendering/proxy_box.dart:118:18)
#54     RenderObject.layout (package:flutter/src/rendering/object.dart:2907:7)
#55     ChildLayoutHelper.layoutChild (package:flutter/src/rendering/layout_helper.dart:62:11)
#56     RenderFlex._computeSizes (package:flutter/src/rendering/flex.dart:1275:26)
#57     RenderFlex.performLayout (package:flutter/src/rendering/flex.dart:1329:32)
#58     RenderObject.layout (package:flutter/src/rendering/object.dart:2907:7)
#59     ChildLayoutHelper.layoutChild (package:flutter/src/rendering/layout_helper.dart:62:11)
#60     RenderStack._computeSize (package:flutter/src/rendering/stack.dart:647:43)
#61     RenderStack.performLayout (package:flutter/src/rendering/stack.dart:682:12)
#62     RenderObject.layout (package:flutter/src/rendering/object.dart:2907:7)
#63     RenderPadding.performLayout (package:flutter/src/rendering/shifted_box.dart:262:12)
#64     RenderObject.layout (package:flutter/src/rendering/object.dart:2907:7)
#65     ChildLayoutHelper.layoutChild (package:flutter/src/rendering/layout_helper.dart:62:11)
#66     RenderStack._computeSize (package:flutter/src/rendering/stack.dart:647:43)
#67     RenderStack.performLayout (package:flutter/src/rendering/stack.dart:682:12)
#68     RenderObject.layout (package:flutter/src/rendering/object.dart:2907:7)
#69     MultiChildLayoutDelegate.layoutChild (package:flutter/src/rendering/custom_layout.dart:180:12)
#70     _ScaffoldLayout.performLayout (package:flutter/src/material/scaffold.dart:1113:7)
#71     MultiChildLayoutDelegate._callPerformLayout (package:flutter/src/rendering/custom_layout.dart:246:7)
#72     RenderCustomMultiChildLayoutBox.performLayout (package:flutter/src/rendering/custom_layout.dart:417:14)
#73     RenderObject.layout (package:flutter/src/rendering/object.dart:2907:7)
#74     RenderProxyBoxMixin.performLayout (package:flutter/src/rendering/proxy_box.dart:118:18)
#75     RenderObject.layout (package:flutter/src/rendering/object.dart:2907:7)
#76     RenderProxyBoxMixin.performLayout (package:flutter/src/rendering/proxy_box.dart:118:18)
#77     _RenderCustomClip.performLayout (package:flutter/src/rendering/proxy_box.dart:1549:11)
#78     RenderObject.layout (package:flutter/src/rendering/object.dart:2907:7)
#79     _RenderLayoutBuilder.performLayout (package:flutter/src/widgets/layout_builder.dart:449:14)
#80     RenderObject.layout (package:flutter/src/rendering/object.dart:2907:7)
#81     RenderProxyBoxMixin.performLayout (package:flutter/src/rendering/proxy_box.dart:118:18)
#82     RenderObject.layout (package:flutter/src/rendering/object.dart:2907:7)
#83     RenderProxyBoxMixin.performLayout (package:flutter/src/rendering/proxy_box.dart:118:18)
#84     RenderObject.layout (package:flutter/src/rendering/object.dart:2907:7)
#85     RenderProxyBoxMixin.performLayout (package:flutter/src/rendering/proxy_box.dart:118:18)
#86     RenderObject.layout (package:flutter/src/rendering/object.dart:2907:7)
#87     RenderProxyBoxMixin.performLayout (package:flutter/src/rendering/proxy_box.dart:118:18)
#88     RenderObject.layout (package:flutter/src/rendering/object.dart:2907:7)
#89     RenderProxyBoxMixin.performLayout (package:flutter/src/rendering/proxy_box.dart:118:18)
#90     RenderObject.layout (package:flutter/src/rendering/object.dart:2907:7)
#91     RenderProxyBoxMixin.performLayout (package:flutter/src/rendering/proxy_box.dart:118:18)
#92     RenderObject.layout (package:flutter/src/rendering/object.dart:2907:7)
#93     RenderProxyBoxMixin.performLayout (package:flutter/src/rendering/proxy_box.dart:118:18)
#94     RenderObject.layout (package:flutter/src/rendering/object.dart:2907:7)
#95     RenderProxyBoxMixin.performLayout (package:flutter/src/rendering/proxy_box.dart:118:18)
#96     RenderObject.layout (package:flutter/src/rendering/object.dart:2907:7)
#97     RenderProxyBoxMixin.performLayout (package:flutter/src/rendering/proxy_box.dart:118:18)
#98     RenderObject.layout (package:flutter/src/rendering/object.dart:2907:7)
#99     RenderProxyBoxMixin.performLayout (package:flutter/src/rendering/proxy_box.dart:118:18)
#100    RenderObject.layout (package:flutter/src/rendering/object.dart:2907:7)
#101    RenderProxyBoxMixin.performLayout (package:flutter/src/rendering/proxy_box.dart:118:18)
#102    RenderObject.layout (package:flutter/src/rendering/object.dart:2907:7)
#103    RenderProxyBoxMixin.performLayout (package:flutter/src/rendering/proxy_box.dart:118:18)
#104    RenderObject.layout (package:flutter/src/rendering/object.dart:2907:7)
#105    RenderProxyBoxMixin.performLayout (package:flutter/src/rendering/proxy_box.dart:118:18)
#106    RenderObject.layout (package:flutter/src/rendering/object.dart:2907:7)
#107    RenderProxyBoxMixin.performLayout (package:flutter/src/rendering/proxy_box.dart:118:18)
#108    RenderObject.layout (package:flutter/src/rendering/object.dart:2907:7)
#109    RenderProxyBoxMixin.performLayout (package:flutter/src/rendering/proxy_box.dart:118:18)
#110    RenderObject.layout (package:flutter/src/rendering/object.dart:2907:7)
#111    RenderProxyBoxMixin.performLayout (package:flutter/src/rendering/proxy_box.dart:118:18)
#112    RenderOffstage.performLayout (package:flutter/src/rendering/proxy_box.dart:3923:13)
#113    RenderObject.layout (package:flutter/src/rendering/object.dart:2907:7)
#114    RenderProxyBoxMixin.performLayout (package:flutter/src/rendering/proxy_box.dart:118:18)
#115    RenderObject.layout (package:flutter/src/rendering/object.dart:2907:7)
#116    _RenderTheaterMixin.layoutChild (package:flutter/src/widgets/overlay.dart:1124:13)
#117    _RenderTheater.performLayout (package:flutter/src/widgets/overlay.dart:1481:9)
#118    RenderObject.layout (package:flutter/src/rendering/object.dart:2907:7)
#119    RenderProxyBoxMixin.performLayout (package:flutter/src/rendering/proxy_box.dart:118:18)
#120    RenderObject.layout (package:flutter/src/rendering/object.dart:2907:7)
#121    RenderProxyBoxMixin.performLayout (package:flutter/src/rendering/proxy_box.dart:118:18)
#122    RenderObject.layout (package:flutter/src/rendering/object.dart:2907:7)
#123    RenderProxyBoxMixin.performLayout (package:flutter/src/rendering/proxy_box.dart:118:18)
#124    RenderObject.layout (package:flutter/src/rendering/object.dart:2907:7)
#125    RenderProxyBoxMixin.performLayout (package:flutter/src/rendering/proxy_box.dart:118:18)
#126    RenderCustomPaint.performLayout (package:flutter/src/rendering/custom_paint.dart:574:11)
#127    RenderObject.layout (package:flutter/src/rendering/object.dart:2907:7)
#128    RenderProxyBoxMixin.performLayout (package:flutter/src/rendering/proxy_box.dart:118:18)
#129    RenderObject.layout (package:flutter/src/rendering/object.dart:2907:7)
#130    RenderProxyBoxMixin.performLayout (package:flutter/src/rendering/proxy_box.dart:118:18)
#131    RenderObject.layout (package:flutter/src/rendering/object.dart:2907:7)
#132    RenderProxyBoxMixin.performLayout (package:flutter/src/rendering/proxy_box.dart:118:18)
#133    RenderObject.layout (package:flutter/src/rendering/object.dart:2907:7)
#134    RenderProxyBoxMixin.performLayout (package:flutter/src/rendering/proxy_box.dart:118:18)
#135    RenderObject.layout (package:flutter/src/rendering/object.dart:2907:7)
#136    RenderProxyBoxMixin.performLayout (package:flutter/src/rendering/proxy_box.dart:118:18)
#137    RenderObject.layout (package:flutter/src/rendering/object.dart:2907:7)
#138    RenderProxyBoxMixin.performLayout (package:flutter/src/rendering/proxy_box.dart:118:18)
#139    RenderObject.layout (package:flutter/src/rendering/object.dart:2907:7)
#140    RenderProxyBoxMixin.performLayout (package:flutter/src/rendering/proxy_box.dart:118:18)
#141    RenderObject.layout (package:flutter/src/rendering/object.dart:2907:7)
#142    RenderView.performLayout (package:flutter/src/rendering/view.dart:292:12)
#143    RenderObject._layoutWithoutResize (package:flutter/src/rendering/object.dart:2755:7)
#144    PipelineOwner.flushLayout (package:flutter/src/rendering/object.dart:1174:18)
#145    PipelineOwner.flushLayout (package:flutter/src/rendering/object.dart:1187:15)
#146    AutomatedTestWidgetsFlutterBinding.drawFrame (package:flutter_test/src/binding.dart:2433:27)
#147    RendererBinding._handlePersistentFrameCallback (package:flutter/src/rendering/binding.dart:509:5)
#148    SchedulerBinding._invokeFrameCallback (package:flutter/src/scheduler/binding.dart:1430:15)
#149    SchedulerBinding.handleDrawFrame (package:flutter/src/scheduler/binding.dart:1345:9)
#150    AutomatedTestWidgetsFlutterBinding.pump.<anonymous closure> (package:flutter_test/src/binding.dart:2260:9)
#153    TestAsyncUtils.guard (package:flutter_test/src/test_async_utils.dart:74:41)
#154    AutomatedTestWidgetsFlutterBinding.pump (package:flutter_test/src/binding.dart:2249:27)
#155    WidgetTester.pumpWidget.<anonymous closure> (package:flutter_test/src/widget_tester.dart:598:22)
#158    TestAsyncUtils.guard (package:flutter_test/src/test_async_utils.dart:74:41)
#159    WidgetTester.pumpWidget (package:flutter_test/src/widget_tester.dart:595:27)
#160    main.<anonymous closure> (file:///C:/Users/adrie/Documents/Coelo.worktrees/e2-r02-d04-acessos/apps/superadmin/test/features/safety/presentation/safety_pages_test.dart:478:18)
<asynchronous suspension>
#161    testWidgets.<anonymous closure>.<anonymous closure> (package:flutter_test/src/widget_tester.dart:192:15)
<asynchronous suspension>
#162    TestWidgetsFlutterBinding._runTestBody (package:flutter_test/src/binding.dart:1952:5)
<asynchronous suspension>
<asynchronous suspension>
(elided 7 frames from class _AssertionError, dart:async, and package:stack_trace)

The following RenderObject was being processed when the exception was fired: RenderIndexedSemantics#3ab46 relayoutBoundary=up3 NEEDS-LAYOUT NEEDS-PAINT NEEDS-COMPOSITING-BITS-UPDATE:
  creator: IndexedSemantics ← _SelectionKeepAlive ← NotificationListener<KeepAliveNotification> ←
    KeepAlive ← AutomaticKeepAlive ← KeyedSubtree ← SliverList ← SliverPadding ← Viewport ←
    IgnorePointer-[GlobalKey#9d023] ← Semantics ← Listener ← ⋯
  parentData: index=4; layoutOffset=None (can use size)
  constraints: BoxConstraints(w=1096.0, 0.0<=h<=Infinity)
  size: MISSING
  index: 4
This RenderObject had the following descendants (showing up to depth 5):
    child: RenderRepaintBoundary#11d0f relayoutBoundary=up4 NEEDS-PAINT NEEDS-COMPOSITING-BITS-UPDATE
      child: RenderFlex#f674a relayoutBoundary=up5 NEEDS-PAINT NEEDS-COMPOSITING-BITS-UPDATE
        child 1: _RenderLayoutBuilder#23fa4 relayoutBoundary=up6 NEEDS-PAINT NEEDS-COMPOSITING-BITS-UPDATE
          child: RenderFlex#70ef2 relayoutBoundary=up7 NEEDS-PAINT NEEDS-COMPOSITING-BITS-UPDATE
            child 1: RenderIntrinsicHeight#6eb80 relayoutBoundary=up8 NEEDS-PAINT NEEDS-COMPOSITING-BITS-UPDATE
            child 2: RenderConstrainedBox#dc4bb NEEDS-LAYOUT NEEDS-PAINT
            child 3: RenderIntrinsicHeight#a79dd NEEDS-LAYOUT NEEDS-PAINT NEEDS-COMPOSITING-BITS-UPDATE
════════════════════════════════════════════════════════════════════════════════════════════════════
══╡ EXCEPTION CAUGHT BY RENDERING LIBRARY ╞═════════════════════════════════════════════════════════
The following assertion was thrown during performLayout():
'package:flutter/src/rendering/sliver_multi_box_adaptor.dart': Failed assertion: line 629 pos 12:
'child.hasSize': is not true.

Either the assertion indicates an error in the framework itself, or we should provide substantially
more information in this error message to help you determine and fix the underlying cause.
In either case, please report this assertion by filing a bug on GitHub:
  https://github.com/flutter/flutter/issues/new?template=02_bug.yml

The relevant error-causing widget was:
  ListView
  ListView:file:///C:/Users/adrie/Documents/Coelo.worktrees/e2-r02-d04-acessos/apps/superadmin/lib/features/safety/presentation/safety_pages.dart:132:17

When the exception was thrown, this was the stack:
#2      RenderSliverMultiBoxAdaptor.paintExtentOf (package:flutter/src/rendering/sliver_multi_box_adaptor.dart:629:12)
#3      RenderSliverList.performLayout.advance (package:flutter/src/rendering/sliver_list.dart:257:54)
#4      RenderSliverList.performLayout (package:flutter/src/rendering/sliver_list.dart:278:12)
#5      RenderObject.layout (package:flutter/src/rendering/object.dart:2907:7)
#6      RenderSliverEdgeInsetsPadding.performLayout (package:flutter/src/rendering/sliver_padding.dart:133:12)
#7      RenderSliverPadding.performLayout (package:flutter/src/rendering/sliver_padding.dart:368:11)
#8      RenderObject.layout (package:flutter/src/rendering/object.dart:2907:7)
#9      RenderViewportBase.layoutChildSequence (package:flutter/src/rendering/viewport.dart:821:13)
#10     RenderViewport._attemptLayout (package:flutter/src/rendering/viewport.dart:1831:12)
#11     RenderViewport.performLayout (package:flutter/src/rendering/viewport.dart:1724:20)
#12     RenderObject.layout (package:flutter/src/rendering/object.dart:2907:7)
#13     RenderProxyBoxMixin.performLayout (package:flutter/src/rendering/proxy_box.dart:118:18)
#14     RenderObject.layout (package:flutter/src/rendering/object.dart:2907:7)
#15     RenderProxyBoxMixin.performLayout (package:flutter/src/rendering/proxy_box.dart:118:18)
#16     RenderObject.layout (package:flutter/src/rendering/object.dart:2907:7)
#17     RenderProxyBoxMixin.performLayout (package:flutter/src/rendering/proxy_box.dart:118:18)
#18     RenderObject.layout (package:flutter/src/rendering/object.dart:2907:7)
#19     RenderProxyBoxMixin.performLayout (package:flutter/src/rendering/proxy_box.dart:118:18)
#20     RenderObject.layout (package:flutter/src/rendering/object.dart:2907:7)
#21     RenderProxyBoxMixin.performLayout (package:flutter/src/rendering/proxy_box.dart:118:18)
#22     RenderObject.layout (package:flutter/src/rendering/object.dart:2907:7)
#23     RenderProxyBoxMixin.performLayout (package:flutter/src/rendering/proxy_box.dart:118:18)
#24     RenderObject.layout (package:flutter/src/rendering/object.dart:2907:7)
#25     RenderProxyBoxMixin.performLayout (package:flutter/src/rendering/proxy_box.dart:118:18)
#26     RenderObject.layout (package:flutter/src/rendering/object.dart:2907:7)
#27     RenderProxyBoxMixin.performLayout (package:flutter/src/rendering/proxy_box.dart:118:18)
#28     _RenderCustomClip.performLayout (package:flutter/src/rendering/proxy_box.dart:1549:11)
#29     RenderObject.layout (package:flutter/src/rendering/object.dart:2907:7)
#30     ChildLayoutHelper.layoutChild (package:flutter/src/rendering/layout_helper.dart:62:11)
#31     RenderStack._computeSize (package:flutter/src/rendering/stack.dart:647:43)
#32     RenderStack.performLayout (package:flutter/src/rendering/stack.dart:682:12)
#33     RenderObject.layout (package:flutter/src/rendering/object.dart:2907:7)
#34     RenderProxyBoxMixin.performLayout (package:flutter/src/rendering/proxy_box.dart:118:18)
#35     RenderObject.layout (package:flutter/src/rendering/object.dart:2907:7)
#36     _RenderLayoutBuilder.performLayout (package:flutter/src/widgets/layout_builder.dart:449:14)
#37     RenderObject.layout (package:flutter/src/rendering/object.dart:2907:7)
#38     ChildLayoutHelper.layoutChild (package:flutter/src/rendering/layout_helper.dart:62:11)
#39     RenderFlex._computeSizes (package:flutter/src/rendering/flex.dart:1275:26)
#40     RenderFlex.performLayout (package:flutter/src/rendering/flex.dart:1329:32)
#41     RenderObject.layout (package:flutter/src/rendering/object.dart:2907:7)
#42     RenderProxyBoxMixin.performLayout (package:flutter/src/rendering/proxy_box.dart:118:18)
#43     RenderObject.layout (package:flutter/src/rendering/object.dart:2907:7)
#44     RenderProxyBoxMixin.performLayout (package:flutter/src/rendering/proxy_box.dart:118:18)
#45     RenderCustomPaint.performLayout (package:flutter/src/rendering/custom_paint.dart:574:11)
#46     RenderObject.layout (package:flutter/src/rendering/object.dart:2907:7)
#47     RenderProxyBoxMixin.performLayout (package:flutter/src/rendering/proxy_box.dart:118:18)
#48     _RenderCustomClip.performLayout (package:flutter/src/rendering/proxy_box.dart:1549:11)
#49     RenderObject.layout (package:flutter/src/rendering/object.dart:2907:7)
#50     RenderProxyBoxMixin.performLayout (package:flutter/src/rendering/proxy_box.dart:118:18)
#51     RenderObject.layout (package:flutter/src/rendering/object.dart:2907:7)
#52     ChildLayoutHelper.layoutChild (package:flutter/src/rendering/layout_helper.dart:62:11)
#53     RenderFlex._computeSizes (package:flutter/src/rendering/flex.dart:1275:26)
#54     RenderFlex.performLayout (package:flutter/src/rendering/flex.dart:1329:32)
#55     RenderObject.layout (package:flutter/src/rendering/object.dart:2907:7)
#56     ChildLayoutHelper.layoutChild (package:flutter/src/rendering/layout_helper.dart:62:11)
#57     RenderStack._computeSize (package:flutter/src/rendering/stack.dart:647:43)
#58     RenderStack.performLayout (package:flutter/src/rendering/stack.dart:682:12)
#59     RenderObject.layout (package:flutter/src/rendering/object.dart:2907:7)
#60     RenderPadding.performLayout (package:flutter/src/rendering/shifted_box.dart:262:12)
#61     RenderObject.layout (package:flutter/src/rendering/object.dart:2907:7)
#62     ChildLayoutHelper.layoutChild (package:flutter/src/rendering/layout_helper.dart:62:11)
#63     RenderStack._computeSize (package:flutter/src/rendering/stack.dart:647:43)
#64     RenderStack.performLayout (package:flutter/src/rendering/stack.dart:682:12)
#65     RenderObject.layout (package:flutter/src/rendering/object.dart:2907:7)
#66     MultiChildLayoutDelegate.layoutChild (package:flutter/src/rendering/custom_layout.dart:180:12)
#67     _ScaffoldLayout.performLayout (package:flutter/src/material/scaffold.dart:1113:7)
#68     MultiChildLayoutDelegate._callPerformLayout (package:flutter/src/rendering/custom_layout.dart:246:7)
#69     RenderCustomMultiChildLayoutBox.performLayout (package:flutter/src/rendering/custom_layout.dart:417:14)
#70     RenderObject.layout (package:flutter/src/rendering/object.dart:2907:7)
#71     RenderProxyBoxMixin.performLayout (package:flutter/src/rendering/proxy_box.dart:118:18)
#72     RenderObject.layout (package:flutter/src/rendering/object.dart:2907:7)
#73     RenderProxyBoxMixin.performLayout (package:flutter/src/rendering/proxy_box.dart:118:18)
#74     _RenderCustomClip.performLayout (package:flutter/src/rendering/proxy_box.dart:1549:11)
#75     RenderObject.layout (package:flutter/src/rendering/object.dart:2907:7)
#76     _RenderLayoutBuilder.performLayout (package:flutter/src/widgets/layout_builder.dart:449:14)
#77     RenderObject.layout (package:flutter/src/rendering/object.dart:2907:7)
#78     RenderProxyBoxMixin.performLayout (package:flutter/src/rendering/proxy_box.dart:118:18)
#79     RenderObject.layout (package:flutter/src/rendering/object.dart:2907:7)
#80     RenderProxyBoxMixin.performLayout (package:flutter/src/rendering/proxy_box.dart:118:18)
#81     RenderObject.layout (package:flutter/src/rendering/object.dart:2907:7)
#82     RenderProxyBoxMixin.performLayout (package:flutter/src/rendering/proxy_box.dart:118:18)
#83     RenderObject.layout (package:flutter/src/rendering/object.dart:2907:7)
#84     RenderProxyBoxMixin.performLayout (package:flutter/src/rendering/proxy_box.dart:118:18)
#85     RenderObject.layout (package:flutter/src/rendering/object.dart:2907:7)
#86     RenderProxyBoxMixin.performLayout (package:flutter/src/rendering/proxy_box.dart:118:18)
#87     RenderObject.layout (package:flutter/src/rendering/object.dart:2907:7)
#88     RenderProxyBoxMixin.performLayout (package:flutter/src/rendering/proxy_box.dart:118:18)
#89     RenderObject.layout (package:flutter/src/rendering/object.dart:2907:7)
#90     RenderProxyBoxMixin.performLayout (package:flutter/src/rendering/proxy_box.dart:118:18)
#91     RenderObject.layout (package:flutter/src/rendering/object.dart:2907:7)
#92     RenderProxyBoxMixin.performLayout (package:flutter/src/rendering/proxy_box.dart:118:18)
#93     RenderObject.layout (package:flutter/src/rendering/object.dart:2907:7)
#94     RenderProxyBoxMixin.performLayout (package:flutter/src/rendering/proxy_box.dart:118:18)
#95     RenderObject.layout (package:flutter/src/rendering/object.dart:2907:7)
#96     RenderProxyBoxMixin.performLayout (package:flutter/src/rendering/proxy_box.dart:118:18)
#97     RenderObject.layout (package:flutter/src/rendering/object.dart:2907:7)
#98     RenderProxyBoxMixin.performLayout (package:flutter/src/rendering/proxy_box.dart:118:18)
#99     RenderObject.layout (package:flutter/src/rendering/object.dart:2907:7)
#100    RenderProxyBoxMixin.performLayout (package:flutter/src/rendering/proxy_box.dart:118:18)
#101    RenderObject.layout (package:flutter/src/rendering/object.dart:2907:7)
#102    RenderProxyBoxMixin.performLayout (package:flutter/src/rendering/proxy_box.dart:118:18)
#103    RenderObject.layout (package:flutter/src/rendering/object.dart:2907:7)
#104    RenderProxyBoxMixin.performLayout (package:flutter/src/rendering/proxy_box.dart:118:18)
#105    RenderObject.layout (package:flutter/src/rendering/object.dart:2907:7)
#106    RenderProxyBoxMixin.performLayout (package:flutter/src/rendering/proxy_box.dart:118:18)
#107    RenderObject.layout (package:flutter/src/rendering/object.dart:2907:7)
#108    RenderProxyBoxMixin.performLayout (package:flutter/src/rendering/proxy_box.dart:118:18)
#109    RenderOffstage.performLayout (package:flutter/src/rendering/proxy_box.dart:3923:13)
#110    RenderObject.layout (package:flutter/src/rendering/object.dart:2907:7)
#111    RenderProxyBoxMixin.performLayout (package:flutter/src/rendering/proxy_box.dart:118:18)
#112    RenderObject.layout (package:flutter/src/rendering/object.dart:2907:7)
#113    _RenderTheaterMixin.layoutChild (package:flutter/src/widgets/overlay.dart:1124:13)
#114    _RenderTheater.performLayout (package:flutter/src/widgets/overlay.dart:1481:9)
#115    RenderObject.layout (package:flutter/src/rendering/object.dart:2907:7)
#116    RenderProxyBoxMixin.performLayout (package:flutter/src/rendering/proxy_box.dart:118:18)
#117    RenderObject.layout (package:flutter/src/rendering/object.dart:2907:7)
#118    RenderProxyBoxMixin.performLayout (package:flutter/src/rendering/proxy_box.dart:118:18)
#119    RenderObject.layout (package:flutter/src/rendering/object.dart:2907:7)
#120    RenderProxyBoxMixin.performLayout (package:flutter/src/rendering/proxy_box.dart:118:18)
#121    RenderObject.layout (package:flutter/src/rendering/object.dart:2907:7)
#122    RenderProxyBoxMixin.performLayout (package:flutter/src/rendering/proxy_box.dart:118:18)
#123    RenderCustomPaint.performLayout (package:flutter/src/rendering/custom_paint.dart:574:11)
#124    RenderObject.layout (package:flutter/src/rendering/object.dart:2907:7)
#125    RenderProxyBoxMixin.performLayout (package:flutter/src/rendering/proxy_box.dart:118:18)
#126    RenderObject.layout (package:flutter/src/rendering/object.dart:2907:7)
#127    RenderProxyBoxMixin.performLayout (package:flutter/src/rendering/proxy_box.dart:118:18)
#128    RenderObject.layout (package:flutter/src/rendering/object.dart:2907:7)
#129    RenderProxyBoxMixin.performLayout (package:flutter/src/rendering/proxy_box.dart:118:18)
#130    RenderObject.layout (package:flutter/src/rendering/object.dart:2907:7)
#131    RenderProxyBoxMixin.performLayout (package:flutter/src/rendering/proxy_box.dart:118:18)
#132    RenderObject.layout (package:flutter/src/rendering/object.dart:2907:7)
#133    RenderProxyBoxMixin.performLayout (package:flutter/src/rendering/proxy_box.dart:118:18)
#134    RenderObject.layout (package:flutter/src/rendering/object.dart:2907:7)
#135    RenderProxyBoxMixin.performLayout (package:flutter/src/rendering/proxy_box.dart:118:18)
#136    RenderObject.layout (package:flutter/src/rendering/object.dart:2907:7)
#137    RenderProxyBoxMixin.performLayout (package:flutter/src/rendering/proxy_box.dart:118:18)
#138    RenderObject.layout (package:flutter/src/rendering/object.dart:2907:7)
#139    RenderView.performLayout (package:flutter/src/rendering/view.dart:292:12)
#140    RenderObject._layoutWithoutResize (package:flutter/src/rendering/object.dart:2755:7)
#141    PipelineOwner.flushLayout (package:flutter/src/rendering/object.dart:1174:18)
#142    PipelineOwner.flushLayout (package:flutter/src/rendering/object.dart:1187:15)
#143    AutomatedTestWidgetsFlutterBinding.drawFrame (package:flutter_test/src/binding.dart:2433:27)
#144    RendererBinding._handlePersistentFrameCallback (package:flutter/src/rendering/binding.dart:509:5)
#145    SchedulerBinding._invokeFrameCallback (package:flutter/src/scheduler/binding.dart:1430:15)
#146    SchedulerBinding.handleDrawFrame (package:flutter/src/scheduler/binding.dart:1345:9)
#147    AutomatedTestWidgetsFlutterBinding.pump.<anonymous closure> (package:flutter_test/src/binding.dart:2260:9)
#150    TestAsyncUtils.guard (package:flutter_test/src/test_async_utils.dart:74:41)
#151    AutomatedTestWidgetsFlutterBinding.pump (package:flutter_test/src/binding.dart:2249:27)
#152    WidgetTester.pumpWidget.<anonymous closure> (package:flutter_test/src/widget_tester.dart:598:22)
#155    TestAsyncUtils.guard (package:flutter_test/src/test_async_utils.dart:74:41)
#156    WidgetTester.pumpWidget (package:flutter_test/src/widget_tester.dart:595:27)
#157    main.<anonymous closure> (file:///C:/Users/adrie/Documents/Coelo.worktrees/e2-r02-d04-acessos/apps/superadmin/test/features/safety/presentation/safety_pages_test.dart:478:18)
<asynchronous suspension>
#158    testWidgets.<anonymous closure>.<anonymous closure> (package:flutter_test/src/widget_tester.dart:192:15)
<asynchronous suspension>
#159    TestWidgetsFlutterBinding._runTestBody (package:flutter_test/src/binding.dart:1952:5)
<asynchronous suspension>
<asynchronous suspension>
(elided 7 frames from class _AssertionError, dart:async, and package:stack_trace)

The following RenderObject was being processed when the exception was fired: RenderSliverList#6fd01 relayoutBoundary=up2 NEEDS-LAYOUT NEEDS-PAINT NEEDS-COMPOSITING-BITS-UPDATE:
  creator: SliverList ← SliverPadding ← Viewport ← IgnorePointer-[GlobalKey#9d023] ← Semantics ←
    Listener ← _GestureSemantics ←
    RawGestureDetector-[LabeledGlobalKey<RawGestureDetectorState>#6e8e8] ← Listener ← _ScrollableScope
    ← _ScrollSemantics-[GlobalKey#c3cfb] ← NotificationListener<ScrollMetricsNotification> ← ⋯
  parentData: paintOffset=Offset(0.0, 0.0) (can use size)
  constraints: SliverConstraints(AxisDirection.down, GrowthDirection.forward, ScrollDirection.idle,
    scrollOffset: 0.0, precedingScrollExtent: 24.0, remainingPaintExtent: 863.0, crossAxisExtent:
    1096.0, crossAxisDirection: AxisDirection.right, viewportMainAxisExtent: 887.0,
    remainingCacheExtent: 1113.0, cacheOrigin: 0.0)
  geometry: null
  currently live children: 0 to 4
This RenderObject had the following descendants (showing up to depth 5):
    child with index 0: RenderIndexedSemantics#eea2e relayoutBoundary=up3 NEEDS-PAINT NEEDS-COMPOSITING-BITS-UPDATE
      child: RenderRepaintBoundary#ac605 relayoutBoundary=up4 NEEDS-PAINT NEEDS-COMPOSITING-BITS-UPDATE
        child: _RenderLayoutBuilder#1de4e relayoutBoundary=up5 NEEDS-PAINT NEEDS-COMPOSITING-BITS-UPDATE
          child: RenderFlex#4ce44 relayoutBoundary=up6 NEEDS-PAINT NEEDS-COMPOSITING-BITS-UPDATE
            child 1: _RenderLayoutBuilder#5a812 relayoutBoundary=up7 NEEDS-PAINT NEEDS-COMPOSITING-BITS-UPDATE
            child 2: RenderConstrainedBox#e0b5d relayoutBoundary=up7 NEEDS-PAINT
            child 3: RenderWrap#5dcd3 relayoutBoundary=up7 NEEDS-PAINT NEEDS-COMPOSITING-BITS-UPDATE
    child with index 1: RenderIndexedSemantics#9ac59 relayoutBoundary=up3 NEEDS-PAINT NEEDS-COMPOSITING-BITS-UPDATE
      child: RenderRepaintBoundary#46261 relayoutBoundary=up4 NEEDS-PAINT NEEDS-COMPOSITING-BITS-UPDATE
        child: RenderConstrainedBox#870b0 relayoutBoundary=up5 NEEDS-PAINT
    child with index 2: RenderIndexedSemantics#cd27a relayoutBoundary=up3 NEEDS-PAINT NEEDS-COMPOSITING-BITS-UPDATE
      child: RenderRepaintBoundary#10589 relayoutBoundary=up4 NEEDS-PAINT NEEDS-COMPOSITING-BITS-UPDATE
        child: _RenderLayoutBuilder#e3ced relayoutBoundary=up5 NEEDS-PAINT NEEDS-COMPOSITING-BITS-UPDATE
          child: RenderDecoratedBox#f99ea relayoutBoundary=up6 NEEDS-PAINT NEEDS-COMPOSITING-BITS-UPDATE
            child: RenderStack#8f4e9 relayoutBoundary=up7 NEEDS-PAINT NEEDS-COMPOSITING-BITS-UPDATE
    child with index 3: RenderIndexedSemantics#19c5e relayoutBoundary=up3 NEEDS-PAINT NEEDS-COMPOSITING-BITS-UPDATE
      child: RenderRepaintBoundary#7f043 relayoutBoundary=up4 NEEDS-PAINT NEEDS-COMPOSITING-BITS-UPDATE
        child: RenderConstrainedBox#9a043 relayoutBoundary=up5 NEEDS-PAINT
    child with index 4: RenderIndexedSemantics#3ab46 relayoutBoundary=up3 NEEDS-PAINT NEEDS-COMPOSITING-BITS-UPDATE
      child: RenderRepaintBoundary#11d0f relayoutBoundary=up4 NEEDS-PAINT NEEDS-COMPOSITING-BITS-UPDATE
        child: RenderFlex#f674a relayoutBoundary=up5 NEEDS-PAINT NEEDS-COMPOSITING-BITS-UPDATE
          child 1: _RenderLayoutBuilder#23fa4 relayoutBoundary=up6 NEEDS-PAINT NEEDS-COMPOSITING-BITS-UPDATE
            child: RenderFlex#70ef2 relayoutBoundary=up7 NEEDS-PAINT NEEDS-COMPOSITING-BITS-UPDATE
════════════════════════════════════════════════════════════════════════════════════════════════════
══╡ EXCEPTION CAUGHT BY RENDERING LIBRARY ╞═════════════════════════════════════════════════════════
The following _TypeError was thrown during performLayout():
Null check operator used on a null value

The relevant error-causing widget was:
  ListView
  ListView:file:///C:/Users/adrie/Documents/Coelo.worktrees/e2-r02-d04-acessos/apps/superadmin/lib/features/safety/presentation/safety_pages.dart:132:17

When the exception was thrown, this was the stack:
#0      RenderSliverEdgeInsetsPadding.performLayout (package:flutter/src/rendering/sliver_padding.dart:147:63)
#1      RenderSliverPadding.performLayout (package:flutter/src/rendering/sliver_padding.dart:368:11)
#2      RenderObject.layout (package:flutter/src/rendering/object.dart:2907:7)
#3      RenderViewportBase.layoutChildSequence (package:flutter/src/rendering/viewport.dart:821:13)
#4      RenderViewport._attemptLayout (package:flutter/src/rendering/viewport.dart:1831:12)
#5      RenderViewport.performLayout (package:flutter/src/rendering/viewport.dart:1724:20)
#6      RenderObject.layout (package:flutter/src/rendering/object.dart:2907:7)
#7      RenderProxyBoxMixin.performLayout (package:flutter/src/rendering/proxy_box.dart:118:18)
#8      RenderObject.layout (package:flutter/src/rendering/object.dart:2907:7)
#9      RenderProxyBoxMixin.performLayout (package:flutter/src/rendering/proxy_box.dart:118:18)
#10     RenderObject.layout (package:flutter/src/rendering/object.dart:2907:7)
#11     RenderProxyBoxMixin.performLayout (package:flutter/src/rendering/proxy_box.dart:118:18)
#12     RenderObject.layout (package:flutter/src/rendering/object.dart:2907:7)
#13     RenderProxyBoxMixin.performLayout (package:flutter/src/rendering/proxy_box.dart:118:18)
#14     RenderObject.layout (package:flutter/src/rendering/object.dart:2907:7)
#15     RenderProxyBoxMixin.performLayout (package:flutter/src/rendering/proxy_box.dart:118:18)
#16     RenderObject.layout (package:flutter/src/rendering/object.dart:2907:7)
#17     RenderProxyBoxMixin.performLayout (package:flutter/src/rendering/proxy_box.dart:118:18)
#18     RenderObject.layout (package:flutter/src/rendering/object.dart:2907:7)
#19     RenderProxyBoxMixin.performLayout (package:flutter/src/rendering/proxy_box.dart:118:18)
#20     RenderObject.layout (package:flutter/src/rendering/object.dart:2907:7)
#21     RenderProxyBoxMixin.performLayout (package:flutter/src/rendering/proxy_box.dart:118:18)
#22     _RenderCustomClip.performLayout (package:flutter/src/rendering/proxy_box.dart:1549:11)
#23     RenderObject.layout (package:flutter/src/rendering/object.dart:2907:7)
#24     ChildLayoutHelper.layoutChild (package:flutter/src/rendering/layout_helper.dart:62:11)
#25     RenderStack._computeSize (package:flutter/src/rendering/stack.dart:647:43)
#26     RenderStack.performLayout (package:flutter/src/rendering/stack.dart:682:12)
#27     RenderObject.layout (package:flutter/src/rendering/object.dart:2907:7)
#28     RenderProxyBoxMixin.performLayout (package:flutter/src/rendering/proxy_box.dart:118:18)
#29     RenderObject.layout (package:flutter/src/rendering/object.dart:2907:7)
#30     _RenderLayoutBuilder.performLayout (package:flutter/src/widgets/layout_builder.dart:449:14)
#31     RenderObject.layout (package:flutter/src/rendering/object.dart:2907:7)
#32     ChildLayoutHelper.layoutChild (package:flutter/src/rendering/layout_helper.dart:62:11)
#33     RenderFlex._computeSizes (package:flutter/src/rendering/flex.dart:1275:26)
#34     RenderFlex.performLayout (package:flutter/src/rendering/flex.dart:1329:32)
#35     RenderObject.layout (package:flutter/src/rendering/object.dart:2907:7)
#36     RenderProxyBoxMixin.performLayout (package:flutter/src/rendering/proxy_box.dart:118:18)
#37     RenderObject.layout (package:flutter/src/rendering/object.dart:2907:7)
#38     RenderProxyBoxMixin.performLayout (package:flutter/src/rendering/proxy_box.dart:118:18)
#39     RenderCustomPaint.performLayout (package:flutter/src/rendering/custom_paint.dart:574:11)
#40     RenderObject.layout (package:flutter/src/rendering/object.dart:2907:7)
#41     RenderProxyBoxMixin.performLayout (package:flutter/src/rendering/proxy_box.dart:118:18)
#42     _RenderCustomClip.performLayout (package:flutter/src/rendering/proxy_box.dart:1549:11)
#43     RenderObject.layout (package:flutter/src/rendering/object.dart:2907:7)
#44     RenderProxyBoxMixin.performLayout (package:flutter/src/rendering/proxy_box.dart:118:18)
#45     RenderObject.layout (package:flutter/src/rendering/object.dart:2907:7)
#46     ChildLayoutHelper.layoutChild (package:flutter/src/rendering/layout_helper.dart:62:11)
#47     RenderFlex._computeSizes (package:flutter/src/rendering/flex.dart:1275:26)
#48     RenderFlex.performLayout (package:flutter/src/rendering/flex.dart:1329:32)
#49     RenderObject.layout (package:flutter/src/rendering/object.dart:2907:7)
#50     ChildLayoutHelper.layoutChild (package:flutter/src/rendering/layout_helper.dart:62:11)
#51     RenderStack._computeSize (package:flutter/src/rendering/stack.dart:647:43)
#52     RenderStack.performLayout (package:flutter/src/rendering/stack.dart:682:12)
#53     RenderObject.layout (package:flutter/src/rendering/object.dart:2907:7)
#54     RenderPadding.performLayout (package:flutter/src/rendering/shifted_box.dart:262:12)
#55     RenderObject.layout (package:flutter/src/rendering/object.dart:2907:7)
#56     ChildLayoutHelper.layoutChild (package:flutter/src/rendering/layout_helper.dart:62:11)
#57     RenderStack._computeSize (package:flutter/src/rendering/stack.dart:647:43)
#58     RenderStack.performLayout (package:flutter/src/rendering/stack.dart:682:12)
#59     RenderObject.layout (package:flutter/src/rendering/object.dart:2907:7)
#60     MultiChildLayoutDelegate.layoutChild (package:flutter/src/rendering/custom_layout.dart:180:12)
#61     _ScaffoldLayout.performLayout (package:flutter/src/material/scaffold.dart:1113:7)
#62     MultiChildLayoutDelegate._callPerformLayout (package:flutter/src/rendering/custom_layout.dart:246:7)
#63     RenderCustomMultiChildLayoutBox.performLayout (package:flutter/src/rendering/custom_layout.dart:417:14)
#64     RenderObject.layout (package:flutter/src/rendering/object.dart:2907:7)
#65     RenderProxyBoxMixin.performLayout (package:flutter/src/rendering/proxy_box.dart:118:18)
#66     RenderObject.layout (package:flutter/src/rendering/object.dart:2907:7)
#67     RenderProxyBoxMixin.performLayout (package:flutter/src/rendering/proxy_box.dart:118:18)
#68     _RenderCustomClip.performLayout (package:flutter/src/rendering/proxy_box.dart:1549:11)
#69     RenderObject.layout (package:flutter/src/rendering/object.dart:2907:7)
#70     _RenderLayoutBuilder.performLayout (package:flutter/src/widgets/layout_builder.dart:449:14)
#71     RenderObject.layout (package:flutter/src/rendering/object.dart:2907:7)
#72     RenderProxyBoxMixin.performLayout (package:flutter/src/rendering/proxy_box.dart:118:18)
#73     RenderObject.layout (package:flutter/src/rendering/object.dart:2907:7)
#74     RenderProxyBoxMixin.performLayout (package:flutter/src/rendering/proxy_box.dart:118:18)
#75     RenderObject.layout (package:flutter/src/rendering/object.dart:2907:7)
#76     RenderProxyBoxMixin.performLayout (package:flutter/src/rendering/proxy_box.dart:118:18)
#77     RenderObject.layout (package:flutter/src/rendering/object.dart:2907:7)
#78     RenderProxyBoxMixin.performLayout (package:flutter/src/rendering/proxy_box.dart:118:18)
#79     RenderObject.layout (package:flutter/src/rendering/object.dart:2907:7)
#80     RenderProxyBoxMixin.performLayout (package:flutter/src/rendering/proxy_box.dart:118:18)
#81     RenderObject.layout (package:flutter/src/rendering/object.dart:2907:7)
#82     RenderProxyBoxMixin.performLayout (package:flutter/src/rendering/proxy_box.dart:118:18)
#83     RenderObject.layout (package:flutter/src/rendering/object.dart:2907:7)
#84     RenderProxyBoxMixin.performLayout (package:flutter/src/rendering/proxy_box.dart:118:18)
#85     RenderObject.layout (package:flutter/src/rendering/object.dart:2907:7)
#86     RenderProxyBoxMixin.performLayout (package:flutter/src/rendering/proxy_box.dart:118:18)
#87     RenderObject.layout (package:flutter/src/rendering/object.dart:2907:7)
#88     RenderProxyBoxMixin.performLayout (package:flutter/src/rendering/proxy_box.dart:118:18)
#89     RenderObject.layout (package:flutter/src/rendering/object.dart:2907:7)
#90     RenderProxyBoxMixin.performLayout (package:flutter/src/rendering/proxy_box.dart:118:18)
#91     RenderObject.layout (package:flutter/src/rendering/object.dart:2907:7)
#92     RenderProxyBoxMixin.performLayout (package:flutter/src/rendering/proxy_box.dart:118:18)
#93     RenderObject.layout (package:flutter/src/rendering/object.dart:2907:7)
#94     RenderProxyBoxMixin.performLayout (package:flutter/src/rendering/proxy_box.dart:118:18)
#95     RenderObject.layout (package:flutter/src/rendering/object.dart:2907:7)
#96     RenderProxyBoxMixin.performLayout (package:flutter/src/rendering/proxy_box.dart:118:18)
#97     RenderObject.layout (package:flutter/src/rendering/object.dart:2907:7)
#98     RenderProxyBoxMixin.performLayout (package:flutter/src/rendering/proxy_box.dart:118:18)
#99     RenderObject.layout (package:flutter/src/rendering/object.dart:2907:7)
#100    RenderProxyBoxMixin.performLayout (package:flutter/src/rendering/proxy_box.dart:118:18)
#101    RenderObject.layout (package:flutter/src/rendering/object.dart:2907:7)
#102    RenderProxyBoxMixin.performLayout (package:flutter/src/rendering/proxy_box.dart:118:18)
#103    RenderOffstage.performLayout (package:flutter/src/rendering/proxy_box.dart:3923:13)
#104    RenderObject.layout (package:flutter/src/rendering/object.dart:2907:7)
#105    RenderProxyBoxMixin.performLayout (package:flutter/src/rendering/proxy_box.dart:118:18)
#106    RenderObject.layout (package:flutter/src/rendering/object.dart:2907:7)
#107    _RenderTheaterMixin.layoutChild (package:flutter/src/widgets/overlay.dart:1124:13)
#108    _RenderTheater.performLayout (package:flutter/src/widgets/overlay.dart:1481:9)
#109    RenderObject.layout (package:flutter/src/rendering/object.dart:2907:7)
#110    RenderProxyBoxMixin.performLayout (package:flutter/src/rendering/proxy_box.dart:118:18)
#111    RenderObject.layout (package:flutter/src/rendering/object.dart:2907:7)
#112    RenderProxyBoxMixin.performLayout (package:flutter/src/rendering/proxy_box.dart:118:18)
#113    RenderObject.layout (package:flutter/src/rendering/object.dart:2907:7)
#114    RenderProxyBoxMixin.performLayout (package:flutter/src/rendering/proxy_box.dart:118:18)
#115    RenderObject.layout (package:flutter/src/rendering/object.dart:2907:7)
#116    RenderProxyBoxMixin.performLayout (package:flutter/src/rendering/proxy_box.dart:118:18)
#117    RenderCustomPaint.performLayout (package:flutter/src/rendering/custom_paint.dart:574:11)
#118    RenderObject.layout (package:flutter/src/rendering/object.dart:2907:7)
#119    RenderProxyBoxMixin.performLayout (package:flutter/src/rendering/proxy_box.dart:118:18)
#120    RenderObject.layout (package:flutter/src/rendering/object.dart:2907:7)
#121    RenderProxyBoxMixin.performLayout (package:flutter/src/rendering/proxy_box.dart:118:18)
#122    RenderObject.layout (package:flutter/src/rendering/object.dart:2907:7)
#123    RenderProxyBoxMixin.performLayout (package:flutter/src/rendering/proxy_box.dart:118:18)
#124    RenderObject.layout (package:flutter/src/rendering/object.dart:2907:7)
#125    RenderProxyBoxMixin.performLayout (package:flutter/src/rendering/proxy_box.dart:118:18)
#126    RenderObject.layout (package:flutter/src/rendering/object.dart:2907:7)
#127    RenderProxyBoxMixin.performLayout (package:flutter/src/rendering/proxy_box.dart:118:18)
#128    RenderObject.layout (package:flutter/src/rendering/object.dart:2907:7)
#129    RenderProxyBoxMixin.performLayout (package:flutter/src/rendering/proxy_box.dart:118:18)
#130    RenderObject.layout (package:flutter/src/rendering/object.dart:2907:7)
#131    RenderProxyBoxMixin.performLayout (package:flutter/src/rendering/proxy_box.dart:118:18)
#132    RenderObject.layout (package:flutter/src/rendering/object.dart:2907:7)
#133    RenderView.performLayout (package:flutter/src/rendering/view.dart:292:12)
#134    RenderObject._layoutWithoutResize (package:flutter/src/rendering/object.dart:2755:7)
#135    PipelineOwner.flushLayout (package:flutter/src/rendering/object.dart:1174:18)
#136    PipelineOwner.flushLayout (package:flutter/src/rendering/object.dart:1187:15)
#137    AutomatedTestWidgetsFlutterBinding.drawFrame (package:flutter_test/src/binding.dart:2433:27)
#138    RendererBinding._handlePersistentFrameCallback (package:flutter/src/rendering/binding.dart:509:5)
#139    SchedulerBinding._invokeFrameCallback (package:flutter/src/scheduler/binding.dart:1430:15)
#140    SchedulerBinding.handleDrawFrame (package:flutter/src/scheduler/binding.dart:1345:9)
#141    AutomatedTestWidgetsFlutterBinding.pump.<anonymous closure> (package:flutter_test/src/binding.dart:2260:9)
#144    TestAsyncUtils.guard (package:flutter_test/src/test_async_utils.dart:74:41)
#145    AutomatedTestWidgetsFlutterBinding.pump (package:flutter_test/src/binding.dart:2249:27)
#146    WidgetTester.pumpWidget.<anonymous closure> (package:flutter_test/src/widget_tester.dart:598:22)
#149    TestAsyncUtils.guard (package:flutter_test/src/test_async_utils.dart:74:41)
#150    WidgetTester.pumpWidget (package:flutter_test/src/widget_tester.dart:595:27)
#151    main.<anonymous closure> (file:///C:/Users/adrie/Documents/Coelo.worktrees/e2-r02-d04-acessos/apps/superadmin/test/features/safety/presentation/safety_pages_test.dart:478:18)
<asynchronous suspension>
#152    testWidgets.<anonymous closure>.<anonymous closure> (package:flutter_test/src/widget_tester.dart:192:15)
<asynchronous suspension>
#153    TestWidgetsFlutterBinding._runTestBody (package:flutter_test/src/binding.dart:1952:5)
<asynchronous suspension>
<asynchronous suspension>
(elided 5 frames from dart:async and package:stack_trace)

The following RenderObject was being processed when the exception was fired: RenderSliverPadding#8d4bc relayoutBoundary=up1 NEEDS-LAYOUT NEEDS-PAINT NEEDS-COMPOSITING-BITS-UPDATE:
  creator: SliverPadding ← Viewport ← IgnorePointer-[GlobalKey#9d023] ← Semantics ← Listener ←
    _GestureSemantics ← RawGestureDetector-[LabeledGlobalKey<RawGestureDetectorState>#6e8e8] ←
    Listener ← _ScrollableScope ← _ScrollSemantics-[GlobalKey#c3cfb] ←
    NotificationListener<ScrollMetricsNotification> ← Transform ← ⋯
  parentData: paintOffset=Offset(0.0, 0.0) (can use size)
  constraints: SliverConstraints(AxisDirection.down, GrowthDirection.forward, ScrollDirection.idle,
    scrollOffset: 0.0, precedingScrollExtent: 0.0, remainingPaintExtent: 887.0, crossAxisExtent:
    1144.0, crossAxisDirection: AxisDirection.right, viewportMainAxisExtent: 887.0,
    remainingCacheExtent: 1137.0, cacheOrigin: 0.0)
  geometry: null
  padding: EdgeInsets.all(24.0)
  textDirection: ltr
This RenderObject had the following descendants (showing up to depth 5):
    child: RenderSliverList#6fd01 relayoutBoundary=up2 NEEDS-PAINT NEEDS-COMPOSITING-BITS-UPDATE
      child with index 0: RenderIndexedSemantics#eea2e relayoutBoundary=up3 NEEDS-PAINT NEEDS-COMPOSITING-BITS-UPDATE
        child: RenderRepaintBoundary#ac605 relayoutBoundary=up4 NEEDS-PAINT NEEDS-COMPOSITING-BITS-UPDATE
          child: _RenderLayoutBuilder#1de4e relayoutBoundary=up5 NEEDS-PAINT NEEDS-COMPOSITING-BITS-UPDATE
            child: RenderFlex#4ce44 relayoutBoundary=up6 NEEDS-PAINT NEEDS-COMPOSITING-BITS-UPDATE
      child with index 1: RenderIndexedSemantics#9ac59 relayoutBoundary=up3 NEEDS-PAINT NEEDS-COMPOSITING-BITS-UPDATE
        child: RenderRepaintBoundary#46261 relayoutBoundary=up4 NEEDS-PAINT NEEDS-COMPOSITING-BITS-UPDATE
          child: RenderConstrainedBox#870b0 relayoutBoundary=up5 NEEDS-PAINT
      child with index 2: RenderIndexedSemantics#cd27a relayoutBoundary=up3 NEEDS-PAINT NEEDS-COMPOSITING-BITS-UPDATE
        child: RenderRepaintBoundary#10589 relayoutBoundary=up4 NEEDS-PAINT NEEDS-COMPOSITING-BITS-UPDATE
          child: _RenderLayoutBuilder#e3ced relayoutBoundary=up5 NEEDS-PAINT NEEDS-COMPOSITING-BITS-UPDATE
            child: RenderDecoratedBox#f99ea relayoutBoundary=up6 NEEDS-PAINT NEEDS-COMPOSITING-BITS-UPDATE
      child with index 3: RenderIndexedSemantics#19c5e relayoutBoundary=up3 NEEDS-PAINT NEEDS-COMPOSITING-BITS-UPDATE
        child: RenderRepaintBoundary#7f043 relayoutBoundary=up4 NEEDS-PAINT NEEDS-COMPOSITING-BITS-UPDATE
          child: RenderConstrainedBox#9a043 relayoutBoundary=up5 NEEDS-PAINT
      child with index 4: RenderIndexedSemantics#3ab46 relayoutBoundary=up3 NEEDS-PAINT NEEDS-COMPOSITING-BITS-UPDATE
        child: RenderRepaintBoundary#11d0f relayoutBoundary=up4 NEEDS-PAINT NEEDS-COMPOSITING-BITS-UPDATE
          child: RenderFlex#f674a relayoutBoundary=up5 NEEDS-PAINT NEEDS-COMPOSITING-BITS-UPDATE
            child 1: _RenderLayoutBuilder#23fa4 relayoutBoundary=up6 NEEDS-PAINT NEEDS-COMPOSITING-BITS-UPDATE
════════════════════════════════════════════════════════════════════════════════════════════════════
══╡ EXCEPTION CAUGHT BY RENDERING LIBRARY ╞═════════════════════════════════════════════════════════
The following _TypeError was thrown during performLayout():
Null check operator used on a null value

The relevant error-causing widget was:
  ListView
  ListView:file:///C:/Users/adrie/Documents/Coelo.worktrees/e2-r02-d04-acessos/apps/superadmin/lib/features/safety/presentation/safety_pages.dart:132:17

When the exception was thrown, this was the stack:
#0      RenderViewportBase.layoutChildSequence (package:flutter/src/rendering/viewport.dart:842:64)
#1      RenderViewport._attemptLayout (package:flutter/src/rendering/viewport.dart:1831:12)
#2      RenderViewport.performLayout (package:flutter/src/rendering/viewport.dart:1724:20)
#3      RenderObject.layout (package:flutter/src/rendering/object.dart:2907:7)
#4      RenderProxyBoxMixin.performLayout (package:flutter/src/rendering/proxy_box.dart:118:18)
#5      RenderObject.layout (package:flutter/src/rendering/object.dart:2907:7)
#6      RenderProxyBoxMixin.performLayout (package:flutter/src/rendering/proxy_box.dart:118:18)
#7      RenderObject.layout (package:flutter/src/rendering/object.dart:2907:7)
#8      RenderProxyBoxMixin.performLayout (package:flutter/src/rendering/proxy_box.dart:118:18)
#9      RenderObject.layout (package:flutter/src/rendering/object.dart:2907:7)
#10     RenderProxyBoxMixin.performLayout (package:flutter/src/rendering/proxy_box.dart:118:18)
#11     RenderObject.layout (package:flutter/src/rendering/object.dart:2907:7)
#12     RenderProxyBoxMixin.performLayout (package:flutter/src/rendering/proxy_box.dart:118:18)
#13     RenderObject.layout (package:flutter/src/rendering/object.dart:2907:7)
#14     RenderProxyBoxMixin.performLayout (package:flutter/src/rendering/proxy_box.dart:118:18)
#15     RenderObject.layout (package:flutter/src/rendering/object.dart:2907:7)
#16     RenderProxyBoxMixin.performLayout (package:flutter/src/rendering/proxy_box.dart:118:18)
#17     RenderObject.layout (package:flutter/src/rendering/object.dart:2907:7)
#18     RenderProxyBoxMixin.performLayout (package:flutter/src/rendering/proxy_box.dart:118:18)
#19     _RenderCustomClip.performLayout (package:flutter/src/rendering/proxy_box.dart:1549:11)
#20     RenderObject.layout (package:flutter/src/rendering/object.dart:2907:7)
#21     ChildLayoutHelper.layoutChild (package:flutter/src/rendering/layout_helper.dart:62:11)
#22     RenderStack._computeSize (package:flutter/src/rendering/stack.dart:647:43)
#23     RenderStack.performLayout (package:flutter/src/rendering/stack.dart:682:12)
#24     RenderObject.layout (package:flutter/src/rendering/object.dart:2907:7)
#25     RenderProxyBoxMixin.performLayout (package:flutter/src/rendering/proxy_box.dart:118:18)
#26     RenderObject.layout (package:flutter/src/rendering/object.dart:2907:7)
#27     _RenderLayoutBuilder.performLayout (package:flutter/src/widgets/layout_builder.dart:449:14)
#28     RenderObject.layout (package:flutter/src/rendering/object.dart:2907:7)
#29     ChildLayoutHelper.layoutChild (package:flutter/src/rendering/layout_helper.dart:62:11)
#30     RenderFlex._computeSizes (package:flutter/src/rendering/flex.dart:1275:26)
#31     RenderFlex.performLayout (package:flutter/src/rendering/flex.dart:1329:32)
#32     RenderObject.layout (package:flutter/src/rendering/object.dart:2907:7)
#33     RenderProxyBoxMixin.performLayout (package:flutter/src/rendering/proxy_box.dart:118:18)
#34     RenderObject.layout (package:flutter/src/rendering/object.dart:2907:7)
#35     RenderProxyBoxMixin.performLayout (package:flutter/src/rendering/proxy_box.dart:118:18)
#36     RenderCustomPaint.performLayout (package:flutter/src/rendering/custom_paint.dart:574:11)
#37     RenderObject.layout (package:flutter/src/rendering/object.dart:2907:7)
#38     RenderProxyBoxMixin.performLayout (package:flutter/src/rendering/proxy_box.dart:118:18)
#39     _RenderCustomClip.performLayout (package:flutter/src/rendering/proxy_box.dart:1549:11)
#40     RenderObject.layout (package:flutter/src/rendering/object.dart:2907:7)
#41     RenderProxyBoxMixin.performLayout (package:flutter/src/rendering/proxy_box.dart:118:18)
#42     RenderObject.layout (package:flutter/src/rendering/object.dart:2907:7)
#43     ChildLayoutHelper.layoutChild (package:flutter/src/rendering/layout_helper.dart:62:11)
#44     RenderFlex._computeSizes (package:flutter/src/rendering/flex.dart:1275:26)
#45     RenderFlex.performLayout (package:flutter/src/rendering/flex.dart:1329:32)
#46     RenderObject.layout (package:flutter/src/rendering/object.dart:2907:7)
#47     ChildLayoutHelper.layoutChild (package:flutter/src/rendering/layout_helper.dart:62:11)
#48     RenderStack._computeSize (package:flutter/src/rendering/stack.dart:647:43)
#49     RenderStack.performLayout (package:flutter/src/rendering/stack.dart:682:12)
#50     RenderObject.layout (package:flutter/src/rendering/object.dart:2907:7)
#51     RenderPadding.performLayout (package:flutter/src/rendering/shifted_box.dart:262:12)
#52     RenderObject.layout (package:flutter/src/rendering/object.dart:2907:7)
#53     ChildLayoutHelper.layoutChild (package:flutter/src/rendering/layout_helper.dart:62:11)
#54     RenderStack._computeSize (package:flutter/src/rendering/stack.dart:647:43)
#55     RenderStack.performLayout (package:flutter/src/rendering/stack.dart:682:12)
#56     RenderObject.layout (package:flutter/src/rendering/object.dart:2907:7)
#57     MultiChildLayoutDelegate.layoutChild (package:flutter/src/rendering/custom_layout.dart:180:12)
#58     _ScaffoldLayout.performLayout (package:flutter/src/material/scaffold.dart:1113:7)
#59     MultiChildLayoutDelegate._callPerformLayout (package:flutter/src/rendering/custom_layout.dart:246:7)
#60     RenderCustomMultiChildLayoutBox.performLayout (package:flutter/src/rendering/custom_layout.dart:417:14)
#61     RenderObject.layout (package:flutter/src/rendering/object.dart:2907:7)
#62     RenderProxyBoxMixin.performLayout (package:flutter/src/rendering/proxy_box.dart:118:18)
#63     RenderObject.layout (package:flutter/src/rendering/object.dart:2907:7)
#64     RenderProxyBoxMixin.performLayout (package:flutter/src/rendering/proxy_box.dart:118:18)
#65     _RenderCustomClip.performLayout (package:flutter/src/rendering/proxy_box.dart:1549:11)
#66     RenderObject.layout (package:flutter/src/rendering/object.dart:2907:7)
#67     _RenderLayoutBuilder.performLayout (package:flutter/src/widgets/layout_builder.dart:449:14)
#68     RenderObject.layout (package:flutter/src/rendering/object.dart:2907:7)
#69     RenderProxyBoxMixin.performLayout (package:flutter/src/rendering/proxy_box.dart:118:18)
#70     RenderObject.layout (package:flutter/src/rendering/object.dart:2907:7)
#71     RenderProxyBoxMixin.performLayout (package:flutter/src/rendering/proxy_box.dart:118:18)
#72     RenderObject.layout (package:flutter/src/rendering/object.dart:2907:7)
#73     RenderProxyBoxMixin.performLayout (package:flutter/src/rendering/proxy_box.dart:118:18)
#74     RenderObject.layout (package:flutter/src/rendering/object.dart:2907:7)
#75     RenderProxyBoxMixin.performLayout (package:flutter/src/rendering/proxy_box.dart:118:18)
#76     RenderObject.layout (package:flutter/src/rendering/object.dart:2907:7)
#77     RenderProxyBoxMixin.performLayout (package:flutter/src/rendering/proxy_box.dart:118:18)
#78     RenderObject.layout (package:flutter/src/rendering/object.dart:2907:7)
#79     RenderProxyBoxMixin.performLayout (package:flutter/src/rendering/proxy_box.dart:118:18)
#80     RenderObject.layout (package:flutter/src/rendering/object.dart:2907:7)
#81     RenderProxyBoxMixin.performLayout (package:flutter/src/rendering/proxy_box.dart:118:18)
#82     RenderObject.layout (package:flutter/src/rendering/object.dart:2907:7)
#83     RenderProxyBoxMixin.performLayout (package:flutter/src/rendering/proxy_box.dart:118:18)
#84     RenderObject.layout (package:flutter/src/rendering/object.dart:2907:7)
#85     RenderProxyBoxMixin.performLayout (package:flutter/src/rendering/proxy_box.dart:118:18)
#86     RenderObject.layout (package:flutter/src/rendering/object.dart:2907:7)
#87     RenderProxyBoxMixin.performLayout (package:flutter/src/rendering/proxy_box.dart:118:18)
#88     RenderObject.layout (package:flutter/src/rendering/object.dart:2907:7)
#89     RenderProxyBoxMixin.performLayout (package:flutter/src/rendering/proxy_box.dart:118:18)
#90     RenderObject.layout (package:flutter/src/rendering/object.dart:2907:7)
#91     RenderProxyBoxMixin.performLayout (package:flutter/src/rendering/proxy_box.dart:118:18)
#92     RenderObject.layout (package:flutter/src/rendering/object.dart:2907:7)
#93     RenderProxyBoxMixin.performLayout (package:flutter/src/rendering/proxy_box.dart:118:18)
#94     RenderObject.layout (package:flutter/src/rendering/object.dart:2907:7)
#95     RenderProxyBoxMixin.performLayout (package:flutter/src/rendering/proxy_box.dart:118:18)
#96     RenderObject.layout (package:flutter/src/rendering/object.dart:2907:7)
#97     RenderProxyBoxMixin.performLayout (package:flutter/src/rendering/proxy_box.dart:118:18)
#98     RenderObject.layout (package:flutter/src/rendering/object.dart:2907:7)
#99     RenderProxyBoxMixin.performLayout (package:flutter/src/rendering/proxy_box.dart:118:18)
#100    RenderOffstage.performLayout (package:flutter/src/rendering/proxy_box.dart:3923:13)
#101    RenderObject.layout (package:flutter/src/rendering/object.dart:2907:7)
#102    RenderProxyBoxMixin.performLayout (package:flutter/src/rendering/proxy_box.dart:118:18)
#103    RenderObject.layout (package:flutter/src/rendering/object.dart:2907:7)
#104    _RenderTheaterMixin.layoutChild (package:flutter/src/widgets/overlay.dart:1124:13)
#105    _RenderTheater.performLayout (package:flutter/src/widgets/overlay.dart:1481:9)
#106    RenderObject.layout (package:flutter/src/rendering/object.dart:2907:7)
#107    RenderProxyBoxMixin.performLayout (package:flutter/src/rendering/proxy_box.dart:118:18)
#108    RenderObject.layout (package:flutter/src/rendering/object.dart:2907:7)
#109    RenderProxyBoxMixin.performLayout (package:flutter/src/rendering/proxy_box.dart:118:18)
#110    RenderObject.layout (package:flutter/src/rendering/object.dart:2907:7)
#111    RenderProxyBoxMixin.performLayout (package:flutter/src/rendering/proxy_box.dart:118:18)
#112    RenderObject.layout (package:flutter/src/rendering/object.dart:2907:7)
#113    RenderProxyBoxMixin.performLayout (package:flutter/src/rendering/proxy_box.dart:118:18)
#114    RenderCustomPaint.performLayout (package:flutter/src/rendering/custom_paint.dart:574:11)
#115    RenderObject.layout (package:flutter/src/rendering/object.dart:2907:7)
#116    RenderProxyBoxMixin.performLayout (package:flutter/src/rendering/proxy_box.dart:118:18)
#117    RenderObject.layout (package:flutter/src/rendering/object.dart:2907:7)
#118    RenderProxyBoxMixin.performLayout (package:flutter/src/rendering/proxy_box.dart:118:18)
#119    RenderObject.layout (package:flutter/src/rendering/object.dart:2907:7)
#120    RenderProxyBoxMixin.performLayout (package:flutter/src/rendering/proxy_box.dart:118:18)
#121    RenderObject.layout (package:flutter/src/rendering/object.dart:2907:7)
#122    RenderProxyBoxMixin.performLayout (package:flutter/src/rendering/proxy_box.dart:118:18)
#123    RenderObject.layout (package:flutter/src/rendering/object.dart:2907:7)
#124    RenderProxyBoxMixin.performLayout (package:flutter/src/rendering/proxy_box.dart:118:18)
#125    RenderObject.layout (package:flutter/src/rendering/object.dart:2907:7)
#126    RenderProxyBoxMixin.performLayout (package:flutter/src/rendering/proxy_box.dart:118:18)
#127    RenderObject.layout (package:flutter/src/rendering/object.dart:2907:7)
#128    RenderProxyBoxMixin.performLayout (package:flutter/src/rendering/proxy_box.dart:118:18)
#129    RenderObject.layout (package:flutter/src/rendering/object.dart:2907:7)
#130    RenderView.performLayout (package:flutter/src/rendering/view.dart:292:12)
#131    RenderObject._layoutWithoutResize (package:flutter/src/rendering/object.dart:2755:7)
#132    PipelineOwner.flushLayout (package:flutter/src/rendering/object.dart:1174:18)
#133    PipelineOwner.flushLayout (package:flutter/src/rendering/object.dart:1187:15)
#134    AutomatedTestWidgetsFlutterBinding.drawFrame (package:flutter_test/src/binding.dart:2433:27)
#135    RendererBinding._handlePersistentFrameCallback (package:flutter/src/rendering/binding.dart:509:5)
#136    SchedulerBinding._invokeFrameCallback (package:flutter/src/scheduler/binding.dart:1430:15)
#137    SchedulerBinding.handleDrawFrame (package:flutter/src/scheduler/binding.dart:1345:9)
#138    AutomatedTestWidgetsFlutterBinding.pump.<anonymous closure> (package:flutter_test/src/binding.dart:2260:9)
#141    TestAsyncUtils.guard (package:flutter_test/src/test_async_utils.dart:74:41)
#142    AutomatedTestWidgetsFlutterBinding.pump (package:flutter_test/src/binding.dart:2249:27)
#143    WidgetTester.pumpWidget.<anonymous closure> (package:flutter_test/src/widget_tester.dart:598:22)
#146    TestAsyncUtils.guard (package:flutter_test/src/test_async_utils.dart:74:41)
#147    WidgetTester.pumpWidget (package:flutter_test/src/widget_tester.dart:595:27)
#148    main.<anonymous closure> (file:///C:/Users/adrie/Documents/Coelo.worktrees/e2-r02-d04-acessos/apps/superadmin/test/features/safety/presentation/safety_pages_test.dart:478:18)
<asynchronous suspension>
#149    testWidgets.<anonymous closure>.<anonymous closure> (package:flutter_test/src/widget_tester.dart:192:15)
<asynchronous suspension>
#150    TestWidgetsFlutterBinding._runTestBody (package:flutter_test/src/binding.dart:1952:5)
<asynchronous suspension>
<asynchronous suspension>
(elided 5 frames from dart:async and package:stack_trace)

The following RenderObject was being processed when the exception was fired: RenderViewport#80242 NEEDS-LAYOUT NEEDS-PAINT NEEDS-COMPOSITING-BITS-UPDATE:
  needs compositing
  creator: Viewport ← IgnorePointer-[GlobalKey#9d023] ← Semantics ← Listener ← _GestureSemantics ←
    RawGestureDetector-[LabeledGlobalKey<RawGestureDetectorState>#6e8e8] ← Listener ← _ScrollableScope
    ← _ScrollSemantics-[GlobalKey#c3cfb] ← NotificationListener<ScrollMetricsNotification> ← Transform
    ← StretchEffect ← ⋯
  parentData: <none> (can use size)
  constraints: BoxConstraints(w=1144.0, h=887.0)
  size: Size(1144.0, 887.0)
  axisDirection: down
  crossAxisDirection: right
  offset: ScrollPositionWithSingleContext#e7581(offset: 0.0, range: null..null, viewport: 887.0,
    ScrollableState, AlwaysScrollableScrollPhysics -> ClampingScrollPhysics ->
    RangeMaintainingScrollPhysics, IdleScrollActivity#c721c, ScrollDirection.idle)
  anchor: 0.0
This RenderObject had the following descendants (showing up to depth 5):
    center child: RenderSliverPadding#8d4bc relayoutBoundary=up1 NEEDS-PAINT NEEDS-COMPOSITING-BITS-UPDATE
      child: RenderSliverList#6fd01 relayoutBoundary=up2 NEEDS-PAINT NEEDS-COMPOSITING-BITS-UPDATE
        child with index 0: RenderIndexedSemantics#eea2e relayoutBoundary=up3 NEEDS-PAINT NEEDS-COMPOSITING-BITS-UPDATE
          child: RenderRepaintBoundary#ac605 relayoutBoundary=up4 NEEDS-PAINT NEEDS-COMPOSITING-BITS-UPDATE
            child: _RenderLayoutBuilder#1de4e relayoutBoundary=up5 NEEDS-PAINT NEEDS-COMPOSITING-BITS-UPDATE
        child with index 1: RenderIndexedSemantics#9ac59 relayoutBoundary=up3 NEEDS-PAINT NEEDS-COMPOSITING-BITS-UPDATE
          child: RenderRepaintBoundary#46261 relayoutBoundary=up4 NEEDS-PAINT NEEDS-COMPOSITING-BITS-UPDATE
            child: RenderConstrainedBox#870b0 relayoutBoundary=up5 NEEDS-PAINT
        child with index 2: RenderIndexedSemantics#cd27a relayoutBoundary=up3 NEEDS-PAINT NEEDS-COMPOSITING-BITS-UPDATE
          child: RenderRepaintBoundary#10589 relayoutBoundary=up4 NEEDS-PAINT NEEDS-COMPOSITING-BITS-UPDATE
            child: _RenderLayoutBuilder#e3ced relayoutBoundary=up5 NEEDS-PAINT NEEDS-COMPOSITING-BITS-UPDATE
        child with index 3: RenderIndexedSemantics#19c5e relayoutBoundary=up3 NEEDS-PAINT NEEDS-COMPOSITING-BITS-UPDATE
          child: RenderRepaintBoundary#7f043 relayoutBoundary=up4 NEEDS-PAINT NEEDS-COMPOSITING-BITS-UPDATE
            child: RenderConstrainedBox#9a043 relayoutBoundary=up5 NEEDS-PAINT
        child with index 4: RenderIndexedSemantics#3ab46 relayoutBoundary=up3 NEEDS-PAINT NEEDS-COMPOSITING-BITS-UPDATE
          child: RenderRepaintBoundary#11d0f relayoutBoundary=up4 NEEDS-PAINT NEEDS-COMPOSITING-BITS-UPDATE
            child: RenderFlex#f674a relayoutBoundary=up5 NEEDS-PAINT NEEDS-COMPOSITING-BITS-UPDATE
════════════════════════════════════════════════════════════════════════════════════════════════════
══╡ EXCEPTION CAUGHT BY RENDERING LIBRARY ╞═════════════════════════════════════════════════════════
The following _TypeError was thrown during paint():
Null check operator used on a null value

The relevant error-causing widget was:
  ListView
  ListView:file:///C:/Users/adrie/Documents/Coelo.worktrees/e2-r02-d04-acessos/apps/superadmin/lib/features/safety/presentation/safety_pages.dart:132:17

When the exception was thrown, this was the stack:
#0      RenderViewportBase._paintContents (package:flutter/src/rendering/viewport.dart:998:25)
#1      RenderViewportBase.paint (package:flutter/src/rendering/viewport.dart:984:7)
#2      RenderObject._paintWithContext (package:flutter/src/rendering/object.dart:3568:7)
#3      PaintingContext._repaintCompositedChild (package:flutter/src/rendering/object.dart:180:11)
#4      PaintingContext.repaintCompositedChild (package:flutter/src/rendering/object.dart:125:5)
#5      PaintingContext._compositeChild (package:flutter/src/rendering/object.dart:276:7)
#6      PaintingContext.paintChild (package:flutter/src/rendering/object.dart:257:7)
#7      RenderProxyBoxMixin.paint (package:flutter/src/rendering/proxy_box.dart:143:13)
#8      RenderObject._paintWithContext (package:flutter/src/rendering/object.dart:3568:7)
#9      PaintingContext.paintChild (package:flutter/src/rendering/object.dart:265:13)
#10     RenderProxyBoxMixin.paint (package:flutter/src/rendering/proxy_box.dart:143:13)
#11     RenderObject._paintWithContext (package:flutter/src/rendering/object.dart:3568:7)
#12     PaintingContext.paintChild (package:flutter/src/rendering/object.dart:265:13)
#13     RenderProxyBoxMixin.paint (package:flutter/src/rendering/proxy_box.dart:143:13)
#14     RenderObject._paintWithContext (package:flutter/src/rendering/object.dart:3568:7)
#15     PaintingContext.paintChild (package:flutter/src/rendering/object.dart:265:13)
#16     RenderProxyBoxMixin.paint (package:flutter/src/rendering/proxy_box.dart:143:13)
#17     RenderObject._paintWithContext (package:flutter/src/rendering/object.dart:3568:7)
#18     PaintingContext.paintChild (package:flutter/src/rendering/object.dart:265:13)
#19     RenderProxyBoxMixin.paint (package:flutter/src/rendering/proxy_box.dart:143:13)
#20     RenderObject._paintWithContext (package:flutter/src/rendering/object.dart:3568:7)
#21     PaintingContext.paintChild (package:flutter/src/rendering/object.dart:265:13)
#22     RenderProxyBoxMixin.paint (package:flutter/src/rendering/proxy_box.dart:143:13)
#23     RenderObject._paintWithContext (package:flutter/src/rendering/object.dart:3568:7)
#24     PaintingContext.paintChild (package:flutter/src/rendering/object.dart:265:13)
#25     RenderProxyBoxMixin.paint (package:flutter/src/rendering/proxy_box.dart:143:13)
#26     RenderTransform.paint (package:flutter/src/rendering/proxy_box.dart:2756:17)
#27     RenderObject._paintWithContext (package:flutter/src/rendering/object.dart:3568:7)
#28     PaintingContext.paintChild (package:flutter/src/rendering/object.dart:265:13)
#29     RenderClipRect.paint (package:flutter/src/rendering/proxy_box.dart:1653:17)
#30     RenderObject._paintWithContext (package:flutter/src/rendering/object.dart:3568:7)
#31     PaintingContext.paintChild (package:flutter/src/rendering/object.dart:265:13)
#32     RenderBoxContainerDefaultsMixin.defaultPaint (package:flutter/src/rendering/box.dart:3368:15)
#33     RenderStack.paintStack (package:flutter/src/rendering/stack.dart:713:5)
#34     RenderStack.paint (package:flutter/src/rendering/stack.dart:729:7)
#35     RenderObject._paintWithContext (package:flutter/src/rendering/object.dart:3568:7)
#36     PaintingContext.paintChild (package:flutter/src/rendering/object.dart:265:13)
#37     _RenderColoredBox.paint (package:flutter/src/widgets/basic.dart:8570:15)
#38     RenderObject._paintWithContext (package:flutter/src/rendering/object.dart:3568:7)
#39     PaintingContext.paintChild (package:flutter/src/rendering/object.dart:265:13)
#40     _RenderLayoutBuilder.paint (package:flutter/src/widgets/layout_builder.dart:470:15)
#41     RenderObject._paintWithContext (package:flutter/src/rendering/object.dart:3568:7)
#42     PaintingContext.paintChild (package:flutter/src/rendering/object.dart:265:13)
#43     RenderBoxContainerDefaultsMixin.defaultPaint (package:flutter/src/rendering/box.dart:3368:15)
#44     RenderFlex.paint (package:flutter/src/rendering/flex.dart:1402:7)
#45     RenderObject._paintWithContext (package:flutter/src/rendering/object.dart:3568:7)
#46     PaintingContext.paintChild (package:flutter/src/rendering/object.dart:265:13)
#47     RenderProxyBoxMixin.paint (package:flutter/src/rendering/proxy_box.dart:143:13)
#48     _RenderInkFeatures.paint (package:flutter/src/material/material.dart:634:11)
#49     RenderObject._paintWithContext (package:flutter/src/rendering/object.dart:3568:7)
#50     PaintingContext.paintChild (package:flutter/src/rendering/object.dart:265:13)
#51     RenderProxyBoxMixin.paint (package:flutter/src/rendering/proxy_box.dart:143:13)
#52     RenderCustomPaint.paint (package:flutter/src/rendering/custom_paint.dart:644:11)
#53     RenderObject._paintWithContext (package:flutter/src/rendering/object.dart:3568:7)
#54     PaintingContext.paintChild (package:flutter/src/rendering/object.dart:265:13)
#55     RenderProxyBoxMixin.paint (package:flutter/src/rendering/proxy_box.dart:143:13)
#56     RenderPhysicalShape.paint.<anonymous closure> (package:flutter/src/rendering/proxy_box.dart:2357:15)
#57     PaintingContext.pushLayer (package:flutter/src/rendering/object.dart:522:12)
#58     PaintingContext.pushClipPath (package:flutter/src/rendering/object.dart:737:7)
#59     RenderPhysicalShape.paint (package:flutter/src/rendering/proxy_box.dart:2344:21)
#60     RenderObject._paintWithContext (package:flutter/src/rendering/object.dart:3568:7)
#61     PaintingContext.paintChild (package:flutter/src/rendering/object.dart:265:13)
#62     RenderProxyBoxMixin.paint (package:flutter/src/rendering/proxy_box.dart:143:13)
#63     RenderDecoratedBox.paint (package:flutter/src/rendering/proxy_box.dart:2512:11)
#64     RenderObject._paintWithContext (package:flutter/src/rendering/object.dart:3568:7)
#65     PaintingContext.paintChild (package:flutter/src/rendering/object.dart:265:13)
#66     RenderBoxContainerDefaultsMixin.defaultPaint (package:flutter/src/rendering/box.dart:3368:15)
#67     RenderFlex.paint (package:flutter/src/rendering/flex.dart:1402:7)
#68     RenderObject._paintWithContext (package:flutter/src/rendering/object.dart:3568:7)
#69     PaintingContext.paintChild (package:flutter/src/rendering/object.dart:265:13)
#70     RenderBoxContainerDefaultsMixin.defaultPaint (package:flutter/src/rendering/box.dart:3368:15)
#71     RenderStack.paintStack (package:flutter/src/rendering/stack.dart:713:5)
#72     RenderStack.paint (package:flutter/src/rendering/stack.dart:729:7)
#73     RenderObject._paintWithContext (package:flutter/src/rendering/object.dart:3568:7)
#74     PaintingContext.paintChild (package:flutter/src/rendering/object.dart:265:13)
#75     RenderShiftedBox.paint (package:flutter/src/rendering/shifted_box.dart:98:15)
#76     RenderObject._paintWithContext (package:flutter/src/rendering/object.dart:3568:7)
#77     PaintingContext.paintChild (package:flutter/src/rendering/object.dart:265:13)
#78     RenderBoxContainerDefaultsMixin.defaultPaint (package:flutter/src/rendering/box.dart:3368:15)
#79     RenderStack.paintStack (package:flutter/src/rendering/stack.dart:713:5)
#80     RenderStack.paint (package:flutter/src/rendering/stack.dart:729:7)
#81     RenderObject._paintWithContext (package:flutter/src/rendering/object.dart:3568:7)
#82     PaintingContext.paintChild (package:flutter/src/rendering/object.dart:265:13)
#83     RenderBoxContainerDefaultsMixin.defaultPaint (package:flutter/src/rendering/box.dart:3368:15)
#84     RenderCustomMultiChildLayoutBox.paint (package:flutter/src/rendering/custom_layout.dart:422:5)
#85     RenderObject._paintWithContext (package:flutter/src/rendering/object.dart:3568:7)
#86     PaintingContext.paintChild (package:flutter/src/rendering/object.dart:265:13)
#87     RenderProxyBoxMixin.paint (package:flutter/src/rendering/proxy_box.dart:143:13)
#88     _RenderInkFeatures.paint (package:flutter/src/material/material.dart:634:11)
#89     RenderObject._paintWithContext (package:flutter/src/rendering/object.dart:3568:7)
#90     PaintingContext.paintChild (package:flutter/src/rendering/object.dart:265:13)
#91     RenderProxyBoxMixin.paint (package:flutter/src/rendering/proxy_box.dart:143:13)
#92     RenderPhysicalModel.paint.<anonymous closure> (package:flutter/src/rendering/proxy_box.dart:2252:15)
#93     PaintingContext.pushClipRRect (package:flutter/src/rendering/object.dart:626:14)
#94     RenderPhysicalModel.paint (package:flutter/src/rendering/proxy_box.dart:2239:21)
#95     RenderObject._paintWithContext (package:flutter/src/rendering/object.dart:3568:7)
#96     PaintingContext.paintChild (package:flutter/src/rendering/object.dart:265:13)
#97     _RenderLayoutBuilder.paint (package:flutter/src/widgets/layout_builder.dart:470:15)
#98     RenderObject._paintWithContext (package:flutter/src/rendering/object.dart:3568:7)
#99     PaintingContext.paintChild (package:flutter/src/rendering/object.dart:265:13)
#100    RenderProxyBoxMixin.paint (package:flutter/src/rendering/proxy_box.dart:143:13)
#101    RenderObject._paintWithContext (package:flutter/src/rendering/object.dart:3568:7)
#102    PaintingContext.paintChild (package:flutter/src/rendering/object.dart:265:13)
#103    RenderProxyBoxMixin.paint (package:flutter/src/rendering/proxy_box.dart:143:13)
#104    RenderObject._paintWithContext (package:flutter/src/rendering/object.dart:3568:7)
#105    PaintingContext._repaintCompositedChild (package:flutter/src/rendering/object.dart:180:11)
#106    PaintingContext.repaintCompositedChild (package:flutter/src/rendering/object.dart:125:5)
#107    PaintingContext._compositeChild (package:flutter/src/rendering/object.dart:276:7)
#108    PaintingContext.paintChild (package:flutter/src/rendering/object.dart:257:7)
#109    RenderProxyBoxMixin.paint (package:flutter/src/rendering/proxy_box.dart:143:13)
#110    RenderObject._paintWithContext (package:flutter/src/rendering/object.dart:3568:7)
#111    PaintingContext.paintChild (package:flutter/src/rendering/object.dart:265:13)
#112    RenderProxyBoxMixin.paint (package:flutter/src/rendering/proxy_box.dart:143:13)
#113    RenderFractionalTranslation.paint (package:flutter/src/rendering/proxy_box.dart:3138:13)
#114    RenderObject._paintWithContext (package:flutter/src/rendering/object.dart:3568:7)
#115    PaintingContext.paintChild (package:flutter/src/rendering/object.dart:265:13)
#116    RenderProxyBoxMixin.paint (package:flutter/src/rendering/proxy_box.dart:143:13)
#117    RenderAnimatedOpacityMixin.paint (package:flutter/src/rendering/proxy_box.dart:1079:11)
#118    RenderObject._paintWithContext (package:flutter/src/rendering/object.dart:3568:7)
#119    PaintingContext._repaintCompositedChild (package:flutter/src/rendering/object.dart:180:11)
#120    PaintingContext.repaintCompositedChild (package:flutter/src/rendering/object.dart:125:5)
#121    PaintingContext._compositeChild (package:flutter/src/rendering/object.dart:276:7)
#122    PaintingContext.paintChild (package:flutter/src/rendering/object.dart:257:7)
#123    RenderProxyBoxMixin.paint (package:flutter/src/rendering/proxy_box.dart:143:13)
#124    RenderFractionalTranslation.paint (package:flutter/src/rendering/proxy_box.dart:3138:13)
#125    RenderObject._paintWithContext (package:flutter/src/rendering/object.dart:3568:7)
#126    PaintingContext.paintChild (package:flutter/src/rendering/object.dart:265:13)
#127    RenderProxyBoxMixin.paint (package:flutter/src/rendering/proxy_box.dart:143:13)
#128    RenderAnimatedOpacityMixin.paint (package:flutter/src/rendering/proxy_box.dart:1079:11)
#129    RenderObject._paintWithContext (package:flutter/src/rendering/object.dart:3568:7)
#130    PaintingContext._repaintCompositedChild (package:flutter/src/rendering/object.dart:180:11)
#131    PaintingContext.repaintCompositedChild (package:flutter/src/rendering/object.dart:125:5)
#132    PaintingContext._compositeChild (package:flutter/src/rendering/object.dart:276:7)
#133    PaintingContext.paintChild (package:flutter/src/rendering/object.dart:257:7)
#134    _RenderColoredBox.paint (package:flutter/src/widgets/basic.dart:8570:15)
#135    RenderObject._paintWithContext (package:flutter/src/rendering/object.dart:3568:7)
#136    PaintingContext.paintChild (package:flutter/src/rendering/object.dart:265:13)
#137    RenderProxyBoxMixin.paint (package:flutter/src/rendering/proxy_box.dart:143:13)
#138    RenderFractionalTranslation.paint (package:flutter/src/rendering/proxy_box.dart:3138:13)
#139    RenderObject._paintWithContext (package:flutter/src/rendering/object.dart:3568:7)
#140    PaintingContext.paintChild (package:flutter/src/rendering/object.dart:265:13)
#141    RenderProxyBoxMixin.paint (package:flutter/src/rendering/proxy_box.dart:143:13)
#142    RenderAnimatedOpacityMixin.paint (package:flutter/src/rendering/proxy_box.dart:1079:11)
#143    RenderObject._paintWithContext (package:flutter/src/rendering/object.dart:3568:7)
#144    PaintingContext._repaintCompositedChild (package:flutter/src/rendering/object.dart:180:11)
#145    PaintingContext.repaintCompositedChild (package:flutter/src/rendering/object.dart:125:5)
#146    PaintingContext._compositeChild (package:flutter/src/rendering/object.dart:276:7)
#147    PaintingContext.paintChild (package:flutter/src/rendering/object.dart:257:7)
#148    RenderProxyBoxMixin.paint (package:flutter/src/rendering/proxy_box.dart:143:13)
#149    RenderObject._paintWithContext (package:flutter/src/rendering/object.dart:3568:7)
#150    PaintingContext.paintChild (package:flutter/src/rendering/object.dart:265:13)
#151    RenderProxyBoxMixin.paint (package:flutter/src/rendering/proxy_box.dart:143:13)
#152    RenderFractionalTranslation.paint (package:flutter/src/rendering/proxy_box.dart:3138:13)
#153    RenderObject._paintWithContext (package:flutter/src/rendering/object.dart:3568:7)
#154    PaintingContext.paintChild (package:flutter/src/rendering/object.dart:265:13)
#155    RenderProxyBoxMixin.paint (package:flutter/src/rendering/proxy_box.dart:143:13)
#156    RenderAnimatedOpacityMixin.paint (package:flutter/src/rendering/proxy_box.dart:1079:11)
#157    RenderObject._paintWithContext (package:flutter/src/rendering/object.dart:3568:7)
#158    PaintingContext._repaintCompositedChild (package:flutter/src/rendering/object.dart:180:11)
#159    PaintingContext.repaintCompositedChild (package:flutter/src/rendering/object.dart:125:5)
#160    PaintingContext._compositeChild (package:flutter/src/rendering/object.dart:276:7)
#161    PaintingContext.paintChild (package:flutter/src/rendering/object.dart:257:7)
#162    RenderProxyBoxMixin.paint (package:flutter/src/rendering/proxy_box.dart:143:13)
#163    RenderObject._paintWithContext (package:flutter/src/rendering/object.dart:3568:7)
#164    PaintingContext._repaintCompositedChild (package:flutter/src/rendering/object.dart:180:11)
#165    PaintingContext.repaintCompositedChild (package:flutter/src/rendering/object.dart:125:5)
#166    PaintingContext._compositeChild (package:flutter/src/rendering/object.dart:276:7)
#167    PaintingContext.paintChild (package:flutter/src/rendering/object.dart:257:7)
#168    RenderProxyBoxMixin.paint (package:flutter/src/rendering/proxy_box.dart:143:13)
#169    RenderObject._paintWithContext (package:flutter/src/rendering/object.dart:3568:7)
#170    PaintingContext.paintChild (package:flutter/src/rendering/object.dart:265:13)
#171    RenderProxyBoxMixin.paint (package:flutter/src/rendering/proxy_box.dart:143:13)
#172    RenderOffstage.paint (package:flutter/src/rendering/proxy_box.dart:3943:11)
#173    RenderObject._paintWithContext (package:flutter/src/rendering/object.dart:3568:7)
#174    PaintingContext.paintChild (package:flutter/src/rendering/object.dart:265:13)
#175    RenderProxyBoxMixin.paint (package:flutter/src/rendering/proxy_box.dart:143:13)
#176    RenderObject._paintWithContext (package:flutter/src/rendering/object.dart:3568:7)
#177    PaintingContext.paintChild (package:flutter/src/rendering/object.dart:265:13)
#178    _RenderTheaterMixin.paint (package:flutter/src/widgets/overlay.dart:1159:15)
#179    _RenderTheater.paint (package:flutter/src/widgets/overlay.dart:1542:13)
#180    RenderObject._paintWithContext (package:flutter/src/rendering/object.dart:3568:7)
#181    PaintingContext.paintChild (package:flutter/src/rendering/object.dart:265:13)
#182    RenderProxyBoxMixin.paint (package:flutter/src/rendering/proxy_box.dart:143:13)
#183    RenderObject._paintWithContext (package:flutter/src/rendering/object.dart:3568:7)
#184    PaintingContext.paintChild (package:flutter/src/rendering/object.dart:265:13)
#185    RenderProxyBoxMixin.paint (package:flutter/src/rendering/proxy_box.dart:143:13)
#186    RenderObject._paintWithContext (package:flutter/src/rendering/object.dart:3568:7)
#187    PaintingContext.paintChild (package:flutter/src/rendering/object.dart:265:13)
#188    RenderProxyBoxMixin.paint (package:flutter/src/rendering/proxy_box.dart:143:13)
#189    RenderObject._paintWithContext (package:flutter/src/rendering/object.dart:3568:7)
#190    PaintingContext.paintChild (package:flutter/src/rendering/object.dart:265:13)
#191    RenderProxyBoxMixin.paint (package:flutter/src/rendering/proxy_box.dart:143:13)
#192    RenderCustomPaint.paint (package:flutter/src/rendering/custom_paint.dart:644:11)
#193    RenderObject._paintWithContext (package:flutter/src/rendering/object.dart:3568:7)
#194    PaintingContext.paintChild (package:flutter/src/rendering/object.dart:265:13)
#195    RenderProxyBoxMixin.paint (package:flutter/src/rendering/proxy_box.dart:143:13)
#196    RenderObject._paintWithContext (package:flutter/src/rendering/object.dart:3568:7)
#197    PaintingContext.paintChild (package:flutter/src/rendering/object.dart:265:13)
#198    RenderProxyBoxMixin.paint (package:flutter/src/rendering/proxy_box.dart:143:13)
#199    RenderObject._paintWithContext (package:flutter/src/rendering/object.dart:3568:7)
#200    PaintingContext.paintChild (package:flutter/src/rendering/object.dart:265:13)
#201    RenderProxyBoxMixin.paint (package:flutter/src/rendering/proxy_box.dart:143:13)
#202    RenderObject._paintWithContext (package:flutter/src/rendering/object.dart:3568:7)
#203    PaintingContext.paintChild (package:flutter/src/rendering/object.dart:265:13)
#204    RenderProxyBoxMixin.paint (package:flutter/src/rendering/proxy_box.dart:143:13)
#205    RenderObject._paintWithContext (package:flutter/src/rendering/object.dart:3568:7)
#206    PaintingContext.paintChild (package:flutter/src/rendering/object.dart:265:13)
#207    RenderProxyBoxMixin.paint (package:flutter/src/rendering/proxy_box.dart:143:13)
#208    RenderObject._paintWithContext (package:flutter/src/rendering/object.dart:3568:7)
#209    PaintingContext.paintChild (package:flutter/src/rendering/object.dart:265:13)
#210    RenderProxyBoxMixin.paint (package:flutter/src/rendering/proxy_box.dart:143:13)
#211    RenderObject._paintWithContext (package:flutter/src/rendering/object.dart:3568:7)
#212    PaintingContext.paintChild (package:flutter/src/rendering/object.dart:265:13)
#213    RenderProxyBoxMixin.paint (package:flutter/src/rendering/proxy_box.dart:143:13)
#214    RenderObject._paintWithContext (package:flutter/src/rendering/object.dart:3568:7)
#215    PaintingContext._repaintCompositedChild (package:flutter/src/rendering/object.dart:180:11)
#216    PaintingContext.repaintCompositedChild (package:flutter/src/rendering/object.dart:125:5)
#217    PaintingContext._compositeChild (package:flutter/src/rendering/object.dart:276:7)
#218    PaintingContext.paintChild (package:flutter/src/rendering/object.dart:257:7)
#219    RenderView.paint (package:flutter/src/rendering/view.dart:320:15)
#220    RenderObject._paintWithContext (package:flutter/src/rendering/object.dart:3568:7)
#221    PaintingContext._repaintCompositedChild (package:flutter/src/rendering/object.dart:180:11)
#222    PaintingContext.repaintCompositedChild (package:flutter/src/rendering/object.dart:125:5)
#223    PipelineOwner.flushPaint (package:flutter/src/rendering/object.dart:1325:31)
#224    PipelineOwner.flushPaint (package:flutter/src/rendering/object.dart:1335:15)
#225    AutomatedTestWidgetsFlutterBinding.drawFrame (package:flutter_test/src/binding.dart:2437:31)
#226    RendererBinding._handlePersistentFrameCallback (package:flutter/src/rendering/binding.dart:509:5)
#227    SchedulerBinding._invokeFrameCallback (package:flutter/src/scheduler/binding.dart:1430:15)
#228    SchedulerBinding.handleDrawFrame (package:flutter/src/scheduler/binding.dart:1345:9)
#229    AutomatedTestWidgetsFlutterBinding.pump.<anonymous closure> (package:flutter_test/src/binding.dart:2260:9)
#232    TestAsyncUtils.guard (package:flutter_test/src/test_async_utils.dart:74:41)
#233    AutomatedTestWidgetsFlutterBinding.pump (package:flutter_test/src/binding.dart:2249:27)
#234    WidgetTester.pumpWidget.<anonymous closure> (package:flutter_test/src/widget_tester.dart:598:22)
#237    TestAsyncUtils.guard (package:flutter_test/src/test_async_utils.dart:74:41)
#238    WidgetTester.pumpWidget (package:flutter_test/src/widget_tester.dart:595:27)
#239    main.<anonymous closure> (file:///C:/Users/adrie/Documents/Coelo.worktrees/e2-r02-d04-acessos/apps/superadmin/test/features/safety/presentation/safety_pages_test.dart:478:18)
<asynchronous suspension>
#240    testWidgets.<anonymous closure>.<anonymous closure> (package:flutter_test/src/widget_tester.dart:192:15)
<asynchronous suspension>
#241    TestWidgetsFlutterBinding._runTestBody (package:flutter_test/src/binding.dart:1952:5)
<asynchronous suspension>
<asynchronous suspension>
(elided 5 frames from dart:async and package:stack_trace)

The following RenderObject was being processed when the exception was fired: RenderViewport#80242:
  needs compositing
  creator: Viewport ← IgnorePointer-[GlobalKey#9d023] ← Semantics ← Listener ← _GestureSemantics ←
    RawGestureDetector-[LabeledGlobalKey<RawGestureDetectorState>#6e8e8] ← Listener ← _ScrollableScope
    ← _ScrollSemantics-[GlobalKey#c3cfb] ← NotificationListener<ScrollMetricsNotification> ← Transform
    ← StretchEffect ← ⋯
  parentData: <none> (can use size)
  constraints: BoxConstraints(w=1144.0, h=887.0)
  layer: OffsetLayer#b2eb2 DETACHED
  size: Size(1144.0, 887.0)
  axisDirection: down
  crossAxisDirection: right
  offset: ScrollPositionWithSingleContext#e7581(offset: 0.0, range: null..null, viewport: 887.0,
    ScrollableState, AlwaysScrollableScrollPhysics -> ClampingScrollPhysics ->
    RangeMaintainingScrollPhysics, IdleScrollActivity#c721c, ScrollDirection.idle)
  anchor: 0.0
This RenderObject had the following descendants (showing up to depth 5):
    center child: RenderSliverPadding#8d4bc relayoutBoundary=up1 NEEDS-PAINT
      child: RenderSliverList#6fd01 relayoutBoundary=up2 NEEDS-PAINT
        child with index 0: RenderIndexedSemantics#eea2e relayoutBoundary=up3 NEEDS-PAINT
          child: RenderRepaintBoundary#ac605 relayoutBoundary=up4 NEEDS-PAINT
            child: _RenderLayoutBuilder#1de4e relayoutBoundary=up5 NEEDS-PAINT
        child with index 1: RenderIndexedSemantics#9ac59 relayoutBoundary=up3 NEEDS-PAINT
          child: RenderRepaintBoundary#46261 relayoutBoundary=up4 NEEDS-PAINT
            child: RenderConstrainedBox#870b0 relayoutBoundary=up5 NEEDS-PAINT
        child with index 2: RenderIndexedSemantics#cd27a relayoutBoundary=up3 NEEDS-PAINT
          child: RenderRepaintBoundary#10589 relayoutBoundary=up4 NEEDS-PAINT
            child: _RenderLayoutBuilder#e3ced relayoutBoundary=up5 NEEDS-PAINT
        child with index 3: RenderIndexedSemantics#19c5e relayoutBoundary=up3 NEEDS-PAINT
          child: RenderRepaintBoundary#7f043 relayoutBoundary=up4 NEEDS-PAINT
            child: RenderConstrainedBox#9a043 relayoutBoundary=up5 NEEDS-PAINT
        child with index 4: RenderIndexedSemantics#3ab46 relayoutBoundary=up3 NEEDS-PAINT
          child: RenderRepaintBoundary#11d0f relayoutBoundary=up4 NEEDS-PAINT
            child: RenderFlex#f674a relayoutBoundary=up5 NEEDS-PAINT
════════════════════════════════════════════════════════════════════════════════════════════════════
══╡ EXCEPTION CAUGHT BY SCHEDULER LIBRARY ╞═════════════════════════════════════════════════════════
The following _TypeError was thrown during a scheduler callback:
Null check operator used on a null value

When the exception was thrown, this was the stack:
#0      RenderViewportBase.visitChildrenForSemantics.<anonymous closure> (package:flutter/src/rendering/viewport.dart:478:30)
#1      WhereIterator.moveNext (dart:_internal/iterable.dart:468:13)
#2      Iterable.forEach (dart:core/iterable.dart:366:23)
#3      RenderViewportBase.visitChildrenForSemantics (package:flutter/src/rendering/viewport.dart:482:10)
#4      _RenderObjectSemantics.isBlockingPreviousSibling (package:flutter/src/rendering/object.dart:5737:18)
#5      _RenderObjectSemantics.isBlockingPreviousSibling.<anonymous closure> (package:flutter/src/rendering/object.dart:5739:26)
#6      RenderObjectWithChildMixin.visitChildren (package:flutter/src/rendering/object.dart:4244:14)
#7      RenderObject.visitChildrenForSemantics (package:flutter/src/rendering/object.dart:3929:5)
#8      RenderIgnorePointer.visitChildrenForSemantics (package:flutter/src/rendering/proxy_box.dart:3806:11)
#9      _RenderObjectSemantics.isBlockingPreviousSibling (package:flutter/src/rendering/object.dart:5737:18)
#10     _RenderObjectSemantics.isBlockingPreviousSibling.<anonymous closure> (package:flutter/src/rendering/object.dart:5739:26)
#11     RenderObjectWithChildMixin.visitChildren (package:flutter/src/rendering/object.dart:4244:14)
#12     RenderObject.visitChildrenForSemantics (package:flutter/src/rendering/object.dart:3929:5)
#13     SemanticsAnnotationsMixin.visitChildrenForSemantics (package:flutter/src/rendering/object.dart:4923:11)
#14     _RenderObjectSemantics.isBlockingPreviousSibling (package:flutter/src/rendering/object.dart:5737:18)
#15     _RenderObjectSemantics.isBlockingPreviousSibling.<anonymous closure> (package:flutter/src/rendering/object.dart:5739:26)
#16     RenderObjectWithChildMixin.visitChildren (package:flutter/src/rendering/object.dart:4244:14)
#17     RenderObject.visitChildrenForSemantics (package:flutter/src/rendering/object.dart:3929:5)
#18     _RenderObjectSemantics.isBlockingPreviousSibling (package:flutter/src/rendering/object.dart:5737:18)
#19     _RenderObjectSemantics.isBlockingPreviousSibling.<anonymous closure> (package:flutter/src/rendering/object.dart:5739:26)
#20     RenderObjectWithChildMixin.visitChildren (package:flutter/src/rendering/object.dart:4244:14)
#21     RenderObject.visitChildrenForSemantics (package:flutter/src/rendering/object.dart:3929:5)
#22     _RenderObjectSemantics.isBlockingPreviousSibling (package:flutter/src/rendering/object.dart:5737:18)
#23     _RenderObjectSemantics.isBlockingPreviousSibling.<anonymous closure> (package:flutter/src/rendering/object.dart:5739:26)
#24     RenderObjectWithChildMixin.visitChildren (package:flutter/src/rendering/object.dart:4244:14)
#25     RenderObject.visitChildrenForSemantics (package:flutter/src/rendering/object.dart:3929:5)
#26     _RenderObjectSemantics.isBlockingPreviousSibling (package:flutter/src/rendering/object.dart:5737:18)
#27     _RenderObjectSemantics._getNonBlockedChildren.<anonymous closure> (package:flutter/src/rendering/object.dart:5926:34)
#28     RenderObjectWithChildMixin.visitChildren (package:flutter/src/rendering/object.dart:4244:14)
#29     RenderObject.visitChildrenForSemantics (package:flutter/src/rendering/object.dart:3929:5)
#30     _RenderObjectSemantics._getNonBlockedChildren (package:flutter/src/rendering/object.dart:5925:18)
#31     _RenderObjectSemantics._collectChildMergeUpAndSiblingGroup (package:flutter/src/rendering/object.dart:5993:57)
#32     _RenderObjectSemantics.updateChildren (package:flutter/src/rendering/object.dart:5825:50)
#33     _RenderObjectSemantics._didUpdateParentData (package:flutter/src/rendering/object.dart:6071:5)
#34     _RenderObjectSemantics._collectChildMergeUpAndSiblingGroup (package:flutter/src/rendering/object.dart:5995:22)
#35     _RenderObjectSemantics.updateChildren (package:flutter/src/rendering/object.dart:5825:50)
#36     _RenderObjectSemantics._didUpdateParentData (package:flutter/src/rendering/object.dart:6071:5)
#37     _RenderObjectSemantics._collectChildMergeUpAndSiblingGroup (package:flutter/src/rendering/object.dart:5995:22)
#38     _RenderObjectSemantics.updateChildren (package:flutter/src/rendering/object.dart:5825:50)
#39     _RenderObjectSemantics._didUpdateParentData (package:flutter/src/rendering/object.dart:6071:5)
#40     _RenderObjectSemantics._collectChildMergeUpAndSiblingGroup (package:flutter/src/rendering/object.dart:5995:22)
#41     _RenderObjectSemantics.updateChildren (package:flutter/src/rendering/object.dart:5825:50)
#42     _RenderObjectSemantics._didUpdateParentData (package:flutter/src/rendering/object.dart:6071:5)
#43     _RenderObjectSemantics._collectChildMergeUpAndSiblingGroup (package:flutter/src/rendering/object.dart:5995:22)
#44     _RenderObjectSemantics.updateChildren (package:flutter/src/rendering/object.dart:5825:50)
#45     _RenderObjectSemantics._didUpdateParentData (package:flutter/src/rendering/object.dart:6071:5)
#46     _RenderObjectSemantics._collectChildMergeUpAndSiblingGroup (package:flutter/src/rendering/object.dart:5995:22)
#47     _RenderObjectSemantics.updateChildren (package:flutter/src/rendering/object.dart:5825:50)
#48     _RenderObjectSemantics._didUpdateParentData (package:flutter/src/rendering/object.dart:6071:5)
#49     _RenderObjectSemantics._collectChildMergeUpAndSiblingGroup (package:flutter/src/rendering/object.dart:5995:22)
#50     _RenderObjectSemantics.updateChildren (package:flutter/src/rendering/object.dart:5825:50)
#51     _RenderObjectSemantics._didUpdateParentData (package:flutter/src/rendering/object.dart:6071:5)
#52     _RenderObjectSemantics._collectChildMergeUpAndSiblingGroup (package:flutter/src/rendering/object.dart:5995:22)
#53     _RenderObjectSemantics.updateChildren (package:flutter/src/rendering/object.dart:5825:50)
#54     _RenderObjectSemantics._didUpdateParentData (package:flutter/src/rendering/object.dart:6071:5)
#55     _RenderObjectSemantics._collectChildMergeUpAndSiblingGroup (package:flutter/src/rendering/object.dart:5995:22)
#56     _RenderObjectSemantics.updateChildren (package:flutter/src/rendering/object.dart:5825:50)
#57     _RenderObjectSemantics._didUpdateParentData (package:flutter/src/rendering/object.dart:6071:5)
#58     _RenderObjectSemantics._collectChildMergeUpAndSiblingGroup (package:flutter/src/rendering/object.dart:5995:22)
#59     _RenderObjectSemantics.updateChildren (package:flutter/src/rendering/object.dart:5825:50)
#60     _RenderObjectSemantics._didUpdateParentData (package:flutter/src/rendering/object.dart:6071:5)
#61     _RenderObjectSemantics._collectChildMergeUpAndSiblingGroup (package:flutter/src/rendering/object.dart:5995:22)
#62     _RenderObjectSemantics.updateChildren (package:flutter/src/rendering/object.dart:5825:50)
#63     _RenderObjectSemantics._didUpdateParentData (package:flutter/src/rendering/object.dart:6071:5)
#64     _RenderObjectSemantics._collectChildMergeUpAndSiblingGroup (package:flutter/src/rendering/object.dart:5995:22)
#65     _RenderObjectSemantics.updateChildren (package:flutter/src/rendering/object.dart:5825:50)
#66     _RenderObjectSemantics._didUpdateParentData (package:flutter/src/rendering/object.dart:6071:5)
#67     _RenderObjectSemantics._collectChildMergeUpAndSiblingGroup (package:flutter/src/rendering/object.dart:5995:22)
#68     _RenderObjectSemantics.updateChildren (package:flutter/src/rendering/object.dart:5825:50)
#69     _RenderObjectSemantics._didUpdateParentData (package:flutter/src/rendering/object.dart:6071:5)
#70     _RenderObjectSemantics._collectChildMergeUpAndSiblingGroup (package:flutter/src/rendering/object.dart:5995:22)
#71     _RenderObjectSemantics.updateChildren (package:flutter/src/rendering/object.dart:5825:50)
#72     _RenderObjectSemantics._didUpdateParentData (package:flutter/src/rendering/object.dart:6071:5)
#73     _RenderObjectSemantics._collectChildMergeUpAndSiblingGroup (package:flutter/src/rendering/object.dart:5995:22)
#74     _RenderObjectSemantics.updateChildren (package:flutter/src/rendering/object.dart:5825:50)
#75     _RenderObjectSemantics._didUpdateParentData (package:flutter/src/rendering/object.dart:6071:5)
#76     _RenderObjectSemantics._collectChildMergeUpAndSiblingGroup (package:flutter/src/rendering/object.dart:5995:22)
#77     _RenderObjectSemantics.updateChildren (package:flutter/src/rendering/object.dart:5825:50)
#78     _RenderObjectSemantics._didUpdateParentData (package:flutter/src/rendering/object.dart:6071:5)
#79     _RenderObjectSemantics._collectChildMergeUpAndSiblingGroup (package:flutter/src/rendering/object.dart:5995:22)
#80     _RenderObjectSemantics.updateChildren (package:flutter/src/rendering/object.dart:5825:50)
#81     _RenderObjectSemantics._didUpdateParentData (package:flutter/src/rendering/object.dart:6071:5)
#82     _RenderObjectSemantics._collectChildMergeUpAndSiblingGroup (package:flutter/src/rendering/object.dart:5995:22)
#83     _RenderObjectSemantics.updateChildren (package:flutter/src/rendering/object.dart:5825:50)
#84     _RenderObjectSemantics._didUpdateParentData (package:flutter/src/rendering/object.dart:6071:5)
#85     _RenderObjectSemantics._collectChildMergeUpAndSiblingGroup (package:flutter/src/rendering/object.dart:5995:22)
#86     _RenderObjectSemantics.updateChildren (package:flutter/src/rendering/object.dart:5825:50)
#87     _RenderObjectSemantics._didUpdateParentData (package:flutter/src/rendering/object.dart:6071:5)
#88     _RenderObjectSemantics._collectChildMergeUpAndSiblingGroup (package:flutter/src/rendering/object.dart:5995:22)
#89     _RenderObjectSemantics.updateChildren (package:flutter/src/rendering/object.dart:5825:50)
#90     _RenderObjectSemantics._didUpdateParentData (package:flutter/src/rendering/object.dart:6071:5)
#91     _RenderObjectSemantics._collectChildMergeUpAndSiblingGroup (package:flutter/src/rendering/object.dart:5995:22)
#92     _RenderObjectSemantics.updateChildren (package:flutter/src/rendering/object.dart:5825:50)
#93     _RenderObjectSemantics._didUpdateParentData (package:flutter/src/rendering/object.dart:6071:5)
#94     _RenderObjectSemantics._collectChildMergeUpAndSiblingGroup (package:flutter/src/rendering/object.dart:5995:22)
#95     _RenderObjectSemantics.updateChildren (package:flutter/src/rendering/object.dart:5825:50)
#96     _RenderObjectSemantics._didUpdateParentData (package:flutter/src/rendering/object.dart:6071:5)
#97     _RenderObjectSemantics._collectChildMergeUpAndSiblingGroup (package:flutter/src/rendering/object.dart:5995:22)
#98     _RenderObjectSemantics.updateChildren (package:flutter/src/rendering/object.dart:5825:50)
#99     _RenderObjectSemantics._didUpdateParentData (package:flutter/src/rendering/object.dart:6071:5)
#100    _RenderObjectSemantics._collectChildMergeUpAndSiblingGroup (package:flutter/src/rendering/object.dart:5995:22)
#101    _RenderObjectSemantics.updateChildren (package:flutter/src/rendering/object.dart:5825:50)
#102    _RenderObjectSemantics._didUpdateParentData (package:flutter/src/rendering/object.dart:6071:5)
#103    _RenderObjectSemantics._collectChildMergeUpAndSiblingGroup (package:flutter/src/rendering/object.dart:5995:22)
#104    _RenderObjectSemantics.updateChildren (package:flutter/src/rendering/object.dart:5825:50)
#105    _RenderObjectSemantics._didUpdateParentData (package:flutter/src/rendering/object.dart:6071:5)
#106    _RenderObjectSemantics._collectChildMergeUpAndSiblingGroup (package:flutter/src/rendering/object.dart:5995:22)
#107    _RenderObjectSemantics.updateChildren (package:flutter/src/rendering/object.dart:5825:50)
#108    _RenderObjectSemantics._didUpdateParentData (package:flutter/src/rendering/object.dart:6071:5)
#109    _RenderObjectSemantics._collectChildMergeUpAndSiblingGroup (package:flutter/src/rendering/object.dart:5995:22)
#110    _RenderObjectSemantics.updateChildren (package:flutter/src/rendering/object.dart:5825:50)
#111    _RenderObjectSemantics._didUpdateParentData (package:flutter/src/rendering/object.dart:6071:5)
#112    _RenderObjectSemantics._collectChildMergeUpAndSiblingGroup (package:flutter/src/rendering/object.dart:5995:22)
#113    _RenderObjectSemantics.updateChildren (package:flutter/src/rendering/object.dart:5825:50)
#114    _RenderObjectSemantics._didUpdateParentData (package:flutter/src/rendering/object.dart:6071:5)
#115    _RenderObjectSemantics._collectChildMergeUpAndSiblingGroup (package:flutter/src/rendering/object.dart:5995:22)
#116    _RenderObjectSemantics.updateChildren (package:flutter/src/rendering/object.dart:5825:50)
#117    _RenderObjectSemantics._didUpdateParentData (package:flutter/src/rendering/object.dart:6071:5)
#118    _RenderObjectSemantics._collectChildMergeUpAndSiblingGroup (package:flutter/src/rendering/object.dart:5995:22)
#119    _RenderObjectSemantics.updateChildren (package:flutter/src/rendering/object.dart:5825:50)
#120    _RenderObjectSemantics._didUpdateParentData (package:flutter/src/rendering/object.dart:6071:5)
#121    _RenderObjectSemantics._collectChildMergeUpAndSiblingGroup (package:flutter/src/rendering/object.dart:5995:22)
#122    _RenderObjectSemantics.updateChildren (package:flutter/src/rendering/object.dart:5825:50)
#123    _RenderObjectSemantics._didUpdateParentData (package:flutter/src/rendering/object.dart:6071:5)
#124    _RenderObjectSemantics._collectChildMergeUpAndSiblingGroup (package:flutter/src/rendering/object.dart:5995:22)
#125    _RenderObjectSemantics.updateChildren (package:flutter/src/rendering/object.dart:5825:50)
#126    _RenderObjectSemantics._didUpdateParentData (package:flutter/src/rendering/object.dart:6071:5)
#127    _RenderObjectSemantics._collectChildMergeUpAndSiblingGroup (package:flutter/src/rendering/object.dart:5995:22)
#128    _RenderObjectSemantics.updateChildren (package:flutter/src/rendering/object.dart:5825:50)
#129    _RenderObjectSemantics._didUpdateParentData (package:flutter/src/rendering/object.dart:6071:5)
#130    _RenderObjectSemantics._collectChildMergeUpAndSiblingGroup (package:flutter/src/rendering/object.dart:5995:22)
#131    _RenderObjectSemantics.updateChildren (package:flutter/src/rendering/object.dart:5825:50)
#132    _RenderObjectSemantics._didUpdateParentData (package:flutter/src/rendering/object.dart:6071:5)
#133    _RenderObjectSemantics._collectChildMergeUpAndSiblingGroup (package:flutter/src/rendering/object.dart:5995:22)
#134    _RenderObjectSemantics.updateChildren (package:flutter/src/rendering/object.dart:5825:50)
#135    _RenderObjectSemantics._didUpdateParentData (package:flutter/src/rendering/object.dart:6071:5)
#136    _RenderObjectSemantics._collectChildMergeUpAndSiblingGroup (package:flutter/src/rendering/object.dart:5995:22)
#137    _RenderObjectSemantics.updateChildren (package:flutter/src/rendering/object.dart:5825:50)
#138    _RenderObjectSemantics._didUpdateParentData (package:flutter/src/rendering/object.dart:6071:5)
#139    _RenderObjectSemantics._collectChildMergeUpAndSiblingGroup (package:flutter/src/rendering/object.dart:5995:22)
#140    _RenderObjectSemantics.updateChildren (package:flutter/src/rendering/object.dart:5825:50)
#141    _RenderObjectSemantics._didUpdateParentData (package:flutter/src/rendering/object.dart:6071:5)
#142    _RenderObjectSemantics._collectChildMergeUpAndSiblingGroup (package:flutter/src/rendering/object.dart:5995:22)
#143    _RenderObjectSemantics.updateChildren (package:flutter/src/rendering/object.dart:5825:50)
#144    _RenderObjectSemantics._didUpdateParentData (package:flutter/src/rendering/object.dart:6071:5)
#145    _RenderObjectSemantics._collectChildMergeUpAndSiblingGroup (package:flutter/src/rendering/object.dart:5995:22)
#146    _RenderObjectSemantics.updateChildren (package:flutter/src/rendering/object.dart:5825:50)
#147    _RenderObjectSemantics._didUpdateParentData (package:flutter/src/rendering/object.dart:6071:5)
#148    _RenderObjectSemantics._collectChildMergeUpAndSiblingGroup (package:flutter/src/rendering/object.dart:5995:22)
#149    _RenderObjectSemantics.updateChildren (package:flutter/src/rendering/object.dart:5825:50)
#150    _RenderObjectSemantics._didUpdateParentData (package:flutter/src/rendering/object.dart:6071:5)
#151    _RenderObjectSemantics._collectChildMergeUpAndSiblingGroup (package:flutter/src/rendering/object.dart:5995:22)
#152    _RenderObjectSemantics.updateChildren (package:flutter/src/rendering/object.dart:5825:50)
#153    _RenderObjectSemantics._didUpdateParentData (package:flutter/src/rendering/object.dart:6071:5)
#154    _RenderObjectSemantics._collectChildMergeUpAndSiblingGroup (package:flutter/src/rendering/object.dart:5995:22)
#155    _RenderObjectSemantics.updateChildren (package:flutter/src/rendering/object.dart:5825:50)
#156    _RenderObjectSemantics._didUpdateParentData (package:flutter/src/rendering/object.dart:6071:5)
#157    _RenderObjectSemantics._collectChildMergeUpAndSiblingGroup (package:flutter/src/rendering/object.dart:5995:22)
#158    _RenderObjectSemantics.updateChildren (package:flutter/src/rendering/object.dart:5825:50)
#159    _RenderObjectSemantics._didUpdateParentData (package:flutter/src/rendering/object.dart:6071:5)
#160    _RenderObjectSemantics._collectChildMergeUpAndSiblingGroup (package:flutter/src/rendering/object.dart:5995:22)
#161    _RenderObjectSemantics.updateChildren (package:flutter/src/rendering/object.dart:5825:50)
#162    _RenderObjectSemantics._didUpdateParentData (package:flutter/src/rendering/object.dart:6071:5)
#163    _RenderObjectSemantics._collectChildMergeUpAndSiblingGroup (package:flutter/src/rendering/object.dart:5995:22)
#164    _RenderObjectSemantics.updateChildren (package:flutter/src/rendering/object.dart:5825:50)
#165    _RenderObjectSemantics._didUpdateParentData (package:flutter/src/rendering/object.dart:6071:5)
#166    _RenderObjectSemantics._collectChildMergeUpAndSiblingGroup (package:flutter/src/rendering/object.dart:5995:22)
#167    _RenderObjectSemantics.updateChildren (package:flutter/src/rendering/object.dart:5825:50)
#168    _RenderObjectSemantics._didUpdateParentData (package:flutter/src/rendering/object.dart:6071:5)
#169    _RenderObjectSemantics._collectChildMergeUpAndSiblingGroup (package:flutter/src/rendering/object.dart:5995:22)
#170    _RenderObjectSemantics.updateChildren (package:flutter/src/rendering/object.dart:5825:50)
#171    _RenderObjectSemantics._didUpdateParentData (package:flutter/src/rendering/object.dart:6071:5)
#172    _RenderObjectSemantics._collectChildMergeUpAndSiblingGroup (package:flutter/src/rendering/object.dart:5995:22)
#173    _RenderObjectSemantics.updateChildren (package:flutter/src/rendering/object.dart:5825:50)
#174    _RenderObjectSemantics._didUpdateParentData (package:flutter/src/rendering/object.dart:6071:5)
#175    _RenderObjectSemantics._collectChildMergeUpAndSiblingGroup (package:flutter/src/rendering/object.dart:5995:22)
#176    _RenderObjectSemantics.updateChildren (package:flutter/src/rendering/object.dart:5825:50)
#177    PipelineOwner.flushSemantics (package:flutter/src/rendering/object.dart:1489:25)
#178    PipelineOwner.flushSemantics (package:flutter/src/rendering/object.dart:1653:15)
#179    AutomatedTestWidgetsFlutterBinding.drawFrame (package:flutter_test/src/binding.dart:2444:35)
#180    RendererBinding._handlePersistentFrameCallback (package:flutter/src/rendering/binding.dart:509:5)
#181    SchedulerBinding._invokeFrameCallback (package:flutter/src/scheduler/binding.dart:1430:15)
#182    SchedulerBinding.handleDrawFrame (package:flutter/src/scheduler/binding.dart:1345:9)
#183    AutomatedTestWidgetsFlutterBinding.pump.<anonymous closure> (package:flutter_test/src/binding.dart:2260:9)
#186    TestAsyncUtils.guard (package:flutter_test/src/test_async_utils.dart:74:41)
#187    AutomatedTestWidgetsFlutterBinding.pump (package:flutter_test/src/binding.dart:2249:27)
#188    WidgetTester.pumpWidget.<anonymous closure> (package:flutter_test/src/widget_tester.dart:598:22)
#191    TestAsyncUtils.guard (package:flutter_test/src/test_async_utils.dart:74:41)
#192    WidgetTester.pumpWidget (package:flutter_test/src/widget_tester.dart:595:27)
#193    main.<anonymous closure> (file:///C:/Users/adrie/Documents/Coelo.worktrees/e2-r02-d04-acessos/apps/superadmin/test/features/safety/presentation/safety_pages_test.dart:478:18)
<asynchronous suspension>
#194    testWidgets.<anonymous closure>.<anonymous closure> (package:flutter_test/src/widget_tester.dart:192:15)
<asynchronous suspension>
#195    TestWidgetsFlutterBinding._runTestBody (package:flutter_test/src/binding.dart:1952:5)
<asynchronous suspension>
<asynchronous suspension>
(elided 5 frames from dart:async and package:stack_trace)
════════════════════════════════════════════════════════════════════════════════════════════════════
══╡ EXCEPTION CAUGHT BY RENDERING LIBRARY ╞═════════════════════════════════════════════════════════
The following assertion was thrown during performLayout():
RenderBox was not laid out: RenderFlex#70ef2 relayoutBoundary=up7 NEEDS-PAINT
'package:flutter/src/rendering/box.dart':
Failed assertion: line 2251 pos 12: 'hasSize'

Either the assertion indicates an error in the framework itself, or we should provide substantially
more information in this error message to help you determine and fix the underlying cause.
In either case, please report this assertion by filing a bug on GitHub:
  https://github.com/flutter/flutter/issues/new?template=02_bug.yml

The relevant error-causing widget was:
  LayoutBuilder
  LayoutBuilder:file:///C:/Users/adrie/Documents/Coelo.worktrees/e2-r02-d04-acessos/apps/superadmin/lib/features/safety/presentation/safety_pages.dart:274:11

When the exception was thrown, this was the stack:
#2      RenderBox.size (package:flutter/src/rendering/box.dart:2251:12)
#3      RenderBox.debugResetSize (package:flutter/src/rendering/box.dart:2442:12)
#4      RenderObject.layout.<anonymous closure> (package:flutter/src/rendering/object.dart:2856:9)
#5      RenderObject.layout (package:flutter/src/rendering/object.dart:2861:8)
#6      _RenderLayoutBuilder.performLayout (package:flutter/src/widgets/layout_builder.dart:449:14)
#7      RenderObject.layout (package:flutter/src/rendering/object.dart:2907:7)
#8      ChildLayoutHelper.layoutChild (package:flutter/src/rendering/layout_helper.dart:62:11)
#9      RenderFlex._computeSizes (package:flutter/src/rendering/flex.dart:1237:28)
#10     RenderFlex.performLayout (package:flutter/src/rendering/flex.dart:1329:32)
#11     RenderObject.layout (package:flutter/src/rendering/object.dart:2907:7)
#12     RenderProxyBoxMixin.performLayout (package:flutter/src/rendering/proxy_box.dart:118:18)
#13     RenderObject.layout (package:flutter/src/rendering/object.dart:2907:7)
#14     RenderProxyBoxMixin.performLayout (package:flutter/src/rendering/proxy_box.dart:118:18)
#15     RenderObject.layout (package:flutter/src/rendering/object.dart:2907:7)
#16     RenderSliverList.performLayout.advance (package:flutter/src/rendering/sliver_list.dart:249:18)
#17     RenderSliverList.performLayout (package:flutter/src/rendering/sliver_list.dart:278:12)
#18     RenderObject.layout (package:flutter/src/rendering/object.dart:2907:7)
#19     RenderSliverEdgeInsetsPadding.performLayout (package:flutter/src/rendering/sliver_padding.dart:133:12)
#20     RenderSliverPadding.performLayout (package:flutter/src/rendering/sliver_padding.dart:368:11)
#21     RenderObject.layout (package:flutter/src/rendering/object.dart:2907:7)
#22     RenderViewportBase.layoutChildSequence (package:flutter/src/rendering/viewport.dart:821:13)
#23     RenderViewport._attemptLayout (package:flutter/src/rendering/viewport.dart:1831:12)
#24     RenderViewport.performLayout (package:flutter/src/rendering/viewport.dart:1724:20)
#25     RenderObject._layoutWithoutResize (package:flutter/src/rendering/object.dart:2755:7)
#26     PipelineOwner.flushLayout (package:flutter/src/rendering/object.dart:1174:18)
#27     PipelineOwner.flushLayout (package:flutter/src/rendering/object.dart:1187:15)
#28     AutomatedTestWidgetsFlutterBinding.drawFrame (package:flutter_test/src/binding.dart:2433:27)
#29     RendererBinding._handlePersistentFrameCallback (package:flutter/src/rendering/binding.dart:509:5)
#30     SchedulerBinding._invokeFrameCallback (package:flutter/src/scheduler/binding.dart:1430:15)
#31     SchedulerBinding.handleDrawFrame (package:flutter/src/scheduler/binding.dart:1345:9)
#32     AutomatedTestWidgetsFlutterBinding.pump.<anonymous closure> (package:flutter_test/src/binding.dart:2260:9)
#35     TestAsyncUtils.guard (package:flutter_test/src/test_async_utils.dart:74:41)
#36     AutomatedTestWidgetsFlutterBinding.pump (package:flutter_test/src/binding.dart:2249:27)
#37     WidgetTester.pumpAndSettle.<anonymous closure> (package:flutter_test/src/widget_tester.dart:719:23)
#40     TestAsyncUtils.guard (package:flutter_test/src/test_async_utils.dart:74:41)
#41     WidgetTester.pumpAndSettle (package:flutter_test/src/widget_tester.dart:712:27)
#42     main.<anonymous closure> (file:///C:/Users/adrie/Documents/Coelo.worktrees/e2-r02-d04-acessos/apps/superadmin/test/features/safety/presentation/safety_pages_test.dart:492:18)
<asynchronous suspension>
#43     testWidgets.<anonymous closure>.<anonymous closure> (package:flutter_test/src/widget_tester.dart:192:15)
<asynchronous suspension>
#44     TestWidgetsFlutterBinding._runTestBody (package:flutter_test/src/binding.dart:1952:5)
<asynchronous suspension>
<asynchronous suspension>
(elided 7 frames from class _AssertionError, dart:async, and package:stack_trace)

The following RenderObject was being processed when the exception was fired: _RenderLayoutBuilder#23fa4 relayoutBoundary=up6 NEEDS-LAYOUT NEEDS-PAINT:
  creator: LayoutBuilder ← Column ← RepaintBoundary ← IndexedSemantics ← _SelectionKeepAlive ←
    NotificationListener<KeepAliveNotification> ← KeepAlive ← AutomaticKeepAlive ← KeyedSubtree ←
    SliverList ← SliverPadding ← Viewport ← ⋯
  parentData: offset=Offset(0.0, 0.0); flex=null; fit=null (can use size)
  constraints: BoxConstraints(0.0<=w<=1096.0, 0.0<=h<=Infinity)
  size: MISSING
This RenderObject had the following descendants (showing up to depth 5):
    child: RenderFlex#70ef2 relayoutBoundary=up7 NEEDS-PAINT
      child 1: RenderIntrinsicHeight#6eb80 relayoutBoundary=up8 NEEDS-PAINT
        child: RenderFlex#1432f NEEDS-LAYOUT NEEDS-PAINT
          child 1: RenderConstrainedBox#387e3 NEEDS-LAYOUT NEEDS-PAINT
            child: RenderSemanticsAnnotations#f888f NEEDS-LAYOUT NEEDS-PAINT
          child 2: RenderConstrainedBox#3d894 NEEDS-LAYOUT NEEDS-PAINT
          child 3: RenderConstrainedBox#473ee NEEDS-LAYOUT NEEDS-PAINT
            child: RenderMouseRegion#569a0 NEEDS-LAYOUT NEEDS-PAINT
      child 2: RenderConstrainedBox#dc4bb NEEDS-LAYOUT NEEDS-PAINT
      child 3: RenderIntrinsicHeight#a79dd NEEDS-LAYOUT NEEDS-PAINT
        child: RenderFlex#7fd7e NEEDS-LAYOUT NEEDS-PAINT
          child 1: RenderConstrainedBox#ee903 NEEDS-LAYOUT NEEDS-PAINT
            child: RenderMouseRegion#fbdc5 NEEDS-LAYOUT NEEDS-PAINT
          child 2: RenderConstrainedBox#7840f NEEDS-LAYOUT NEEDS-PAINT
          child 3: RenderConstrainedBox#7b338 NEEDS-LAYOUT NEEDS-PAINT
            child: RenderMouseRegion#9f21d NEEDS-LAYOUT NEEDS-PAINT
════════════════════════════════════════════════════════════════════════════════════════════════════
══╡ EXCEPTION CAUGHT BY RENDERING LIBRARY ╞═════════════════════════════════════════════════════════
The following assertion was thrown during performLayout():
RenderBox was not laid out: _RenderLayoutBuilder#23fa4 relayoutBoundary=up6 NEEDS-PAINT
'package:flutter/src/rendering/box.dart':
Failed assertion: line 2251 pos 12: 'hasSize'

Either the assertion indicates an error in the framework itself, or we should provide substantially
more information in this error message to help you determine and fix the underlying cause.
In either case, please report this assertion by filing a bug on GitHub:
  https://github.com/flutter/flutter/issues/new?template=02_bug.yml

The relevant error-causing widget was:
  Column
  Column:file:///C:/Users/adrie/Documents/Coelo.worktrees/e2-r02-d04-acessos/apps/superadmin/lib/features/safety/presentation/safety_pages.dart:271:12

When the exception was thrown, this was the stack:
#2      RenderBox.size (package:flutter/src/rendering/box.dart:2251:12)
#3      ChildLayoutHelper.layoutChild (package:flutter/src/rendering/layout_helper.dart:63:18)
#4      RenderFlex._computeSizes (package:flutter/src/rendering/flex.dart:1237:28)
#5      RenderFlex.performLayout (package:flutter/src/rendering/flex.dart:1329:32)
#6      RenderObject.layout (package:flutter/src/rendering/object.dart:2907:7)
#7      RenderProxyBoxMixin.performLayout (package:flutter/src/rendering/proxy_box.dart:118:18)
#8      RenderObject.layout (package:flutter/src/rendering/object.dart:2907:7)
#9      RenderProxyBoxMixin.performLayout (package:flutter/src/rendering/proxy_box.dart:118:18)
#10     RenderObject.layout (package:flutter/src/rendering/object.dart:2907:7)
#11     RenderSliverList.performLayout.advance (package:flutter/src/rendering/sliver_list.dart:249:18)
#12     RenderSliverList.performLayout (package:flutter/src/rendering/sliver_list.dart:278:12)
#13     RenderObject.layout (package:flutter/src/rendering/object.dart:2907:7)
#14     RenderSliverEdgeInsetsPadding.performLayout (package:flutter/src/rendering/sliver_padding.dart:133:12)
#15     RenderSliverPadding.performLayout (package:flutter/src/rendering/sliver_padding.dart:368:11)
#16     RenderObject.layout (package:flutter/src/rendering/object.dart:2907:7)
#17     RenderViewportBase.layoutChildSequence (package:flutter/src/rendering/viewport.dart:821:13)
#18     RenderViewport._attemptLayout (package:flutter/src/rendering/viewport.dart:1831:12)
#19     RenderViewport.performLayout (package:flutter/src/rendering/viewport.dart:1724:20)
#20     RenderObject._layoutWithoutResize (package:flutter/src/rendering/object.dart:2755:7)
#21     PipelineOwner.flushLayout (package:flutter/src/rendering/object.dart:1174:18)
#22     PipelineOwner.flushLayout (package:flutter/src/rendering/object.dart:1187:15)
#23     AutomatedTestWidgetsFlutterBinding.drawFrame (package:flutter_test/src/binding.dart:2433:27)
#24     RendererBinding._handlePersistentFrameCallback (package:flutter/src/rendering/binding.dart:509:5)
#25     SchedulerBinding._invokeFrameCallback (package:flutter/src/scheduler/binding.dart:1430:15)
#26     SchedulerBinding.handleDrawFrame (package:flutter/src/scheduler/binding.dart:1345:9)
#27     AutomatedTestWidgetsFlutterBinding.pump.<anonymous closure> (package:flutter_test/src/binding.dart:2260:9)
#30     TestAsyncUtils.guard (package:flutter_test/src/test_async_utils.dart:74:41)
#31     AutomatedTestWidgetsFlutterBinding.pump (package:flutter_test/src/binding.dart:2249:27)
#32     WidgetTester.pumpAndSettle.<anonymous closure> (package:flutter_test/src/widget_tester.dart:719:23)
#35     TestAsyncUtils.guard (package:flutter_test/src/test_async_utils.dart:74:41)
#36     WidgetTester.pumpAndSettle (package:flutter_test/src/widget_tester.dart:712:27)
#37     main.<anonymous closure> (file:///C:/Users/adrie/Documents/Coelo.worktrees/e2-r02-d04-acessos/apps/superadmin/test/features/safety/presentation/safety_pages_test.dart:492:18)
<asynchronous suspension>
#38     testWidgets.<anonymous closure>.<anonymous closure> (package:flutter_test/src/widget_tester.dart:192:15)
<asynchronous suspension>
#39     TestWidgetsFlutterBinding._runTestBody (package:flutter_test/src/binding.dart:1952:5)
<asynchronous suspension>
<asynchronous suspension>
(elided 7 frames from class _AssertionError, dart:async, and package:stack_trace)

The following RenderObject was being processed when the exception was fired: RenderFlex#f674a relayoutBoundary=up5 NEEDS-LAYOUT NEEDS-PAINT:
  creator: Column ← RepaintBoundary ← IndexedSemantics ← _SelectionKeepAlive ←
    NotificationListener<KeepAliveNotification> ← KeepAlive ← AutomaticKeepAlive ← KeyedSubtree ←
    SliverList ← SliverPadding ← Viewport ← IgnorePointer-[GlobalKey#9d023] ← ⋯
  parentData: <none> (can use size)
  constraints: BoxConstraints(w=1096.0, 0.0<=h<=Infinity)
  size: MISSING
  direction: vertical
  mainAxisAlignment: start
  mainAxisSize: max
  crossAxisAlignment: center
  verticalDirection: down
  spacing: 0.0
This RenderObject had the following descendants (showing up to depth 5):
    child 1: _RenderLayoutBuilder#23fa4 relayoutBoundary=up6 NEEDS-PAINT
      child: RenderFlex#70ef2 relayoutBoundary=up7 NEEDS-PAINT
        child 1: RenderIntrinsicHeight#6eb80 relayoutBoundary=up8 NEEDS-PAINT
          child: RenderFlex#1432f NEEDS-LAYOUT NEEDS-PAINT
            child 1: RenderConstrainedBox#387e3 NEEDS-LAYOUT NEEDS-PAINT
            child 2: RenderConstrainedBox#3d894 NEEDS-LAYOUT NEEDS-PAINT
            child 3: RenderConstrainedBox#473ee NEEDS-LAYOUT NEEDS-PAINT
        child 2: RenderConstrainedBox#dc4bb NEEDS-LAYOUT NEEDS-PAINT
        child 3: RenderIntrinsicHeight#a79dd NEEDS-LAYOUT NEEDS-PAINT
          child: RenderFlex#7fd7e NEEDS-LAYOUT NEEDS-PAINT
            child 1: RenderConstrainedBox#ee903 NEEDS-LAYOUT NEEDS-PAINT
            child 2: RenderConstrainedBox#7840f NEEDS-LAYOUT NEEDS-PAINT
            child 3: RenderConstrainedBox#7b338 NEEDS-LAYOUT NEEDS-PAINT
════════════════════════════════════════════════════════════════════════════════════════════════════
══╡ EXCEPTION CAUGHT BY RENDERING LIBRARY ╞═════════════════════════════════════════════════════════
The following assertion was thrown during performLayout():
RenderBox was not laid out: RenderFlex#f674a relayoutBoundary=up5 NEEDS-PAINT
'package:flutter/src/rendering/box.dart':
Failed assertion: line 2251 pos 12: 'hasSize'

Either the assertion indicates an error in the framework itself, or we should provide substantially
more information in this error message to help you determine and fix the underlying cause.
In either case, please report this assertion by filing a bug on GitHub:
  https://github.com/flutter/flutter/issues/new?template=02_bug.yml

The relevant error-causing widget was:
  ListView
  ListView:file:///C:/Users/adrie/Documents/Coelo.worktrees/e2-r02-d04-acessos/apps/superadmin/lib/features/safety/presentation/safety_pages.dart:132:17

When the exception was thrown, this was the stack:
#2      RenderBox.size (package:flutter/src/rendering/box.dart:2251:12)
#3      RenderProxyBoxMixin.performLayout (package:flutter/src/rendering/proxy_box.dart:118:62)
#4      RenderObject.layout (package:flutter/src/rendering/object.dart:2907:7)
#5      RenderProxyBoxMixin.performLayout (package:flutter/src/rendering/proxy_box.dart:118:18)
#6      RenderObject.layout (package:flutter/src/rendering/object.dart:2907:7)
#7      RenderSliverList.performLayout.advance (package:flutter/src/rendering/sliver_list.dart:249:18)
#8      RenderSliverList.performLayout (package:flutter/src/rendering/sliver_list.dart:278:12)
#9      RenderObject.layout (package:flutter/src/rendering/object.dart:2907:7)
#10     RenderSliverEdgeInsetsPadding.performLayout (package:flutter/src/rendering/sliver_padding.dart:133:12)
#11     RenderSliverPadding.performLayout (package:flutter/src/rendering/sliver_padding.dart:368:11)
#12     RenderObject.layout (package:flutter/src/rendering/object.dart:2907:7)
#13     RenderViewportBase.layoutChildSequence (package:flutter/src/rendering/viewport.dart:821:13)
#14     RenderViewport._attemptLayout (package:flutter/src/rendering/viewport.dart:1831:12)
#15     RenderViewport.performLayout (package:flutter/src/rendering/viewport.dart:1724:20)
#16     RenderObject._layoutWithoutResize (package:flutter/src/rendering/object.dart:2755:7)
#17     PipelineOwner.flushLayout (package:flutter/src/rendering/object.dart:1174:18)
#18     PipelineOwner.flushLayout (package:flutter/src/rendering/object.dart:1187:15)
#19     AutomatedTestWidgetsFlutterBinding.drawFrame (package:flutter_test/src/binding.dart:2433:27)
#20     RendererBinding._handlePersistentFrameCallback (package:flutter/src/rendering/binding.dart:509:5)
#21     SchedulerBinding._invokeFrameCallback (package:flutter/src/scheduler/binding.dart:1430:15)
#22     SchedulerBinding.handleDrawFrame (package:flutter/src/scheduler/binding.dart:1345:9)
#23     AutomatedTestWidgetsFlutterBinding.pump.<anonymous closure> (package:flutter_test/src/binding.dart:2260:9)
#26     TestAsyncUtils.guard (package:flutter_test/src/test_async_utils.dart:74:41)
#27     AutomatedTestWidgetsFlutterBinding.pump (package:flutter_test/src/binding.dart:2249:27)
#28     WidgetTester.pumpAndSettle.<anonymous closure> (package:flutter_test/src/widget_tester.dart:719:23)
#31     TestAsyncUtils.guard (package:flutter_test/src/test_async_utils.dart:74:41)
#32     WidgetTester.pumpAndSettle (package:flutter_test/src/widget_tester.dart:712:27)
#33     main.<anonymous closure> (file:///C:/Users/adrie/Documents/Coelo.worktrees/e2-r02-d04-acessos/apps/superadmin/test/features/safety/presentation/safety_pages_test.dart:492:18)
<asynchronous suspension>
#34     testWidgets.<anonymous closure>.<anonymous closure> (package:flutter_test/src/widget_tester.dart:192:15)
<asynchronous suspension>
#35     TestWidgetsFlutterBinding._runTestBody (package:flutter_test/src/binding.dart:1952:5)
<asynchronous suspension>
<asynchronous suspension>
(elided 7 frames from class _AssertionError, dart:async, and package:stack_trace)

The following RenderObject was being processed when the exception was fired: RenderRepaintBoundary#11d0f relayoutBoundary=up4 NEEDS-LAYOUT NEEDS-PAINT:
  needs compositing
  creator: RepaintBoundary ← IndexedSemantics ← _SelectionKeepAlive ←
    NotificationListener<KeepAliveNotification> ← KeepAlive ← AutomaticKeepAlive ← KeyedSubtree ←
    SliverList ← SliverPadding ← Viewport ← IgnorePointer-[GlobalKey#9d023] ← Semantics ← ⋯
  parentData: <none> (can use size)
  constraints: BoxConstraints(w=1096.0, 0.0<=h<=Infinity)
  size: MISSING
  usefulness ratio: no metrics collected yet (never painted)
This RenderObject had the following descendants (showing up to depth 5):
    child: RenderFlex#f674a relayoutBoundary=up5 NEEDS-PAINT
      child 1: _RenderLayoutBuilder#23fa4 relayoutBoundary=up6 NEEDS-PAINT
        child: RenderFlex#70ef2 relayoutBoundary=up7 NEEDS-PAINT
          child 1: RenderIntrinsicHeight#6eb80 relayoutBoundary=up8 NEEDS-PAINT
            child: RenderFlex#1432f NEEDS-LAYOUT NEEDS-PAINT
          child 2: RenderConstrainedBox#dc4bb NEEDS-LAYOUT NEEDS-PAINT
          child 3: RenderIntrinsicHeight#a79dd NEEDS-LAYOUT NEEDS-PAINT
            child: RenderFlex#7fd7e NEEDS-LAYOUT NEEDS-PAINT
════════════════════════════════════════════════════════════════════════════════════════════════════
══╡ EXCEPTION CAUGHT BY RENDERING LIBRARY ╞═════════════════════════════════════════════════════════
The following assertion was thrown during performLayout():
RenderBox was not laid out: RenderRepaintBoundary#11d0f relayoutBoundary=up4 NEEDS-PAINT
'package:flutter/src/rendering/box.dart':
Failed assertion: line 2251 pos 12: 'hasSize'

Either the assertion indicates an error in the framework itself, or we should provide substantially
more information in this error message to help you determine and fix the underlying cause.
In either case, please report this assertion by filing a bug on GitHub:
  https://github.com/flutter/flutter/issues/new?template=02_bug.yml

The relevant error-causing widget was:
  ListView
  ListView:file:///C:/Users/adrie/Documents/Coelo.worktrees/e2-r02-d04-acessos/apps/superadmin/lib/features/safety/presentation/safety_pages.dart:132:17

When the exception was thrown, this was the stack:
#2      RenderBox.size (package:flutter/src/rendering/box.dart:2251:12)
#3      RenderProxyBoxMixin.performLayout (package:flutter/src/rendering/proxy_box.dart:118:62)
#4      RenderObject.layout (package:flutter/src/rendering/object.dart:2907:7)
#5      RenderSliverList.performLayout.advance (package:flutter/src/rendering/sliver_list.dart:249:18)
#6      RenderSliverList.performLayout (package:flutter/src/rendering/sliver_list.dart:278:12)
#7      RenderObject.layout (package:flutter/src/rendering/object.dart:2907:7)
#8      RenderSliverEdgeInsetsPadding.performLayout (package:flutter/src/rendering/sliver_padding.dart:133:12)
#9      RenderSliverPadding.performLayout (package:flutter/src/rendering/sliver_padding.dart:368:11)
#10     RenderObject.layout (package:flutter/src/rendering/object.dart:2907:7)
#11     RenderViewportBase.layoutChildSequence (package:flutter/src/rendering/viewport.dart:821:13)
#12     RenderViewport._attemptLayout (package:flutter/src/rendering/viewport.dart:1831:12)
#13     RenderViewport.performLayout (package:flutter/src/rendering/viewport.dart:1724:20)
#14     RenderObject._layoutWithoutResize (package:flutter/src/rendering/object.dart:2755:7)
#15     PipelineOwner.flushLayout (package:flutter/src/rendering/object.dart:1174:18)
#16     PipelineOwner.flushLayout (package:flutter/src/rendering/object.dart:1187:15)
#17     AutomatedTestWidgetsFlutterBinding.drawFrame (package:flutter_test/src/binding.dart:2433:27)
#18     RendererBinding._handlePersistentFrameCallback (package:flutter/src/rendering/binding.dart:509:5)
#19     SchedulerBinding._invokeFrameCallback (package:flutter/src/scheduler/binding.dart:1430:15)
#20     SchedulerBinding.handleDrawFrame (package:flutter/src/scheduler/binding.dart:1345:9)
#21     AutomatedTestWidgetsFlutterBinding.pump.<anonymous closure> (package:flutter_test/src/binding.dart:2260:9)
#24     TestAsyncUtils.guard (package:flutter_test/src/test_async_utils.dart:74:41)
#25     AutomatedTestWidgetsFlutterBinding.pump (package:flutter_test/src/binding.dart:2249:27)
#26     WidgetTester.pumpAndSettle.<anonymous closure> (package:flutter_test/src/widget_tester.dart:719:23)
#29     TestAsyncUtils.guard (package:flutter_test/src/test_async_utils.dart:74:41)
#30     WidgetTester.pumpAndSettle (package:flutter_test/src/widget_tester.dart:712:27)
#31     main.<anonymous closure> (file:///C:/Users/adrie/Documents/Coelo.worktrees/e2-r02-d04-acessos/apps/superadmin/test/features/safety/presentation/safety_pages_test.dart:492:18)
<asynchronous suspension>
#32     testWidgets.<anonymous closure>.<anonymous closure> (package:flutter_test/src/widget_tester.dart:192:15)
<asynchronous suspension>
#33     TestWidgetsFlutterBinding._runTestBody (package:flutter_test/src/binding.dart:1952:5)
<asynchronous suspension>
<asynchronous suspension>
(elided 7 frames from class _AssertionError, dart:async, and package:stack_trace)

The following RenderObject was being processed when the exception was fired: RenderIndexedSemantics#3ab46 relayoutBoundary=up3 NEEDS-LAYOUT NEEDS-PAINT:
  needs compositing
  creator: IndexedSemantics ← _SelectionKeepAlive ← NotificationListener<KeepAliveNotification> ←
    KeepAlive ← AutomaticKeepAlive ← KeyedSubtree ← SliverList ← SliverPadding ← Viewport ←
    IgnorePointer-[GlobalKey#9d023] ← Semantics ← Listener ← ⋯
  parentData: index=4; layoutOffset=128.0 (can use size)
  constraints: BoxConstraints(w=1096.0, 0.0<=h<=Infinity)
  size: MISSING
  index: 4
This RenderObject had the following descendants (showing up to depth 5):
    child: RenderRepaintBoundary#11d0f relayoutBoundary=up4 NEEDS-PAINT
      child: RenderFlex#f674a relayoutBoundary=up5 NEEDS-PAINT
        child 1: _RenderLayoutBuilder#23fa4 relayoutBoundary=up6 NEEDS-PAINT
          child: RenderFlex#70ef2 relayoutBoundary=up7 NEEDS-PAINT
            child 1: RenderIntrinsicHeight#6eb80 relayoutBoundary=up8 NEEDS-PAINT
            child 2: RenderConstrainedBox#dc4bb NEEDS-LAYOUT NEEDS-PAINT
            child 3: RenderIntrinsicHeight#a79dd NEEDS-LAYOUT NEEDS-PAINT
════════════════════════════════════════════════════════════════════════════════════════════════════
══╡ EXCEPTION CAUGHT BY RENDERING LIBRARY ╞═════════════════════════════════════════════════════════
The following assertion was thrown during performLayout():
'package:flutter/src/rendering/sliver_multi_box_adaptor.dart': Failed assertion: line 629 pos 12:
'child.hasSize': is not true.

Either the assertion indicates an error in the framework itself, or we should provide substantially
more information in this error message to help you determine and fix the underlying cause.
In either case, please report this assertion by filing a bug on GitHub:
  https://github.com/flutter/flutter/issues/new?template=02_bug.yml

The relevant error-causing widget was:
  ListView
  ListView:file:///C:/Users/adrie/Documents/Coelo.worktrees/e2-r02-d04-acessos/apps/superadmin/lib/features/safety/presentation/safety_pages.dart:132:17

When the exception was thrown, this was the stack:
#2      RenderSliverMultiBoxAdaptor.paintExtentOf (package:flutter/src/rendering/sliver_multi_box_adaptor.dart:629:12)
#3      RenderSliverList.performLayout.advance (package:flutter/src/rendering/sliver_list.dart:257:54)
#4      RenderSliverList.performLayout (package:flutter/src/rendering/sliver_list.dart:278:12)
#5      RenderObject.layout (package:flutter/src/rendering/object.dart:2907:7)
#6      RenderSliverEdgeInsetsPadding.performLayout (package:flutter/src/rendering/sliver_padding.dart:133:12)
#7      RenderSliverPadding.performLayout (package:flutter/src/rendering/sliver_padding.dart:368:11)
#8      RenderObject.layout (package:flutter/src/rendering/object.dart:2907:7)
#9      RenderViewportBase.layoutChildSequence (package:flutter/src/rendering/viewport.dart:821:13)
#10     RenderViewport._attemptLayout (package:flutter/src/rendering/viewport.dart:1831:12)
#11     RenderViewport.performLayout (package:flutter/src/rendering/viewport.dart:1724:20)
#12     RenderObject._layoutWithoutResize (package:flutter/src/rendering/object.dart:2755:7)
#13     PipelineOwner.flushLayout (package:flutter/src/rendering/object.dart:1174:18)
#14     PipelineOwner.flushLayout (package:flutter/src/rendering/object.dart:1187:15)
#15     AutomatedTestWidgetsFlutterBinding.drawFrame (package:flutter_test/src/binding.dart:2433:27)
#16     RendererBinding._handlePersistentFrameCallback (package:flutter/src/rendering/binding.dart:509:5)
#17     SchedulerBinding._invokeFrameCallback (package:flutter/src/scheduler/binding.dart:1430:15)
#18     SchedulerBinding.handleDrawFrame (package:flutter/src/scheduler/binding.dart:1345:9)
#19     AutomatedTestWidgetsFlutterBinding.pump.<anonymous closure> (package:flutter_test/src/binding.dart:2260:9)
#22     TestAsyncUtils.guard (package:flutter_test/src/test_async_utils.dart:74:41)
#23     AutomatedTestWidgetsFlutterBinding.pump (package:flutter_test/src/binding.dart:2249:27)
#24     WidgetTester.pumpAndSettle.<anonymous closure> (package:flutter_test/src/widget_tester.dart:719:23)
#27     TestAsyncUtils.guard (package:flutter_test/src/test_async_utils.dart:74:41)
#28     WidgetTester.pumpAndSettle (package:flutter_test/src/widget_tester.dart:712:27)
#29     main.<anonymous closure> (file:///C:/Users/adrie/Documents/Coelo.worktrees/e2-r02-d04-acessos/apps/superadmin/test/features/safety/presentation/safety_pages_test.dart:492:18)
<asynchronous suspension>
#30     testWidgets.<anonymous closure>.<anonymous closure> (package:flutter_test/src/widget_tester.dart:192:15)
<asynchronous suspension>
#31     TestWidgetsFlutterBinding._runTestBody (package:flutter_test/src/binding.dart:1952:5)
<asynchronous suspension>
<asynchronous suspension>
(elided 7 frames from class _AssertionError, dart:async, and package:stack_trace)

The following RenderObject was being processed when the exception was fired: RenderSliverList#6fd01 relayoutBoundary=up2 NEEDS-LAYOUT NEEDS-PAINT:
  needs compositing
  creator: SliverList ← SliverPadding ← Viewport ← IgnorePointer-[GlobalKey#9d023] ← Semantics ←
    Listener ← _GestureSemantics ←
    RawGestureDetector-[LabeledGlobalKey<RawGestureDetectorState>#6e8e8] ← Listener ← _ScrollableScope
    ← _ScrollSemantics-[GlobalKey#c3cfb] ← NotificationListener<ScrollMetricsNotification> ← ⋯
  parentData: paintOffset=Offset(0.0, 0.0) (can use size)
  constraints: SliverConstraints(AxisDirection.down, GrowthDirection.forward, ScrollDirection.idle,
    scrollOffset: 0.0, precedingScrollExtent: 24.0, remainingPaintExtent: 863.0, crossAxisExtent:
    1096.0, crossAxisDirection: AxisDirection.right, viewportMainAxisExtent: 887.0,
    remainingCacheExtent: 1113.0, cacheOrigin: 0.0)
  geometry: null
  currently live children: 0 to 4
This RenderObject had the following descendants (showing up to depth 5):
    child with index 0: RenderIndexedSemantics#eea2e relayoutBoundary=up3 NEEDS-PAINT
      child: RenderRepaintBoundary#ac605 relayoutBoundary=up4 NEEDS-PAINT
        child: _RenderLayoutBuilder#1de4e relayoutBoundary=up5 NEEDS-PAINT
          child: RenderFlex#4ce44 relayoutBoundary=up6 NEEDS-PAINT
            child 1: _RenderLayoutBuilder#5a812 relayoutBoundary=up7 NEEDS-PAINT
            child 2: RenderConstrainedBox#e0b5d relayoutBoundary=up7 NEEDS-PAINT
            child 3: RenderWrap#5dcd3 relayoutBoundary=up7 NEEDS-PAINT
    child with index 1: RenderIndexedSemantics#9ac59 relayoutBoundary=up3 NEEDS-PAINT
      child: RenderRepaintBoundary#46261 relayoutBoundary=up4 NEEDS-PAINT
        child: RenderConstrainedBox#870b0 relayoutBoundary=up5 NEEDS-PAINT
    child with index 2: RenderIndexedSemantics#cd27a relayoutBoundary=up3 NEEDS-PAINT
      child: RenderRepaintBoundary#10589 relayoutBoundary=up4 NEEDS-PAINT
        child: _RenderLayoutBuilder#e3ced relayoutBoundary=up5 NEEDS-PAINT NEEDS-COMPOSITING-BITS-UPDATE
          child: RenderDecoratedBox#f99ea relayoutBoundary=up6 NEEDS-PAINT NEEDS-COMPOSITING-BITS-UPDATE
            child: RenderStack#8f4e9 relayoutBoundary=up7 NEEDS-PAINT NEEDS-COMPOSITING-BITS-UPDATE
    child with index 3: RenderIndexedSemantics#19c5e relayoutBoundary=up3 NEEDS-PAINT
      child: RenderRepaintBoundary#7f043 relayoutBoundary=up4 NEEDS-PAINT
        child: RenderConstrainedBox#9a043 relayoutBoundary=up5 NEEDS-PAINT
    child with index 4: RenderIndexedSemantics#3ab46 relayoutBoundary=up3 NEEDS-PAINT
      child: RenderRepaintBoundary#11d0f relayoutBoundary=up4 NEEDS-PAINT
        child: RenderFlex#f674a relayoutBoundary=up5 NEEDS-PAINT
          child 1: _RenderLayoutBuilder#23fa4 relayoutBoundary=up6 NEEDS-PAINT
            child: RenderFlex#70ef2 relayoutBoundary=up7 NEEDS-PAINT
════════════════════════════════════════════════════════════════════════════════════════════════════
══╡ EXCEPTION CAUGHT BY RENDERING LIBRARY ╞═════════════════════════════════════════════════════════
The following _TypeError was thrown during performLayout():
Null check operator used on a null value

The relevant error-causing widget was:
  ListView
  ListView:file:///C:/Users/adrie/Documents/Coelo.worktrees/e2-r02-d04-acessos/apps/superadmin/lib/features/safety/presentation/safety_pages.dart:132:17

When the exception was thrown, this was the stack:
#0      RenderSliverEdgeInsetsPadding.performLayout (package:flutter/src/rendering/sliver_padding.dart:147:63)
#1      RenderSliverPadding.performLayout (package:flutter/src/rendering/sliver_padding.dart:368:11)
#2      RenderObject.layout (package:flutter/src/rendering/object.dart:2907:7)
#3      RenderViewportBase.layoutChildSequence (package:flutter/src/rendering/viewport.dart:821:13)
#4      RenderViewport._attemptLayout (package:flutter/src/rendering/viewport.dart:1831:12)
#5      RenderViewport.performLayout (package:flutter/src/rendering/viewport.dart:1724:20)
#6      RenderObject._layoutWithoutResize (package:flutter/src/rendering/object.dart:2755:7)
#7      PipelineOwner.flushLayout (package:flutter/src/rendering/object.dart:1174:18)
#8      PipelineOwner.flushLayout (package:flutter/src/rendering/object.dart:1187:15)
#9      AutomatedTestWidgetsFlutterBinding.drawFrame (package:flutter_test/src/binding.dart:2433:27)
#10     RendererBinding._handlePersistentFrameCallback (package:flutter/src/rendering/binding.dart:509:5)
#11     SchedulerBinding._invokeFrameCallback (package:flutter/src/scheduler/binding.dart:1430:15)
#12     SchedulerBinding.handleDrawFrame (package:flutter/src/scheduler/binding.dart:1345:9)
#13     AutomatedTestWidgetsFlutterBinding.pump.<anonymous closure> (package:flutter_test/src/binding.dart:2260:9)
#16     TestAsyncUtils.guard (package:flutter_test/src/test_async_utils.dart:74:41)
#17     AutomatedTestWidgetsFlutterBinding.pump (package:flutter_test/src/binding.dart:2249:27)
#18     WidgetTester.pumpAndSettle.<anonymous closure> (package:flutter_test/src/widget_tester.dart:719:23)
#21     TestAsyncUtils.guard (package:flutter_test/src/test_async_utils.dart:74:41)
#22     WidgetTester.pumpAndSettle (package:flutter_test/src/widget_tester.dart:712:27)
#23     main.<anonymous closure> (file:///C:/Users/adrie/Documents/Coelo.worktrees/e2-r02-d04-acessos/apps/superadmin/test/features/safety/presentation/safety_pages_test.dart:492:18)
<asynchronous suspension>
#24     testWidgets.<anonymous closure>.<anonymous closure> (package:flutter_test/src/widget_tester.dart:192:15)
<asynchronous suspension>
#25     TestWidgetsFlutterBinding._runTestBody (package:flutter_test/src/binding.dart:1952:5)
<asynchronous suspension>
<asynchronous suspension>
(elided 5 frames from dart:async and package:stack_trace)

The following RenderObject was being processed when the exception was fired: RenderSliverPadding#8d4bc relayoutBoundary=up1 NEEDS-LAYOUT NEEDS-PAINT:
  needs compositing
  creator: SliverPadding ← Viewport ← IgnorePointer-[GlobalKey#9d023] ← Semantics ← Listener ←
    _GestureSemantics ← RawGestureDetector-[LabeledGlobalKey<RawGestureDetectorState>#6e8e8] ←
    Listener ← _ScrollableScope ← _ScrollSemantics-[GlobalKey#c3cfb] ←
    NotificationListener<ScrollMetricsNotification> ← Transform ← ⋯
  parentData: paintOffset=Offset(0.0, 0.0) (can use size)
  constraints: SliverConstraints(AxisDirection.down, GrowthDirection.forward, ScrollDirection.idle,
    scrollOffset: 0.0, precedingScrollExtent: 0.0, remainingPaintExtent: 887.0, crossAxisExtent:
    1144.0, crossAxisDirection: AxisDirection.right, viewportMainAxisExtent: 887.0,
    remainingCacheExtent: 1137.0, cacheOrigin: 0.0)
  geometry: null
  padding: EdgeInsets.all(24.0)
  textDirection: ltr
This RenderObject had the following descendants (showing up to depth 5):
    child: RenderSliverList#6fd01 relayoutBoundary=up2 NEEDS-PAINT
      child with index 0: RenderIndexedSemantics#eea2e relayoutBoundary=up3 NEEDS-PAINT
        child: RenderRepaintBoundary#ac605 relayoutBoundary=up4 NEEDS-PAINT
          child: _RenderLayoutBuilder#1de4e relayoutBoundary=up5 NEEDS-PAINT
            child: RenderFlex#4ce44 relayoutBoundary=up6 NEEDS-PAINT
      child with index 1: RenderIndexedSemantics#9ac59 relayoutBoundary=up3 NEEDS-PAINT
        child: RenderRepaintBoundary#46261 relayoutBoundary=up4 NEEDS-PAINT
          child: RenderConstrainedBox#870b0 relayoutBoundary=up5 NEEDS-PAINT
      child with index 2: RenderIndexedSemantics#cd27a relayoutBoundary=up3 NEEDS-PAINT
        child: RenderRepaintBoundary#10589 relayoutBoundary=up4 NEEDS-PAINT
          child: _RenderLayoutBuilder#e3ced relayoutBoundary=up5 NEEDS-PAINT NEEDS-COMPOSITING-BITS-UPDATE
            child: RenderDecoratedBox#f99ea relayoutBoundary=up6 NEEDS-PAINT NEEDS-COMPOSITING-BITS-UPDATE
      child with index 3: RenderIndexedSemantics#19c5e relayoutBoundary=up3 NEEDS-PAINT
        child: RenderRepaintBoundary#7f043 relayoutBoundary=up4 NEEDS-PAINT
          child: RenderConstrainedBox#9a043 relayoutBoundary=up5 NEEDS-PAINT
      child with index 4: RenderIndexedSemantics#3ab46 relayoutBoundary=up3 NEEDS-PAINT
        child: RenderRepaintBoundary#11d0f relayoutBoundary=up4 NEEDS-PAINT
          child: RenderFlex#f674a relayoutBoundary=up5 NEEDS-PAINT
            child 1: _RenderLayoutBuilder#23fa4 relayoutBoundary=up6 NEEDS-PAINT
════════════════════════════════════════════════════════════════════════════════════════════════════
══╡ EXCEPTION CAUGHT BY RENDERING LIBRARY ╞═════════════════════════════════════════════════════════
The following _TypeError was thrown during performLayout():
Null check operator used on a null value

The relevant error-causing widget was:
  ListView
  ListView:file:///C:/Users/adrie/Documents/Coelo.worktrees/e2-r02-d04-acessos/apps/superadmin/lib/features/safety/presentation/safety_pages.dart:132:17

When the exception was thrown, this was the stack:
#0      RenderViewportBase.layoutChildSequence (package:flutter/src/rendering/viewport.dart:842:64)
#1      RenderViewport._attemptLayout (package:flutter/src/rendering/viewport.dart:1831:12)
#2      RenderViewport.performLayout (package:flutter/src/rendering/viewport.dart:1724:20)
#3      RenderObject._layoutWithoutResize (package:flutter/src/rendering/object.dart:2755:7)
#4      PipelineOwner.flushLayout (package:flutter/src/rendering/object.dart:1174:18)
#5      PipelineOwner.flushLayout (package:flutter/src/rendering/object.dart:1187:15)
#6      AutomatedTestWidgetsFlutterBinding.drawFrame (package:flutter_test/src/binding.dart:2433:27)
#7      RendererBinding._handlePersistentFrameCallback (package:flutter/src/rendering/binding.dart:509:5)
#8      SchedulerBinding._invokeFrameCallback (package:flutter/src/scheduler/binding.dart:1430:15)
#9      SchedulerBinding.handleDrawFrame (package:flutter/src/scheduler/binding.dart:1345:9)
#10     AutomatedTestWidgetsFlutterBinding.pump.<anonymous closure> (package:flutter_test/src/binding.dart:2260:9)
#13     TestAsyncUtils.guard (package:flutter_test/src/test_async_utils.dart:74:41)
#14     AutomatedTestWidgetsFlutterBinding.pump (package:flutter_test/src/binding.dart:2249:27)
#15     WidgetTester.pumpAndSettle.<anonymous closure> (package:flutter_test/src/widget_tester.dart:719:23)
#18     TestAsyncUtils.guard (package:flutter_test/src/test_async_utils.dart:74:41)
#19     WidgetTester.pumpAndSettle (package:flutter_test/src/widget_tester.dart:712:27)
#20     main.<anonymous closure> (file:///C:/Users/adrie/Documents/Coelo.worktrees/e2-r02-d04-acessos/apps/superadmin/test/features/safety/presentation/safety_pages_test.dart:492:18)
<asynchronous suspension>
#21     testWidgets.<anonymous closure>.<anonymous closure> (package:flutter_test/src/widget_tester.dart:192:15)
<asynchronous suspension>
#22     TestWidgetsFlutterBinding._runTestBody (package:flutter_test/src/binding.dart:1952:5)
<asynchronous suspension>
<asynchronous suspension>
(elided 5 frames from dart:async and package:stack_trace)

The following RenderObject was being processed when the exception was fired: RenderViewport#80242 NEEDS-LAYOUT:
  needs compositing
  creator: Viewport ← IgnorePointer-[GlobalKey#9d023] ← Semantics ← Listener ← _GestureSemantics ←
    RawGestureDetector-[LabeledGlobalKey<RawGestureDetectorState>#6e8e8] ← Listener ← _ScrollableScope
    ← _ScrollSemantics-[GlobalKey#c3cfb] ← NotificationListener<ScrollMetricsNotification> ← Transform
    ← StretchEffect ← ⋯
  parentData: <none> (can use size)
  constraints: BoxConstraints(w=1144.0, h=887.0)
  layer: OffsetLayer#b2eb2
  size: Size(1144.0, 887.0)
  axisDirection: down
  crossAxisDirection: right
  offset: ScrollPositionWithSingleContext#e7581(offset: 0.0, range: null..null, viewport: 887.0,
    ScrollableState, AlwaysScrollableScrollPhysics -> ClampingScrollPhysics ->
    RangeMaintainingScrollPhysics, IdleScrollActivity#c721c, ScrollDirection.idle)
  anchor: 0.0
This RenderObject had the following descendants (showing up to depth 5):
    center child: RenderSliverPadding#8d4bc relayoutBoundary=up1 NEEDS-PAINT
      child: RenderSliverList#6fd01 relayoutBoundary=up2 NEEDS-PAINT
        child with index 0: RenderIndexedSemantics#eea2e relayoutBoundary=up3 NEEDS-PAINT
          child: RenderRepaintBoundary#ac605 relayoutBoundary=up4 NEEDS-PAINT
            child: _RenderLayoutBuilder#1de4e relayoutBoundary=up5 NEEDS-PAINT
        child with index 1: RenderIndexedSemantics#9ac59 relayoutBoundary=up3 NEEDS-PAINT
          child: RenderRepaintBoundary#46261 relayoutBoundary=up4 NEEDS-PAINT
            child: RenderConstrainedBox#870b0 relayoutBoundary=up5 NEEDS-PAINT
        child with index 2: RenderIndexedSemantics#cd27a relayoutBoundary=up3 NEEDS-PAINT
          child: RenderRepaintBoundary#10589 relayoutBoundary=up4 NEEDS-PAINT
            child: _RenderLayoutBuilder#e3ced relayoutBoundary=up5 NEEDS-PAINT NEEDS-COMPOSITING-BITS-UPDATE
        child with index 3: RenderIndexedSemantics#19c5e relayoutBoundary=up3 NEEDS-PAINT
          child: RenderRepaintBoundary#7f043 relayoutBoundary=up4 NEEDS-PAINT
            child: RenderConstrainedBox#9a043 relayoutBoundary=up5 NEEDS-PAINT
        child with index 4: RenderIndexedSemantics#3ab46 relayoutBoundary=up3 NEEDS-PAINT
          child: RenderRepaintBoundary#11d0f relayoutBoundary=up4 NEEDS-PAINT
            child: RenderFlex#f674a relayoutBoundary=up5 NEEDS-PAINT
════════════════════════════════════════════════════════════════════════════════════════════════════
══╡ EXCEPTION CAUGHT BY RENDERING LIBRARY ╞═════════════════════════════════════════════════════════
The following _TypeError was thrown during paint():
Null check operator used on a null value

The relevant error-causing widget was:
  ListView
  ListView:file:///C:/Users/adrie/Documents/Coelo.worktrees/e2-r02-d04-acessos/apps/superadmin/lib/features/safety/presentation/safety_pages.dart:132:17

When the exception was thrown, this was the stack:
#0      RenderViewportBase._paintContents (package:flutter/src/rendering/viewport.dart:998:25)
#1      RenderViewportBase.paint (package:flutter/src/rendering/viewport.dart:984:7)
#2      RenderObject._paintWithContext (package:flutter/src/rendering/object.dart:3568:7)
#3      PaintingContext._repaintCompositedChild (package:flutter/src/rendering/object.dart:180:11)
#4      PaintingContext.repaintCompositedChild (package:flutter/src/rendering/object.dart:125:5)
#5      PipelineOwner.flushPaint (package:flutter/src/rendering/object.dart:1325:31)
#6      PipelineOwner.flushPaint (package:flutter/src/rendering/object.dart:1335:15)
#7      AutomatedTestWidgetsFlutterBinding.drawFrame (package:flutter_test/src/binding.dart:2437:31)
#8      RendererBinding._handlePersistentFrameCallback (package:flutter/src/rendering/binding.dart:509:5)
#9      SchedulerBinding._invokeFrameCallback (package:flutter/src/scheduler/binding.dart:1430:15)
#10     SchedulerBinding.handleDrawFrame (package:flutter/src/scheduler/binding.dart:1345:9)
#11     AutomatedTestWidgetsFlutterBinding.pump.<anonymous closure> (package:flutter_test/src/binding.dart:2260:9)
#14     TestAsyncUtils.guard (package:flutter_test/src/test_async_utils.dart:74:41)
#15     AutomatedTestWidgetsFlutterBinding.pump (package:flutter_test/src/binding.dart:2249:27)
#16     WidgetTester.pumpAndSettle.<anonymous closure> (package:flutter_test/src/widget_tester.dart:719:23)
#19     TestAsyncUtils.guard (package:flutter_test/src/test_async_utils.dart:74:41)
#20     WidgetTester.pumpAndSettle (package:flutter_test/src/widget_tester.dart:712:27)
#21     main.<anonymous closure> (file:///C:/Users/adrie/Documents/Coelo.worktrees/e2-r02-d04-acessos/apps/superadmin/test/features/safety/presentation/safety_pages_test.dart:492:18)
<asynchronous suspension>
#22     testWidgets.<anonymous closure>.<anonymous closure> (package:flutter_test/src/widget_tester.dart:192:15)
<asynchronous suspension>
#23     TestWidgetsFlutterBinding._runTestBody (package:flutter_test/src/binding.dart:1952:5)
<asynchronous suspension>
<asynchronous suspension>
(elided 5 frames from dart:async and package:stack_trace)

The following RenderObject was being processed when the exception was fired: RenderViewport#80242:
  needs compositing
  creator: Viewport ← IgnorePointer-[GlobalKey#9d023] ← Semantics ← Listener ← _GestureSemantics ←
    RawGestureDetector-[LabeledGlobalKey<RawGestureDetectorState>#6e8e8] ← Listener ← _ScrollableScope
    ← _ScrollSemantics-[GlobalKey#c3cfb] ← NotificationListener<ScrollMetricsNotification> ← Transform
    ← StretchEffect ← ⋯
  parentData: <none> (can use size)
  constraints: BoxConstraints(w=1144.0, h=887.0)
  layer: OffsetLayer#b2eb2
  size: Size(1144.0, 887.0)
  axisDirection: down
  crossAxisDirection: right
  offset: ScrollPositionWithSingleContext#e7581(offset: 0.0, range: null..null, viewport: 887.0,
    ScrollableState, AlwaysScrollableScrollPhysics -> ClampingScrollPhysics ->
    RangeMaintainingScrollPhysics, IdleScrollActivity#c721c, ScrollDirection.idle)
  anchor: 0.0
This RenderObject had the following descendants (showing up to depth 5):
    center child: RenderSliverPadding#8d4bc relayoutBoundary=up1 NEEDS-PAINT
      child: RenderSliverList#6fd01 relayoutBoundary=up2 NEEDS-PAINT
        child with index 0: RenderIndexedSemantics#eea2e relayoutBoundary=up3 NEEDS-PAINT
          child: RenderRepaintBoundary#ac605 relayoutBoundary=up4 NEEDS-PAINT
            child: _RenderLayoutBuilder#1de4e relayoutBoundary=up5 NEEDS-PAINT
        child with index 1: RenderIndexedSemantics#9ac59 relayoutBoundary=up3 NEEDS-PAINT
          child: RenderRepaintBoundary#46261 relayoutBoundary=up4 NEEDS-PAINT
            child: RenderConstrainedBox#870b0 relayoutBoundary=up5 NEEDS-PAINT
        child with index 2: RenderIndexedSemantics#cd27a relayoutBoundary=up3 NEEDS-PAINT
          child: RenderRepaintBoundary#10589 relayoutBoundary=up4 NEEDS-PAINT
            child: _RenderLayoutBuilder#e3ced relayoutBoundary=up5 NEEDS-PAINT
        child with index 3: RenderIndexedSemantics#19c5e relayoutBoundary=up3 NEEDS-PAINT
          child: RenderRepaintBoundary#7f043 relayoutBoundary=up4 NEEDS-PAINT
            child: RenderConstrainedBox#9a043 relayoutBoundary=up5 NEEDS-PAINT
        child with index 4: RenderIndexedSemantics#3ab46 relayoutBoundary=up3 NEEDS-PAINT
          child: RenderRepaintBoundary#11d0f relayoutBoundary=up4 NEEDS-PAINT
            child: RenderFlex#f674a relayoutBoundary=up5 NEEDS-PAINT
════════════════════════════════════════════════════════════════════════════════════════════════════
══╡ EXCEPTION CAUGHT BY SCHEDULER LIBRARY ╞═════════════════════════════════════════════════════════
The following assertion was thrown during a scheduler callback:
'package:flutter/src/rendering/object.dart': Failed assertion: line 5705 pos 14:
'!semantics.parentDataDirty': is not true.

When the exception was thrown, this was the stack:
#2      _RenderObjectSemantics.debugCheckForParentData.debugCheckParentDataNotDirty (package:flutter/src/rendering/object.dart:5705:14)
#3      List.forEach (dart:core-patch/growable_array.dart:428:8)
#4      _RenderObjectSemantics.debugCheckForParentData.debugCheckParentDataNotDirty (package:flutter/src/rendering/object.dart:5706:42)
#5      List.forEach (dart:core-patch/growable_array.dart:428:8)
#6      _RenderObjectSemantics.debugCheckForParentData.debugCheckParentDataNotDirty (package:flutter/src/rendering/object.dart:5706:42)
#7      List.forEach (dart:core-patch/growable_array.dart:428:8)
#8      _RenderObjectSemantics.debugCheckForParentData.debugCheckParentDataNotDirty (package:flutter/src/rendering/object.dart:5706:42)
#9      List.forEach (dart:core-patch/growable_array.dart:428:8)
#10     _RenderObjectSemantics.debugCheckForParentData.debugCheckParentDataNotDirty (package:flutter/src/rendering/object.dart:5706:42)
#11     List.forEach (dart:core-patch/growable_array.dart:428:8)
#12     _RenderObjectSemantics.debugCheckForParentData.debugCheckParentDataNotDirty (package:flutter/src/rendering/object.dart:5706:42)
#13     List.forEach (dart:core-patch/growable_array.dart:428:8)
#14     _RenderObjectSemantics.debugCheckForParentData.debugCheckParentDataNotDirty (package:flutter/src/rendering/object.dart:5706:42)
#15     List.forEach (dart:core-patch/growable_array.dart:428:8)
#16     _RenderObjectSemantics.debugCheckForParentData.debugCheckParentDataNotDirty (package:flutter/src/rendering/object.dart:5706:42)
#17     List.forEach (dart:core-patch/growable_array.dart:428:8)
#18     _RenderObjectSemantics.debugCheckForParentData.debugCheckParentDataNotDirty (package:flutter/src/rendering/object.dart:5706:42)
#19     List.forEach (dart:core-patch/growable_array.dart:428:8)
#20     _RenderObjectSemantics.debugCheckForParentData.debugCheckParentDataNotDirty (package:flutter/src/rendering/object.dart:5706:42)
#21     List.forEach (dart:core-patch/growable_array.dart:428:8)
#22     _RenderObjectSemantics.debugCheckForParentData.debugCheckParentDataNotDirty (package:flutter/src/rendering/object.dart:5706:42)
#23     List.forEach (dart:core-patch/growable_array.dart:428:8)
#24     _RenderObjectSemantics.debugCheckForParentData.debugCheckParentDataNotDirty (package:flutter/src/rendering/object.dart:5706:42)
#25     List.forEach (dart:core-patch/growable_array.dart:428:8)
#26     _RenderObjectSemantics.debugCheckForParentData.debugCheckParentDataNotDirty (package:flutter/src/rendering/object.dart:5706:42)
#27     List.forEach (dart:core-patch/growable_array.dart:428:8)
#28     _RenderObjectSemantics.debugCheckForParentData.debugCheckParentDataNotDirty (package:flutter/src/rendering/object.dart:5706:42)
#29     List.forEach (dart:core-patch/growable_array.dart:428:8)
#30     _RenderObjectSemantics.debugCheckForParentData.debugCheckParentDataNotDirty (package:flutter/src/rendering/object.dart:5706:42)
#31     List.forEach (dart:core-patch/growable_array.dart:428:8)
#32     _RenderObjectSemantics.debugCheckForParentData.debugCheckParentDataNotDirty (package:flutter/src/rendering/object.dart:5706:42)
#33     List.forEach (dart:core-patch/growable_array.dart:428:8)
#34     _RenderObjectSemantics.debugCheckForParentData.debugCheckParentDataNotDirty (package:flutter/src/rendering/object.dart:5706:42)
#35     List.forEach (dart:core-patch/growable_array.dart:428:8)
#36     _RenderObjectSemantics.debugCheckForParentData.debugCheckParentDataNotDirty (package:flutter/src/rendering/object.dart:5706:42)
#37     List.forEach (dart:core-patch/growable_array.dart:428:8)
#38     _RenderObjectSemantics.debugCheckForParentData.debugCheckParentDataNotDirty (package:flutter/src/rendering/object.dart:5706:42)
#39     List.forEach (dart:core-patch/growable_array.dart:428:8)
#40     _RenderObjectSemantics.debugCheckForParentData.debugCheckParentDataNotDirty (package:flutter/src/rendering/object.dart:5706:42)
#41     List.forEach (dart:core-patch/growable_array.dart:428:8)
#42     _RenderObjectSemantics.debugCheckForParentData.debugCheckParentDataNotDirty (package:flutter/src/rendering/object.dart:5706:42)
#43     List.forEach (dart:core-patch/growable_array.dart:428:8)
#44     _RenderObjectSemantics.debugCheckForParentData.debugCheckParentDataNotDirty (package:flutter/src/rendering/object.dart:5706:42)
#45     List.forEach (dart:core-patch/growable_array.dart:428:8)
#46     _RenderObjectSemantics.debugCheckForParentData.debugCheckParentDataNotDirty (package:flutter/src/rendering/object.dart:5706:42)
#47     List.forEach (dart:core-patch/growable_array.dart:428:8)
#48     _RenderObjectSemantics.debugCheckForParentData.debugCheckParentDataNotDirty (package:flutter/src/rendering/object.dart:5706:42)
#49     List.forEach (dart:core-patch/growable_array.dart:428:8)
#50     _RenderObjectSemantics.debugCheckForParentData.debugCheckParentDataNotDirty (package:flutter/src/rendering/object.dart:5706:42)
#51     List.forEach (dart:core-patch/growable_array.dart:428:8)
#52     _RenderObjectSemantics.debugCheckForParentData.debugCheckParentDataNotDirty (package:flutter/src/rendering/object.dart:5706:42)
#53     List.forEach (dart:core-patch/growable_array.dart:428:8)
#54     _RenderObjectSemantics.debugCheckForParentData.debugCheckParentDataNotDirty (package:flutter/src/rendering/object.dart:5706:42)
#55     List.forEach (dart:core-patch/growable_array.dart:428:8)
#56     _RenderObjectSemantics.debugCheckForParentData.debugCheckParentDataNotDirty (package:flutter/src/rendering/object.dart:5706:42)
#57     List.forEach (dart:core-patch/growable_array.dart:428:8)
#58     _RenderObjectSemantics.debugCheckForParentData.debugCheckParentDataNotDirty (package:flutter/src/rendering/object.dart:5706:42)
#59     List.forEach (dart:core-patch/growable_array.dart:428:8)
#60     _RenderObjectSemantics.debugCheckForParentData.debugCheckParentDataNotDirty (package:flutter/src/rendering/object.dart:5706:42)
#61     List.forEach (dart:core-patch/growable_array.dart:428:8)
#62     _RenderObjectSemantics.debugCheckForParentData.debugCheckParentDataNotDirty (package:flutter/src/rendering/object.dart:5706:42)
#63     List.forEach (dart:core-patch/growable_array.dart:428:8)
#64     _RenderObjectSemantics.debugCheckForParentData.debugCheckParentDataNotDirty (package:flutter/src/rendering/object.dart:5706:42)
#65     List.forEach (dart:core-patch/growable_array.dart:428:8)
#66     _RenderObjectSemantics.debugCheckForParentData.debugCheckParentDataNotDirty (package:flutter/src/rendering/object.dart:5706:42)
#67     List.forEach (dart:core-patch/growable_array.dart:428:8)
#68     _RenderObjectSemantics.debugCheckForParentData.debugCheckParentDataNotDirty (package:flutter/src/rendering/object.dart:5706:42)
#69     List.forEach (dart:core-patch/growable_array.dart:428:8)
#70     _RenderObjectSemantics.debugCheckForParentData.debugCheckParentDataNotDirty (package:flutter/src/rendering/object.dart:5706:42)
#71     List.forEach (dart:core-patch/growable_array.dart:428:8)
#72     _RenderObjectSemantics.debugCheckForParentData.debugCheckParentDataNotDirty (package:flutter/src/rendering/object.dart:5706:42)
#73     List.forEach (dart:core-patch/growable_array.dart:428:8)
#74     _RenderObjectSemantics.debugCheckForParentData.debugCheckParentDataNotDirty (package:flutter/src/rendering/object.dart:5706:42)
#75     List.forEach (dart:core-patch/growable_array.dart:428:8)
#76     _RenderObjectSemantics.debugCheckForParentData.debugCheckParentDataNotDirty (package:flutter/src/rendering/object.dart:5706:42)
#77     List.forEach (dart:core-patch/growable_array.dart:428:8)
#78     _RenderObjectSemantics.debugCheckForParentData.debugCheckParentDataNotDirty (package:flutter/src/rendering/object.dart:5706:42)
#79     List.forEach (dart:core-patch/growable_array.dart:428:8)
#80     _RenderObjectSemantics.debugCheckForParentData.debugCheckParentDataNotDirty (package:flutter/src/rendering/object.dart:5706:42)
#81     List.forEach (dart:core-patch/growable_array.dart:428:8)
#82     _RenderObjectSemantics.debugCheckForParentData.debugCheckParentDataNotDirty (package:flutter/src/rendering/object.dart:5706:42)
#83     List.forEach (dart:core-patch/growable_array.dart:428:8)
#84     _RenderObjectSemantics.debugCheckForParentData.debugCheckParentDataNotDirty (package:flutter/src/rendering/object.dart:5706:42)
#85     List.forEach (dart:core-patch/growable_array.dart:428:8)
#86     _RenderObjectSemantics.debugCheckForParentData.debugCheckParentDataNotDirty (package:flutter/src/rendering/object.dart:5706:42)
#87     List.forEach (dart:core-patch/growable_array.dart:428:8)
#88     _RenderObjectSemantics.debugCheckForParentData.debugCheckParentDataNotDirty (package:flutter/src/rendering/object.dart:5706:42)
#89     List.forEach (dart:core-patch/growable_array.dart:428:8)
#90     _RenderObjectSemantics.debugCheckForParentData.debugCheckParentDataNotDirty (package:flutter/src/rendering/object.dart:5706:42)
#91     List.forEach (dart:core-patch/growable_array.dart:428:8)
#92     _RenderObjectSemantics.debugCheckForParentData.debugCheckParentDataNotDirty (package:flutter/src/rendering/object.dart:5706:42)
#93     List.forEach (dart:core-patch/growable_array.dart:428:8)
#94     _RenderObjectSemantics.debugCheckForParentData.debugCheckParentDataNotDirty (package:flutter/src/rendering/object.dart:5706:42)
#95     List.forEach (dart:core-patch/growable_array.dart:428:8)
#96     _RenderObjectSemantics.debugCheckForParentData.debugCheckParentDataNotDirty (package:flutter/src/rendering/object.dart:5706:42)
#97     List.forEach (dart:core-patch/growable_array.dart:428:8)
#98     _RenderObjectSemantics.debugCheckForParentData.debugCheckParentDataNotDirty (package:flutter/src/rendering/object.dart:5706:42)
#99     List.forEach (dart:core-patch/growable_array.dart:428:8)
#100    _RenderObjectSemantics.debugCheckForParentData.debugCheckParentDataNotDirty (package:flutter/src/rendering/object.dart:5706:42)
#101    _RenderObjectSemantics.debugCheckForParentData (package:flutter/src/rendering/object.dart:5709:5)
#102    PipelineOwner.flushSemantics.<anonymous closure> (package:flutter/src/rendering/object.dart:1498:34)
#103    PipelineOwner.flushSemantics (package:flutter/src/rendering/object.dart:1501:8)
#104    PipelineOwner.flushSemantics (package:flutter/src/rendering/object.dart:1653:15)
#105    AutomatedTestWidgetsFlutterBinding.drawFrame (package:flutter_test/src/binding.dart:2444:35)
#106    RendererBinding._handlePersistentFrameCallback (package:flutter/src/rendering/binding.dart:509:5)
#107    SchedulerBinding._invokeFrameCallback (package:flutter/src/scheduler/binding.dart:1430:15)
#108    SchedulerBinding.handleDrawFrame (package:flutter/src/scheduler/binding.dart:1345:9)
#109    AutomatedTestWidgetsFlutterBinding.pump.<anonymous closure> (package:flutter_test/src/binding.dart:2260:9)
#112    TestAsyncUtils.guard (package:flutter_test/src/test_async_utils.dart:74:41)
#113    AutomatedTestWidgetsFlutterBinding.pump (package:flutter_test/src/binding.dart:2249:27)
#114    WidgetTester.pumpAndSettle.<anonymous closure> (package:flutter_test/src/widget_tester.dart:719:23)
#117    TestAsyncUtils.guard (package:flutter_test/src/test_async_utils.dart:74:41)
#118    WidgetTester.pumpAndSettle (package:flutter_test/src/widget_tester.dart:712:27)
#119    main.<anonymous closure> (file:///C:/Users/adrie/Documents/Coelo.worktrees/e2-r02-d04-acessos/apps/superadmin/test/features/safety/presentation/safety_pages_test.dart:492:18)
<asynchronous suspension>
#120    testWidgets.<anonymous closure>.<anonymous closure> (package:flutter_test/src/widget_tester.dart:192:15)
<asynchronous suspension>
#121    TestWidgetsFlutterBinding._runTestBody (package:flutter_test/src/binding.dart:1952:5)
<asynchronous suspension>
<asynchronous suspension>
(elided 7 frames from class _AssertionError, dart:async, and package:stack_trace)
════════════════════════════════════════════════════════════════════════════════════════════════════
══╡ EXCEPTION CAUGHT BY FLUTTER TEST FRAMEWORK ╞════════════════════════════════════════════════════
The following _TypeError was thrown running a test:
Null check operator used on a null value

When the exception was thrown, this was the stack:
#0      _ViewportElement.debugVisitOnstageChildren.<anonymous closure> (package:flutter/src/widgets/viewport.dart:355:39)
#1      WhereIterator.moveNext (dart:_internal/iterable.dart:468:13)
#2      Iterable.forEach (dart:core/iterable.dart:366:23)
#3      _ViewportElement.debugVisitOnstageChildren (package:flutter/src/widgets/viewport.dart:357:10)
#4      _DepthFirstElementTreeIterator._collectChildren (package:flutter_test/src/tree_traversal.dart:131:12)
#5      _DepthFirstTreeIterator.moveNext (package:flutter_test/src/tree_traversal.dart:77:16)
#6      CachingIterable._fillNext (package:flutter/src/foundation/basic_types.dart:208:27)
#7      _LazyListIterator.moveNext (package:flutter/src/foundation/basic_types.dart:238:21)
#8      WhereIterator.moveNext (dart:_internal/iterable.dart:467:22)
#9      CachingIterable._fillNext (package:flutter/src/foundation/basic_types.dart:208:27)
#10     _LazyListIterator.moveNext (package:flutter/src/foundation/basic_types.dart:238:21)
#11     Iterable.length (dart:core/iterable.dart:544:15)
#12     MatchesGoldenFile.matchAsync (package:flutter_test/src/_matchers_io.dart:97:27)
#13     _expect (package:matcher/src/expect/expect.dart:137:26)
#14     expectLater (package:matcher/src/expect/expect.dart:91:7)
#15     expectLater (package:flutter_test/src/widget_tester.dart:507:8)
#16     main.<anonymous closure> (file:///C:/Users/adrie/Documents/Coelo.worktrees/e2-r02-d04-acessos/apps/superadmin/test/features/safety/presentation/safety_pages_test.dart:493:11)
<asynchronous suspension>
#17     testWidgets.<anonymous closure>.<anonymous closure> (package:flutter_test/src/widget_tester.dart:192:15)
<asynchronous suspension>
#18     TestWidgetsFlutterBinding._runTestBody (package:flutter_test/src/binding.dart:1952:5)
<asynchronous suspension>
<asynchronous suspension>
(elided one frame from package:stack_trace)

The test description was:
  directory golden matches approved institution-card anatomy
════════════════════════════════════════════════════════════════════════════════════════════════════
══╡ EXCEPTION CAUGHT BY FLUTTER TEST FRAMEWORK ╞════════════════════════════════════════════════════
The following message was thrown:
Multiple exceptions (21) were detected during the running of the current test, and at least one was
unexpected.
════════════════════════════════════════════════════════════════════════════════════════════════════
00:03 +0 -2: directory golden matches approved institution-card anatomy [E]
  Test failed. See exception logs above.
  The test description was: directory golden matches approved institution-card anatomy
  
00:03 +0 -2: Some tests failed.

Failing tests:
  C:/Users/adrie/Documents/Coelo.worktrees/e2-r02-d04-acessos/apps/superadmin/test/features/safety/presentation/safety_pages_test.dart: directory golden matches approved institution-card anatomy
  C:/Users/adrie/Documents/Coelo.worktrees/e2-r02-d04-acessos/apps/superadmin/test/features/safety/presentation/safety_pages_test.dart: directory stays responsive in light and dark at 200 percent text
